stock1,stock2,pvalue_1on2,hr_1on2,pvalue_2on1,hr_2on1,pvalue_1on2_adj,pvalue_2on1_adj,cointegrated
2059.TW,2301.TW,0.4398920362686558,29.697057494965637,0.0801387626136092,0.023992531100116763,0.7327324220982868,0.4634481424092256,False
2059.TW,2303.TW,0.0358133146615194,30.39090206926077,0.15537790134732704,0.02480891006620218,0.34399657865144706,0.5668107069759519,False
2059.TW,2308.TW,0.8653288757040811,1.491887143052312,0.6757644156850455,0.3962363088609008,0.945934853166927,0.8423158013973582,False
2059.TW,2313.TW,0.9670580781600365,7.995807708154684,0.6752377042619342,0.04324392326670611,0.9917834064320024,0.8422660226667034,False
2059.TW,2317.TW,0.3996675910230294,31.065353525272457,0.11195514055972733,0.020167221283052594,0.7159011219728361,0.5219334869961822,False
2059.TW,2327.TW,0.00659897433141124,4.5828421598991955,0.05927314458424979,0.18318819507861123,0.1632862485725944,0.42221616796527073,False
2059.TW,2330.TW,0.8338145871931884,1.9742657883590615,0.6886894915519943,0.28776252912998446,0.9288359422167622,0.8500761241430649,False
2059.TW,2337.TW,0.7821391602508103,12.761437887278504,0.7172431560522697,0.03305993039780477,0.9004874188875165,0.8639396807995642,False
2059.TW,2344.TW,0.28213669734080926,17.018355234858472,0.7159581677674554,0.03583830084045925,0.6364525356267584,0.8630432294236093,False
2059.TW,2345.TW,0.8962043264735536,1.4757262690275637,0.7294436297306586,0.4075610805157416,0.9613021503119777,0.8720539573409222,False
2059.TW,2356.TW,0.03032053290163527,110.50624198914923,0.0008335904070004281,0.005984014791649444,0.3258691616903023,0.05430246079888503,False
2059.TW,2357.TW,0.825332771430456,7.840892619156053,0.1854359305848856,0.040342751784282135,0.9254072645236835,0.584315390352374,False
2059.TW,2360.TW,0.8322810477007792,1.1911540673993786,0.6720229641711111,0.45749103072094216,0.9282463676662779,0.8402261267662305,False
2059.TW,2368.TW,0.9543722550405458,2.19492760527348,0.7682127419092941,0.2361208301609455,0.9880053478676941,0.8929843671429231,False
2059.TW,2376.TW,0.4760118679509395,20.253682288521365,0.13372639650347196,0.02136692006754727,0.7516431731688717,0.5479263315057356,False
2059.TW,2379.TW,0.0576082091521954,12.550229694565083,0.1377634519964822,0.044332587405449556,0.4196975073458233,0.5538298976987043,False
2059.TW,2382.TW,0.002138356187523713,29.638286088900415,0.0004874927445027772,0.02300853217329082,0.0841000191841422,0.04715384365008682,False
2059.TW,2383.TW,0.5854178616232057,0.5937826202266565,0.6520964677637102,1.0695708799763899,0.7909837517549271,0.8273020370038804,False
2059.TW,2395.TW,0.46355471211024085,12.836547542635367,0.23003484178189182,0.043107876285417734,0.7478503120713192,0.6063346118644085,False
2059.TW,2404.TW,0.39877843500246735,4.746962552248048,0.0517134698508841,0.08955920821682004,0.7151127890606043,0.40065387321364576,False
2059.TW,2408.TW,0.6035457365580771,7.3946789213953785,0.6615257116579623,0.07811654052519264,0.7976016858757216,0.8352808827579967,False
2059.TW,2449.TW,0.9162152066887526,9.449120579181795,0.47483302870261884,0.0365818262549244,0.9700029650913758,0.7516431731688717,False
2059.TW,2454.TW,0.3538879960814089,0.9285933244195025,0.15652614585883629,0.7632040442699165,0.6913160853683338,0.5668107069759519,False
2059.TW,2492.TW,0.006423994524596928,8.748013900397586,0.04282705432773578,0.0920278416152539,0.1632862485725944,0.3635743548248208,False
2059.TW,3008.TW,0.04483389125702857,1.415524102902855,0.13629014390741767,0.5152401830999438,0.37268172107405,0.5506811890537686,False
2059.TW,3017.TW,0.9127162737402266,1.248107530948068,0.4858552853855406,0.3905950794289048,0.9680128044708693,0.7549953060504379,False
2059.TW,3034.TW,0.686032050419859,8.668799515438462,0.12829337863336604,0.01526958397313836,0.8483552689676475,0.5450194658850359,False
2059.TW,3036.TW,0.8855254509389918,13.574136476772239,0.2600192578054181,0.028205706272438832,0.9553378152187396,0.628410955408749,False
2059.TW,3037.TW,0.5260721260968008,2.7520570126964192,0.42508222702689286,0.2089483477425803,0.7673705122206659,0.7282852850705274,False
2059.TW,3044.TW,0.8122783190454199,11.511052127340488,0.4442381915136077,0.05954357918845288,0.9178026174842409,0.7344797185826081,False
2059.TW,3081.TWO,0.9020862970022501,0.8588336451542811,0.36482439044200404,0.4680930963320436,0.9639895652098014,0.6994110836581844,False
2059.TW,3105.TWO,0.9303910809397575,4.326618414009831,0.7409958987686815,0.09988271444023891,0.9785200429521272,0.8796053956376466,False
2059.TW,3189.TW,0.14158611259077558,4.399576467593458,0.20308579427371565,0.14890545453891504,0.5602656262940361,0.5952239519829529,False
2059.TW,3231.TW,0.097447124765001,54.509245713961946,0.03282893715796909,0.009208563488795467,0.4929496390647911,0.3387829266712026,False
2059.TW,3443.TW,0.7502549180597331,0.6841409802770726,0.5437939208529757,0.8906839686573572,0.8850013667578226,0.7768053499858808,False
2059.TW,3481.TW,0.04158645390136421,68.07913835187833,0.1267934657077031,0.010398199360814661,0.3607172849270504,0.5450194658850359,False
2059.TW,3533.TW,0.8735089459396297,1.3716945392102258,0.5819180718759956,0.25571628350584275,0.9492707984233664,0.7907934411661053,False
2059.TW,3653.TW,0.9488599563399377,0.5993283660495337,0.4496519954500574,0.46445589949727967,0.9872403281083781,0.739839778080713,False
2059.TW,3661.TW,0.9647047764828209,1.144036055912469,0.19475487595245766,0.25566377586705064,0.9910967642527082,0.5881983705276461,False
2059.TW,3665.TW,0.9040969990908988,1.3404929288549725,0.5296447784058397,0.3082942183462819,0.9643393301275941,0.7684830285243445,False
2059.TW,3711.TW,0.5052711688328989,5.784164606749188,0.583844147120623,0.11010626346764082,0.7618448610838986,0.7909837517549271,False
2059.TW,4938.TW,0.37622559568580316,94.48412858901136,0.12268208120841162,0.003276075044746641,0.7052454256180722,0.5440439386473389,False
2059.TW,4958.TW,0.05436474336472786,6.962104309469147,0.058092471872575366,0.11058579866035376,0.40637494941964486,0.4204788440300693,False
2059.TW,5274.TWO,0.9124044513599202,0.18992044814401962,0.6821092361088891,2.9399797521006406,0.9680128044708693,0.8457318273315886,False
2059.TW,6139.TW,0.1566002236940221,5.382812425349442,0.14824219818758122,0.11450468001287202,0.5668107069759519,0.5642601108275301,False
2059.TW,6223.TWO,0.6691240385076203,0.5204551254217058,0.5998980768966078,1.2606254350701276,0.8398914396053181,0.7948836286649946,False
2059.TW,6239.TW,0.4014751511326569,12.77107229167207,0.18536913246613385,0.04422168960958637,0.7171285296113268,0.584315390352374,False
2059.TW,6274.TWO,0.43078050918722205,2.112967845604818,0.2943667911036896,0.35103356907798466,0.7293996897852223,0.6449348154523801,False
2059.TW,6415.TW,0.27094473980483696,6.055192402200835,0.3602792753736842,0.0719346074840777,0.6320609092976477,0.6967752562945214,False
2059.TW,6488.TWO,0.0031852894967031023,5.40526037413821,0.001125872963546379,0.14842943480486126,0.10932735562877745,0.062433317557080995,False
2059.TW,6515.TW,0.9121707693178067,0.2247746011060338,0.8051315772838374,1.9268991080126807,0.9680128044708693,0.9145625141527877,False
2059.TW,6669.TW,0.8196715450024854,1.0507302894452386,0.33694856634844983,0.565564255222061,0.9228894432620576,0.6806602835638146,False
2059.TW,6770.TW,0.7235959008788782,31.210477013871127,0.47461315974939833,0.012216270677061047,0.8672161966088122,0.7516431731688717,False
2059.TW,8046.TW,0.42647837729599586,3.0254209617485563,0.39714740596666354,0.18847537358209424,0.7282852850705274,0.7149622212449926,False
2059.TW,8069.TWO,0.9904680378767152,-2.3275320498092595,0.50729130890539,-0.0021075099709391924,0.9967295800266528,0.7630885287587205,False
2059.TW,8299.TWO,0.8741402031396245,1.0529106591437412,0.624226145643289,0.43720502900216607,0.9492707984233664,0.8112906583442095,False
2301.TW,2303.TW,0.024138839023249422,0.8104659311171587,0.397215261488878,0.8189100679829562,0.2940129004958609,0.7149622212449926,False
2301.TW,2308.TW,0.0683944496934899,0.046896935001420934,0.189914697564443,15.417008480405645,0.44224342744511946,0.5854110184833432,False
2301.TW,2313.TW,0.2291808274869538,0.262373795290779,0.5006274191312534,1.756388390148497,0.6063346118644085,0.7589318290757685,False
2301.TW,2317.TW,0.26784680405874894,0.9950284479360418,0.0967904416219888,0.7995444520528967,0.6301123004126558,0.4929496390647911,False
2301.TW,2327.TW,0.16769034968790303,0.11491630512646714,0.852274752923023,5.685669236906115,0.5699821811675664,0.9389844238013662,False
2301.TW,2330.TW,0.17010951866369384,0.06217406772355525,0.4530333611758237,11.21696222469192,0.5704687939769553,0.7431050816409195,False
2301.TW,2337.TW,0.11963134258137553,0.3965658727632162,0.41003787944598047,1.2716131625789613,0.5393548665533202,0.7218440953704399,False
2301.TW,2344.TW,0.06483388322395997,0.500652716710181,0.4054589129006675,1.3049797018941827,0.43465466917252454,0.7199895921508022,False
2301.TW,2345.TW,0.04398530231860369,0.043269931914566184,0.3043844435604187,14.791440199437282,0.3679292388646407,0.6548456613827827,False
2301.TW,2356.TW,0.07628344528252468,3.0993245117692108,0.17319424916673404,0.20773527666708885,0.4528087364031965,0.5711116150208834,False
2301.TW,2357.TW,0.4233202496613855,0.1707232949984372,0.24456386820867515,1.0872518352900575,0.7274255828548836,0.6185799265626712,False
2301.TW,2360.TW,0.09093791432981585,0.036291498775323214,0.30464902802355887,17.252693359749326,0.48493066520313344,0.6548456613827827,False
2301.TW,2368.TW,0.09668489781992845,0.06628593679096674,0.5052556044743854,8.826181472188658,0.4929496390647911,0.7618448610838986,False
2301.TW,2376.TW,0.3335380428128578,0.5109934947529654,0.5456250230528612,0.6672531872687271,0.679421463087838,0.7771903871202748,False
2301.TW,2379.TW,0.08334718802437246,0.2433381500974302,0.6789784080799894,1.063944466402973,0.47087473305096794,0.8434878040640394,False
2301.TW,2382.TW,0.014137345983473772,0.7986868769090811,0.013597924234092604,0.7674493630710106,0.22791115343054688,0.22784568755375081,False
2301.TW,2383.TW,0.0744547557744165,0.016665803952474176,0.456978896879726,37.15743361922438,0.44717406108355295,0.7447506559108571,False
2301.TW,2395.TW,0.09264656297036356,0.3452477941486264,0.6104869746831824,1.4350818110491972,0.48577332187852323,0.7999484495848596,False
2301.TW,2404.TW,0.212680741561802,0.12237662111848942,0.19085247052698934,2.8577895971441394,0.6020077449438604,0.5860003894332116,False
2301.TW,2408.TW,0.10472683889903883,0.22414801027477838,0.5918355653374558,2.930865722334884,0.5072656597355568,0.7916099866389914,False
2301.TW,2449.TW,0.24679713679363713,0.34021689814075834,0.25228299142873645,1.6302988633312017,0.6198310750871392,0.6257481890271236,False
2301.TW,2454.TW,0.10444341872493207,0.025593135146728736,0.5179616592620763,26.03610109563479,0.5066616908358407,0.7654322297984016,False
2301.TW,2492.TW,0.06941138504330545,0.2132745941009394,0.4882265773004994,2.7770663070681696,0.44224342744511946,0.7549953060504379,False
2301.TW,3008.TW,0.023295829112578707,0.032851236946915344,0.632169805840704,14.8006755082104,0.2871053533874565,0.813663717840132,False
2301.TW,3017.TW,0.1021022193093915,0.038462135936860174,0.22949657308232674,14.898601912333152,0.5019085811928344,0.6063346118644085,False
2301.TW,3034.TW,0.3222119271611945,0.12360920611248116,0.4739174857635363,0.2694985395956115,0.6692864283399467,0.7516431731688717,False
2301.TW,3036.TW,0.3494829475290049,0.45061296360488984,0.38653092536424877,1.158952943065799,0.6878431787251259,0.7071195568077194,False
2301.TW,3037.TW,0.07297294952621326,0.08088691629411512,0.4749380355363446,7.601462315861559,0.4464041616089124,0.7516431731688717,False
2301.TW,3044.TW,0.056956647535395456,0.3353361651329988,0.13386795330374734,2.147027776144365,0.41794395157007425,0.5479263315057356,False
2301.TW,3081.TWO,0.17759415978494214,0.02703762067194831,0.4652664707125789,18.240175404101223,0.5769651656931043,0.7485245725567893,False
2301.TW,3105.TWO,0.17632413071842784,0.13271931488052272,0.37744354851691375,3.792392041601599,0.5751333821659507,0.7052454256180722,False
2301.TW,3189.TW,0.03632475290445531,0.12353782544535112,0.8375570583295695,5.175318019613624,0.34399657865144706,0.9306410097347945,False
2301.TW,3231.TW,0.1525553838764897,1.6787538144802732,0.06027824413080664,0.3510314921483087,0.5668107069759519,0.4256817594370239,False
2301.TW,3443.TW,0.03600827092395373,0.02039079742868328,0.15264050583159805,32.858640699178736,0.34399657865144706,0.5668107069759519,False
2301.TW,3481.TW,0.09271654999986384,1.820467461395121,0.7992530165557308,0.344163146460029,0.48577332187852323,0.911473965289708,False
2301.TW,3533.TW,0.49039771018045136,0.043101377948602956,0.5188355084100822,9.945565509323867,0.7559026428769281,0.7663687842873589,False
2301.TW,3653.TW,0.21388430752366389,0.019583892059205132,0.20273428443365127,18.78520810259966,0.6020077449438604,0.5952239519829529,False
2301.TW,3661.TW,0.5673039258309377,0.030516826995045966,0.16966010258708442,8.441239364971675,0.7841277104462303,0.5704687939769553,False
2301.TW,3665.TW,0.2697581794188556,0.04107948878914702,0.2394864313292499,11.694003959371779,0.631744760605273,0.6148380614650159,False
2301.TW,3711.TW,0.06785278195612211,0.1706103041455168,0.38329970364138877,4.0198883562882,0.441742279505399,0.7052454256180722,False
2301.TW,4938.TW,0.22362349743534304,2.197054293912073,0.30173097051584147,0.09429162542855968,0.603314327504752,0.652848268675402,False
2301.TW,4958.TW,0.15859537475440816,0.18122689386166735,0.8687139010948837,3.5630247021329957,0.5668107069759519,0.9475212479030849,False
2301.TW,5274.TWO,0.057721555678200635,0.0056125842809107655,0.40786531607283216,107.54069577377209,0.4196975073458233,0.721289957853963,False
2301.TW,6139.TW,0.04206492042068244,0.15969765361098032,0.25956092020272714,4.204843919768933,0.36241304922507006,0.628410955408749,False
2301.TW,6223.TWO,0.02792860790031731,0.014836492536745587,0.14559072027476627,44.48067524066059,0.3117067007615834,0.5638729948376409,False
2301.TW,6239.TW,0.12497820042485569,0.40435392370924683,0.3123777617451771,1.7330336035257572,0.5450194658850359,0.6608568535919414,False
2301.TW,6274.TWO,0.1397320347928528,0.05823571743377588,0.6109977011521512,11.975193648377559,0.5593879925621575,0.8002891514475448,False
2301.TW,6415.TW,0.08186194655669349,0.1532561334685824,0.6265202859512008,2.253539364718764,0.46818522087234876,0.8120748449467547,False
2301.TW,6488.TWO,0.04753763074274028,0.15089748606213998,0.036574237566474814,5.12888277070924,0.3824303591183507,0.34399657865144706,False
2301.TW,6515.TW,0.15941267531664077,0.006842250446889185,0.3528996834686984,72.60191231534691,0.5668107069759519,0.6903985610452746,False
2301.TW,6669.TW,0.22323191634551598,0.03300819871306399,0.0738001703581258,21.991248193335192,0.603314327504752,0.4464041616089124,False
2301.TW,6770.TW,0.35042358904894644,1.081621646098779,0.6253167885885205,0.5240237418198584,0.6878431787251259,0.8117166283751758,False
2301.TW,8046.TW,0.07849448226878873,0.08758220912658041,0.5929314105401349,6.753393414234761,0.4612282488732073,0.7916406808892713,False
2301.TW,8069.TWO,0.4219298179316396,-0.11503358708289285,0.3833042573019711,-0.1289246568278541,0.7274255828548836,0.7052454256180722,False
2301.TW,8299.TWO,0.15982724708497248,0.03590634881247583,0.3435510998481298,18.454497550918788,0.5668107069759519,0.6845287832179966,False
2303.TW,2308.TW,0.9492471544798526,0.04705388429864533,0.6468082825953612,15.309100872563242,0.9872403281083781,0.8249473683663742,False
2303.TW,2313.TW,0.9827159751957216,0.29339147052045295,0.8179990670898811,1.9437756487804858,0.9952781123883246,0.9219819993470695,False
2303.TW,2317.TW,0.9249603641243089,0.7236761312227542,0.0889664215020548,0.575506082864866,0.974769138192821,0.4796973267475658,False
2303.TW,2327.TW,0.03462098365549977,0.1383451217751342,0.006894897241631992,6.774267473354749,0.3396173230894244,0.16547753379916783,False
2303.TW,2330.TW,0.8337861754503735,0.0637812661470071,0.41099551794472533,11.388267629301188,0.9288359422167622,0.7218440953704399,False
2303.TW,2337.TW,0.8748202392316626,0.4531957833898013,0.5931671300484821,1.438215916411424,0.9492707984233664,0.7916406808892713,False
2303.TW,2344.TW,0.7911636624856091,0.5432206437207676,0.5135716826828687,1.4013350938203089,0.9051592869727828,0.7647614970206067,False
2303.TW,2345.TW,0.9085551996971177,0.04771141442571804,0.5420445062183915,16.141544761458086,0.9661344574386306,0.775886748940957,False
2303.TW,2356.TW,0.008504065483843963,3.46833696492547,0.001487969652976627,0.23007161404863158,0.18096651349619955,0.07123220841316116,False
2303.TW,2357.TW,0.996162065964569,0.18813535930002173,0.3017816830090311,1.1857860733939685,0.9976251604397035,0.652848268675402,False
2303.TW,2360.TW,0.9634337575605324,0.03955299336107125,0.6849345991795414,18.609294491774598,0.9901096439578941,0.8482546108772143,False
2303.TW,2368.TW,0.9402183186066787,0.07195226102091082,0.5144998503497891,9.481879960736395,0.9843151436512032,0.7647614970206067,False
2303.TW,2376.TW,0.8613831960094964,0.5878040972814524,0.21990830156768432,0.7596375905160679,0.9439011421253503,0.603314327504752,False
2303.TW,2379.TW,0.23871701546671797,0.36708548354820897,0.10008739618817364,1.58845355722864,0.6148380614650159,0.500387754005545,False
2303.TW,2382.TW,0.0016902831374577504,0.8611465692891822,2.60573363408682e-05,0.8189338261004432,0.07392214820463497,0.014551405897622664,False
2303.TW,2383.TW,0.6639036240198921,0.01935977784322497,0.3754615305763541,42.718733082843826,0.8372897541965608,0.7049842385880719,False
2303.TW,2395.TW,0.8695678137473373,0.4299335789181078,0.255406901795209,1.7686653452776273,0.9476478188738479,0.6269855538150212,False
2303.TW,2404.TW,0.6502957376772093,0.13971635909551866,0.018730619037858505,3.2290710852713316,0.8273020370038804,0.2633838588935874,False
2303.TW,2408.TW,0.8817629412939909,0.23671458321179734,0.4296824640729332,3.0632652256982844,0.9534509853016324,0.7293996897852223,False
2303.TW,2449.TW,0.9937958959485622,0.303690974354762,0.41385711194008407,1.4402629306560264,0.9973369613847807,0.7233848910851711,False
2303.TW,2454.TW,0.42219548424159026,0.030339389918842215,0.22364354603449155,30.54624675216145,0.7274255828548836,0.603314327504752,False
2303.TW,2492.TW,0.007255920363904405,0.26441354723784716,0.0002725246901376174,3.4074491283011,0.16905764818673621,0.03221847447849166,False
2303.TW,3008.TW,0.3157705106081147,0.043898886620876536,0.02381949926710047,19.574102994174265,0.6652957428361652,0.2924301602330181,False
2303.TW,3017.TW,0.9567267634626873,0.039754315480812694,0.5490819602467116,15.240350335609365,0.9880053478676941,0.7774851657583627,False
2303.TW,3034.TW,0.984090149683288,0.3580208493030716,0.09429287217270677,0.7725248713564312,0.9955288534735516,0.4899546412645836,False
2303.TW,3036.TW,0.9065767108768423,0.48919459536957877,0.386567552202215,1.2452092100491559,0.9652411144492598,0.7071195568077194,False
2303.TW,3037.TW,0.8060215874819348,0.09413159286562992,0.5977162785919745,8.7549330376373,0.9145625141527877,0.7926507524992034,False
2303.TW,3044.TW,0.5842947926840325,0.3582684048021184,0.06196188259969254,2.270201114032326,0.7909837517549271,0.4281002797796939,False
2303.TW,3081.TWO,0.9449826932109479,0.03070519854620344,0.5116049068744769,20.500809144532234,0.9857466525259299,0.764535149671262,False
2303.TW,3105.TWO,0.9620330114859588,0.15186761596700601,0.6992397749679679,4.294798806805518,0.9896259660532325,0.8562183604706857,False
2303.TW,3189.TW,0.573761654315597,0.14671928350192998,0.48764905478746234,6.083070363277755,0.7869524456412881,0.7549953060504379,False
2303.TW,3231.TW,0.9174116911954366,1.3284975007791102,0.1035659867639665,0.2749276135998348,0.9702717638112688,0.5043089627062437,False
2303.TW,3443.TW,0.9133305325849954,0.022255189274254537,0.49216541206071956,35.49320590079837,0.9682334971807722,0.7563932901920979,False
2303.TW,3481.TW,0.16308348904367292,2.2388878691173115,0.18457918235805432,0.4189019083758452,0.5669379485449833,0.5837457490770517,False
2303.TW,3533.TW,0.9765325861293754,0.04876860337140808,0.5254306590910995,11.137230269153424,0.9942877240590005,0.7673705122206659,False
2303.TW,3653.TW,0.9809852241698888,0.018625586136122453,0.16869769206288276,17.681760566307027,0.9951023516355849,0.5699821811675664,False
2303.TW,3661.TW,0.983574470919029,0.03663351898537291,0.06664132728057752,10.028685950979993,0.9955288534735516,0.4414470406296032,False
2303.TW,3665.TW,0.9416100407624427,0.03907489664220832,0.4311610681055011,11.008663502943584,0.985368951852071,0.7293996897852223,False
2303.TW,3711.TW,0.7646624075875286,0.19056818084927596,0.5203860867389428,4.443832447223889,0.8911290270242391,0.7665308670377043,False
2303.TW,4938.TW,0.2409782147215685,3.331420031796187,0.011626059379234159,0.14150125075896708,0.6153619691129972,0.2089662410412493,False
2303.TW,4958.TW,0.48890203559093204,0.2158372581683345,0.3764655500687724,4.199727912975474,0.7549953060504379,0.7052454256180722,False
2303.TW,5274.TWO,0.9907414297143401,0.006414592478635354,0.8508033978028346,121.64033010155225,0.9967295800266528,0.9389844238013662,False
2303.TW,6139.TW,0.5653496534254083,0.16730681741649833,0.20505779977237448,4.359769566799239,0.7832448323497845,0.5952239519829529,False
2303.TW,6223.TWO,0.8807697926742817,0.016607398232260123,0.5548729999749519,49.27654862009028,0.9533459403921014,0.7777285183266024,False
2303.TW,6239.TW,0.714987545546061,0.432826026135407,0.26727075020062635,1.8359347510105062,0.8630432294236093,0.6301123004126558,False
2303.TW,6274.TWO,0.6977825184468229,0.06706838717509453,0.42716339248431956,13.6492733285678,0.8556749131318705,0.7283683487232628,False
2303.TW,6415.TW,0.8254529964625261,0.2281978429358028,0.38443829591962586,3.320912035334962,0.9254072645236835,0.7052454256180722,False
2303.TW,6488.TWO,0.3457199725470603,0.1624497195950142,0.1322106957741186,5.464598859260292,0.6853441871978431,0.5459463659909269,False
2303.TW,6515.TW,0.7501196213723798,0.00757151670252002,0.5059680635441478,79.51160701917158,0.8850013667578226,0.7624756521136156,False
2303.TW,6669.TW,0.8205553083962858,0.026449531270531297,0.14153485121631448,17.439923994072736,0.9235587251061157,0.5602656262940361,False
2303.TW,6770.TW,0.9735566087749521,1.09892158167089,0.5918470590656895,0.5269153485789949,0.9935707483468993,0.7916099866389914,False
2303.TW,8046.TW,0.43495674736523915,0.09916783320206217,0.25801848152405826,7.567902558765903,0.7314740015690061,0.628410955408749,False
2303.TW,8069.TWO,0.9974075912787976,-0.10514851805600889,0.42636400315363066,-0.11663073987060733,0.9980329251918251,0.7282852850705274,False
2303.TW,8299.TWO,0.9902464300628155,0.035548224969261286,0.7027541137407722,18.082041132792078,0.9967295800266528,0.8576814876064783,False
2308.TW,2313.TW,0.18241492671909165,6.48695416934722,0.20548936569712162,0.1320946651870687,0.581720246415947,0.5952239519829529,False
2308.TW,2317.TW,0.7917066455621813,13.740618236491635,0.16982891464908828,0.033585957862329534,0.9054559701305921,0.5704687939769553,False
2308.TW,2327.TW,0.42522826468534275,2.049260845222793,0.7098150012899679,0.3084192864157209,0.7282852850705274,0.8597999354534928,False
2308.TW,2330.TW,0.22583297643747496,1.3060915226541998,0.30659882277568407,0.7167767910375835,0.6036702206986374,0.6572622177971682,False
2308.TW,2337.TW,0.11200640306778975,9.536297506301747,0.2326564446609365,0.09301731886398748,0.5219334869961822,0.6093136992901628,False
2308.TW,2344.TW,0.17248445323679318,9.502065968102478,0.3645794215560758,0.07534068581113454,0.5708903152517372,0.6993614865426647,False
2308.TW,2345.TW,0.028267563082420184,0.9515713723577948,0.05017255386010993,0.9894867129298563,0.3132988241634904,0.39344246988549203,False
2308.TW,2356.TW,0.3796104959871937,51.328677932966684,0.4387999721121514,0.010465202315459951,0.7052454256180722,0.7322634660357938,False
2308.TW,2357.TW,0.704122700037897,2.074776592286769,0.41722266741770986,0.04019324343837345,0.858502543361714,0.7253675132883061,False
2308.TW,2360.TW,0.05316493171752175,0.8185662616490044,0.09238955499183721,1.1837232789921646,0.4029763788469192,0.48577332187852323,False
2308.TW,2368.TW,0.014565389797971751,1.5290292634464198,0.015104978962470055,0.6193150016937055,0.23130708574689465,0.23751277265125326,False
2308.TW,2376.TW,0.419289180686865,8.157394563888648,0.42055584178715183,0.03240194670356485,0.7258954776653802,0.7268002380224504,False
2308.TW,2379.TW,0.45776967008054564,3.997299716478918,0.8747126064119869,0.05316426564073197,0.7447506559108571,0.9492707984233664,False
2308.TW,2382.TW,0.15843988348905796,15.304105065307127,0.013632631226141872,0.04473273667770653,0.5668107069759519,0.22784568755375081,False
2308.TW,2383.TW,0.4140657546441729,0.3700017545724573,0.6982956152634976,2.509386596771794,0.7233848910851711,0.855975270322997,False
2308.TW,2395.TW,0.28064948295045844,6.885174392515795,0.5818592847754024,0.08705726936163583,0.6351087463755835,0.7907934411661053,False
2308.TW,2404.TW,0.5781503782337218,2.184662221244719,0.2435269548069633,0.15518882333025136,0.7896004393099056,0.6178447528508428,False
2308.TW,2408.TW,0.6657704100101892,4.252586069593875,0.8705494098234856,0.1691447390678994,0.838343223032847,0.9480701863379618,False
2308.TW,2449.TW,0.5309676918684262,6.952541607568564,0.31597379265025893,0.10134429135375714,0.7684830285243445,0.6652957428361652,False
2308.TW,2454.TW,0.22450907168831818,0.49272579480272904,0.8276402768650015,1.5247621632700163,0.603314327504752,0.9259274218139959,False
2308.TW,2492.TW,0.34304758088448617,3.6565805567941467,0.16579643187419063,0.1448326975148364,0.6841291730111788,0.5669379485449833,False
2308.TW,3008.TW,0.35682644692795473,0.5929118384563102,0.7694370924069546,0.8125765424803555,0.6940828876258571,0.8931066178047269,False
2308.TW,3017.TW,0.013538551548631355,0.89160098302108,0.011116402302194425,1.0505748618369801,0.22784568755375081,0.20750617630762927,False
2308.TW,3034.TW,0.47426242575890004,2.52174352666058,0.4854905852759735,0.016724412172642422,0.7516431731688717,0.7549953060504379,False
2308.TW,3036.TW,0.0010401242352749414,10.23305434752493,0.0003942477359069185,0.08005929293533,0.060365028345411145,0.04194795910049613,False
2308.TW,3037.TW,0.40133053848307926,1.8129924443339434,0.6275848721643689,0.5182737474851837,0.7171285296113268,0.8121700161704167,False
2308.TW,3044.TW,0.030034707006296072,6.798943885221801,0.02579173000673144,0.13241679583389654,0.32556418205607807,0.30379041395382567,False
2308.TW,3081.TWO,0.1459627490015888,0.6663239569255683,0.18954154963898373,1.367383440948156,0.5638729948376409,0.5854110184833432,False
2308.TW,3105.TWO,0.05939206080314224,3.2547006019551548,0.06953993077645622,0.28290100365933385,0.42221616796527073,0.44224342744511946,False
2308.TW,3189.TW,0.7670836375242645,2.652848141977216,0.9610468586403348,0.33806003208060376,0.8929294659240578,0.9895682492838545,False
2308.TW,3231.TW,0.6083682964121743,24.32303474794568,0.17540633249991494,0.015471099401804174,0.7998186460409389,0.5748429295069081,False
2308.TW,3443.TW,0.06192984748561646,0.427626162371317,0.06394052382318512,2.0961579259993375,0.4281002797796939,0.433329409859038,False
2308.TW,3481.TW,0.30702299323649895,35.11549808603927,0.7196441352588572,0.020194105656089225,0.6577297949066474,0.864844144353298,False
2308.TW,3533.TW,0.4168659802958948,1.0832104804490967,0.40845071204529315,0.7603184503665283,0.7253675132883061,0.721289957853963,False
2308.TW,3653.TW,0.26755438503066864,0.505996659751657,0.10283465291356947,1.476416881365399,0.6301123004126558,0.5019085811928344,False
2308.TW,3661.TW,0.5891189107318776,0.5598534517725783,0.14641126404675003,0.47107011016336847,0.7916099866389914,0.5638729948376409,False
2308.TW,3665.TW,0.20648246897259798,0.9830475256287468,0.09992701194634912,0.8512498905867829,0.5956302842884997,0.500387754005545,False
2308.TW,3711.TW,0.5695539263201257,3.6223416524364067,0.752543891945562,0.25962259876447824,0.7841277104462303,0.8855481939543894,False
2308.TW,4938.TW,0.24333738832337531,55.23106909922385,0.1858029924121642,0.0072104128387269805,0.6178447528508428,0.58464455473729,False
2308.TW,4958.TW,0.6458613055332401,3.648544342336775,0.9632479775092795,0.21820272188610285,0.8246495320409838,0.9901096439578941,False
2308.TW,5274.TWO,0.009068103670606772,0.12759154336140927,0.013860061609879536,7.436630538054669,0.18830862439467722,0.22784568755375081,False
2308.TW,6139.TW,0.5023708599525318,3.2416203939858894,0.6916800706191738,0.2596317789726693,0.760280268917805,0.8531077223401866,False
2308.TW,6223.TWO,0.0012891102150067609,0.32072752463091364,0.0029578955005226874,2.9249652442712413,0.0642943719734622,0.1026261134529176,False
2308.TW,6239.TW,0.15671126104574623,7.451155702989414,0.12000142527777535,0.09714340217585551,0.5668107069759519,0.5402602954677841,False
2308.TW,6274.TWO,0.5652438177813407,1.1752902969521435,0.8652612130817261,0.7351612612417651,0.7832448323497845,0.945934853166927,False
2308.TW,6415.TW,0.19663712359779467,3.3095109561839733,0.6138530116438444,0.1480319486126067,0.5893574634029677,0.8023939543613954,False
2308.TW,6488.TWO,0.5863096798284869,2.6784280863787187,0.8453900734092981,0.2769268764079751,0.7914038514291589,0.9359989990712727,False
2308.TW,6515.TW,0.1230575575511838,0.1683234583536323,0.15933062052235064,5.4329797651998195,0.5440439386473389,0.5668107069759519,False
2308.TW,6669.TW,0.4791475700221707,0.5542499859907293,0.20795847864520495,1.1232543115092177,0.7524995405581755,0.5977886785177128,False
2308.TW,6770.TW,0.3764882864367495,21.957826670105675,0.39003098188276525,0.03236005826958665,0.7052454256180722,0.7101990269080357,False
2308.TW,8046.TW,0.0849298417337142,2.0030523023892304,0.194230812036623,0.4698322159269177,0.47438581719707507,0.5881983705276461,False
2308.TW,8069.TWO,0.761897653231417,-6.764561218156853,0.526128376631833,-0.023061911515895712,0.8901820311547156,0.7673705122206659,False
2308.TW,8299.TWO,0.38080855080046316,0.7117703857972466,0.3817269767442099,1.112795198496037,0.7052454256180722,0.7052454256180722,False
2313.TW,2317.TW,0.7441168596012292,1.3243713237845538,0.1694796572899988,0.1589705896009612,0.881441550012575,0.5704687939769553,False
2313.TW,2327.TW,0.5462993879178738,0.25294264098990005,0.7842187575428168,1.8694845733686334,0.7771903871202748,0.9007651220139156,False
2313.TW,2330.TW,0.193296600608301,0.1803622516669156,0.24090101514707002,4.860842211735011,0.5876214785581768,0.6153619691129972,False
2313.TW,2337.TW,0.0001328206961432616,1.4095354258482204,0.00020277839027172615,0.6751737864280135,0.02413539962159338,0.02767777007254692,True
2313.TW,2344.TW,0.38393029006416846,1.3285625960527483,0.7088562412673785,0.5173078877912396,0.7052454256180722,0.8597999354534928,False
2313.TW,2345.TW,0.2759635379550005,0.12590054955040828,0.5140496968578515,6.429123609060903,0.6337345164348842,0.7647614970206067,False
2313.TW,2356.TW,0.5762409635637016,5.748951263584104,0.5172128514854893,0.05756145039331689,0.788678608796208,0.7650806630521041,False
2313.TW,2357.TW,0.8141088692965321,0.0735839714751491,0.27604749591261846,0.07000361843235588,0.9192202019082174,0.6337345164348842,False
2313.TW,2360.TW,0.27278947662031683,0.11239175443152497,0.34675336082149766,7.981533662791218,0.6328409133155194,0.68618956707817,False
2313.TW,2368.TW,0.11628492012428909,0.20899504666116708,0.12282412139993665,4.157070091625166,0.5340740504125623,0.5440439386473389,False
2313.TW,2376.TW,0.6824212133707054,0.6650082881745569,0.5491031711607416,0.129718597188895,0.8457318273315886,0.7774851657583627,False
2313.TW,2379.TW,0.6291174086180104,0.37871658927694546,0.9557790551094603,0.24735630631196964,0.812587947847297,0.9880053478676941,False
2313.TW,2382.TW,0.15141902256769696,1.81334107504889,0.2784195308545162,0.260287061340217,0.5668107069759519,0.6348475462705305,False
2313.TW,2383.TW,0.5016982308208819,0.04928437140686167,0.889863918086687,16.41453421080616,0.7600003188249519,0.9583576693570982,False
2313.TW,2395.TW,0.533266419763661,0.8482562423151907,0.7192980529329861,0.5267113919920627,0.7686294304333054,0.864844144353298,False
2313.TW,2404.TW,0.6234657417377981,0.27916576055057113,0.23986789767077044,0.973853981557631,0.8106324430252756,0.6148380614650159,False
2313.TW,2408.TW,0.6612142557331075,0.595176265120072,0.8615908858302126,1.1625363391399923,0.83521800724182,0.9439011421253503,False
2313.TW,2449.TW,0.6079210447476766,1.0158604048003994,0.3510261095971712,0.7271856130204828,0.7998186460409389,0.6878431787251259,False
2313.TW,2454.TW,0.6095563978139847,0.06045935577363599,0.11959091632487018,9.187891843322543,0.7998186460409389,0.5393548665533202,False
2313.TW,2492.TW,0.6930637058007401,0.44213382525485095,0.28088226828797147,0.8600045852240048,0.853426574945705,0.6351087463755835,False
2313.TW,3008.TW,0.6469748340764465,0.07187949987423797,0.9356134065750469,4.837653482966445,0.8249473683663742,0.9818832026568253,False
2313.TW,3017.TW,0.029640562814593763,0.1217701506531304,0.022863636051980767,7.04616584149397,0.32512947252296664,0.2828710320849714,False
2313.TW,3034.TW,0.6855575777033053,0.19518943172950579,0.6091371997441527,0.06357140331086106,0.8483478669747266,0.7998186460409389,False
2313.TW,3036.TW,0.03416870092378203,1.4898808125626983,0.02790663795687205,0.5724183505119154,0.3396173230894244,0.3117067007615834,False
2313.TW,3037.TW,0.5151119105871881,0.24730095955542136,0.7016207463517127,3.471719024013323,0.7647614970206067,0.8576172217470701,False
2313.TW,3044.TW,0.29488662108359764,0.8810526717269287,0.21123488074695784,0.8426729277711991,0.6449348154523801,0.601142543605498,False
2313.TW,3081.TWO,0.09100046004281859,0.09359384262918938,0.08698117069608513,9.432085254310426,0.48493066520313344,0.47743632374033007,False
2313.TW,3105.TWO,0.014270001038889044,0.46363653393636217,0.04234964516320524,1.9790494486322907,0.22889368500569765,0.36241304922507006,False
2313.TW,3189.TW,0.855947982665876,0.3571496452054131,0.9745463674293361,2.2350498417517395,0.9411498146550967,0.9935707483468993,False
2313.TW,3231.TW,0.5956257250598849,2.3056588314236217,0.07209830885965629,0.07202014850537011,0.7916406808892713,0.4464041616089124,False
2313.TW,3443.TW,0.1974842197825175,0.054940522747449524,0.19802856713049566,13.225377293270135,0.591341115896619,0.5919560452048968,False
2313.TW,3481.TW,0.6352811279390367,4.74779663520602,0.8968539485053477,0.1340829173765139,0.8163515943564432,0.9613021503119777,False
2313.TW,3533.TW,0.14354286347051087,0.14994745792353764,0.12540313799101355,5.16865250371223,0.5621948714084304,0.5450194658850359,False
2313.TW,3653.TW,0.019238905653900042,0.07179957046052596,0.002393694114811059,10.288184635171575,0.26584669630843694,0.08989025428796354,False
2313.TW,3661.TW,0.7351206944400861,0.05199602305636488,0.18242542815236934,2.1485074670336073,0.8769029654967255,0.581720246415947,False
2313.TW,3665.TW,0.3107681074525672,0.12883086177507785,0.2151969524831326,5.478453979283994,0.65964352778199,0.602023376271831,False
2313.TW,3711.TW,0.5327860094374607,0.4890227206612927,0.7512317120801035,1.7212251045180584,0.7684830285243445,0.8854991229540954,False
2313.TW,4938.TW,0.3810373588014476,7.090733909330151,0.12190238540679388,0.045459370842310276,0.7052454256180722,0.5440439386473389,False
2313.TW,4958.TW,0.8012234082661619,0.45254463136633427,0.9728578600139994,1.3290995264608232,0.9117665309039532,0.9935707483468993,False
2313.TW,5274.TWO,0.1565299770940381,0.017389224825485022,0.20326886640103414,49.77257258966537,0.5668107069759519,0.5952239519829529,False
2313.TW,6139.TW,0.5577132137999977,0.4310947122897729,0.7981200530864521,1.6956020785112558,0.7777285183266024,0.910622247647249,False
2313.TW,6223.TWO,0.53955688540524,0.043299265932667884,0.7533663636457645,19.391908908684947,0.7743999902039237,0.8857257579216502,False
2313.TW,6239.TW,0.4655158319987224,1.0217117384636187,0.5576425526838026,0.6541443653898225,0.7485245725567893,0.7777285183266024,False
2313.TW,6274.TWO,0.7028296439868511,0.14796314580025832,0.8235285459839581,4.545132735521516,0.8576814876064783,0.9245186373476021,False
2313.TW,6415.TW,0.47636559699569775,0.41696390732806277,0.8567622226524406,0.9158949149349335,0.7516431731688717,0.9411498146550967,False
2313.TW,6488.TWO,0.5511476978255656,0.31659297066189995,0.8593720893893968,1.6074665183634433,0.7774851657583627,0.9430816864034219,False
2313.TW,6515.TW,0.004265019785932962,0.023883786479219946,0.003969875118043136,37.85752110612738,0.124898561070624,0.12052637552579547,False
2313.TW,6669.TW,0.5968051037660347,0.06020256633897365,0.2679041333349993,5.991602034770798,0.7924300712234537,0.6301123004126558,False
2313.TW,6770.TW,0.3503682535397028,3.2884281629612113,0.37575444608577674,0.23799281865581562,0.6878431787251259,0.7051194543831859,False
2313.TW,8046.TW,0.6295826948277656,0.2719953675151773,0.8490304907335673,3.133051702330442,0.812587947847297,0.9383036536130214,False
2313.TW,8069.TWO,0.7285518902964265,-1.2999947230526243,0.4597575002641928,-0.217647062836172,0.8714356539223935,0.7459322996625399,False
2313.TW,8299.TWO,0.28686193086572764,0.10025542164558222,0.29362375800684526,7.6973059220801545,0.6387046244379315,0.6445990615941197,False
2317.TW,2327.TW,0.20431044926783964,0.0886696743898745,0.9949038216395876,5.459689371535624,0.5952239519829529,0.9973369613847807,False
2317.TW,2330.TW,0.16567463381914083,0.04497339299238904,0.8260127475289927,10.097515131100204,0.5669379485449833,0.9254589996885028,False
2317.TW,2337.TW,0.14637969418944835,0.2461933450780785,0.7904616715835615,0.9824464095181755,0.5638729948376409,0.9050284329205226,False
2317.TW,2344.TW,0.2034349136909499,0.38250082876040087,0.9248554158535357,1.2407733109499344,0.5952239519829529,0.974769138192821,False
2317.TW,2345.TW,0.12430360106130728,0.029394222199141208,0.7692463347307448,12.504867845046396,0.5450194658850359,0.8931066178047269,False
2317.TW,2356.TW,0.10239462982555303,2.437678887122279,0.400058956780327,0.20333520641873454,0.5019085811928344,0.7159011219728361,False
2317.TW,2357.TW,0.11958414092564634,0.14367617560019444,0.3175333640659801,1.1387149119631883,0.5393548665533202,0.6655065647397298,False
2317.TW,2360.TW,0.15072261608607157,0.024640264699084376,0.8745593716827708,14.57774172621787,0.5668107069759519,0.9492707984233664,False
2317.TW,2368.TW,0.12765122261658735,0.04530932060278907,0.731867032978597,7.50813179898223,0.5450194658850359,0.8742962459834138,False
2317.TW,2376.TW,0.09234527640745732,0.38987400658829546,0.536286254402223,0.6335668564861666,0.48577332187852323,0.7714248822565322,False
2317.TW,2379.TW,0.0810666225665514,0.16724768441586854,0.8524132769165398,0.9100426677701197,0.46752948750659945,0.9389844238013662,False
2317.TW,2382.TW,0.09317822697644873,0.6103162350488294,0.3556677828413137,0.7298287836217132,0.48577332187852323,0.6925630776877978,False
2317.TW,2383.TW,0.12223233574993364,0.011146465586526308,0.9005084366090795,30.92783393346312,0.5440439386473389,0.963278461681026,False
2317.TW,2395.TW,0.08771525395110535,0.2210555507935967,0.8276991423629282,1.1435102335109195,0.4786104113024415,0.9259274218139959,False
2317.TW,2404.TW,0.17238367059463244,0.10582046182332441,0.31262338625433317,3.0753484403695825,0.5708903152517372,0.6608568535919414,False
2317.TW,2408.TW,0.21071296707132797,0.17223895365189298,0.9065155350764854,2.802756028989532,0.6005319561532848,0.9652411144492598,False
2317.TW,2449.TW,0.2612748132025183,0.2642921168433521,0.6471391636558274,1.576116943700201,0.628410955408749,0.8249473683663742,False
2317.TW,2454.TW,0.10159236832248159,0.018258081437512154,0.8462483068485491,23.115350462788708,0.5019085811928344,0.9366243396187824,False
2317.TW,2492.TW,0.14903224865113368,0.1655756342835474,0.9876606961277434,2.6830973851648166,0.566322544874308,0.9965334775141048,False
2317.TW,3008.TW,0.07154794689491346,0.024058990211969965,0.8229413704145666,13.489631600172281,0.4459935071108942,0.9244783953843322,False
2317.TW,3017.TW,0.1697261972706331,0.027271141088312578,0.7047488881627249,13.146444464432301,0.5704687939769553,0.8589379347137907,False
2317.TW,3034.TW,0.19000182178845348,-0.001333280554315093,0.6864980137040831,-0.003617595687797223,0.5854110184833432,0.8483552689676475,False
2317.TW,3036.TW,0.13119283751751526,0.27440896396146575,0.5215960450378668,0.8783210644734043,0.5450194658850359,0.7673705122206659,False
2317.TW,3037.TW,0.1282246600177112,0.05320661480226904,0.8956479755300917,6.2226787346669035,0.5450194658850359,0.9613007188608113,False
2317.TW,3044.TW,0.13595595776808422,0.25016529136826815,0.5783476901962905,1.9933208391162935,0.5506811890537686,0.7896004393099056,False
2317.TW,3081.TWO,0.16104799661045271,0.016456249467769392,0.6651532453518986,13.81606237693466,0.5668107069759519,0.8382033790616897,False
2317.TW,3105.TWO,0.15283465234601606,0.08401770393896868,0.7766885466678741,2.9877399043074915,0.5668107069759519,0.897606749081772,False
2317.TW,3189.TW,0.13991769878137922,0.08424396847408247,0.9738415326244045,4.392065313878774,0.5593879925621575,0.9935707483468993,False
2317.TW,3231.TW,0.031261422722719784,1.602162841450258,0.01973989813075817,0.41692564185988046,0.33332247104250246,0.2701837779414866,False
2317.TW,3443.TW,0.07009872643767331,0.014548696948151758,0.5322522229004628,29.176444326444393,0.44224342744511946,0.7684830285243445,False
2317.TW,3481.TW,0.19413437827461227,1.292227097767551,0.992338169115024,0.3040277110914777,0.5881983705276461,0.9973369613847807,False
2317.TW,3533.TW,0.1814400758712798,0.023657521341435374,0.5394314038475343,6.793607492510705,0.5812364797687329,0.7743999902039237,False
2317.TW,3653.TW,0.1594543402724477,0.013258470183958228,0.33133602949805974,15.827171321291303,0.5668107069759519,0.6775301769108306,False
2317.TW,3661.TW,0.22078394399703605,0.023136243409814145,0.19600465486075186,7.964390909972327,0.603314327504752,0.5885773573387804,False
2317.TW,3665.TW,0.15850847462839307,0.03039467445055049,0.43575930392294776,10.767839798545467,0.5668107069759519,0.7314740015690061,False
2317.TW,3711.TW,0.13472699711614722,0.11978907701956887,0.9124489607022448,3.5125202484274327,0.5493125292397445,0.9680128044708693,False
2317.TW,4938.TW,0.15114220060853584,1.1609196490446028,0.538862058872811,0.06200509512512964,0.5668107069759519,0.774098871252031,False
2317.TW,4958.TW,0.10844386400206124,0.130914760093612,0.9808426551406554,3.203153003490251,0.511678629490298,0.9951023516355849,False
2317.TW,5274.TWO,0.10264824249472954,0.0037239476188431616,0.7830110001225534,88.79866021795537,0.5019085811928344,0.9004874188875165,False
2317.TW,6139.TW,0.06940701536314386,0.11949591468190042,0.7617899376258203,3.9155906771495728,0.44224342744511946,0.8901820311547156,False
2317.TW,6223.TWO,0.09723479571852506,0.01010110524461071,0.8041314710142593,37.68789735622521,0.4929496390647911,0.9141660111575352,False
2317.TW,6239.TW,0.1295596988771598,0.30487006231412456,0.706235368797412,1.6261214737093534,0.5450194658850359,0.8590384243714643,False
2317.TW,6274.TWO,0.1183130065427142,0.04179613706663128,0.8825364224765475,10.696018439840044,0.5364419273925337,0.9539641925313713,False
2317.TW,6415.TW,0.09228161801709933,0.08583492082508781,0.9609323564807494,1.5707395478151258,0.48577332187852323,0.9895682492838545,False
2317.TW,6488.TWO,0.0968541674436546,0.1137347046190603,0.5155342229989818,4.810903608977151,0.4929496390647911,0.7650326544922128,False
2317.TW,6515.TW,0.12933110289983563,0.004220402807506481,0.7111127285705579,55.73087734834738,0.5450194658850359,0.8597999354534928,False
2317.TW,6669.TW,0.04189311234685584,0.03045949574433479,0.09961953959070469,25.254783368090635,0.3623924515207692,0.500387754005545,False
2317.TW,6770.TW,0.193038204124296,0.7806233597790064,0.821590028636144,0.4706629584926747,0.5876214785581768,0.923768790026228,False
2317.TW,8046.TW,0.13067549517625554,0.05837046495887557,0.9122564384579862,5.601343296978693,0.5450194658850359,0.9680128044708693,False
2317.TW,8069.TWO,0.1931444549359923,-0.03986929782275703,0.4820461103620612,-0.05560870632016259,0.5876214785581768,0.7534985773484655,False
2317.TW,8299.TWO,0.17031853404136538,0.02651411408428487,0.7706054609289841,16.959029040116572,0.5704687939769553,0.8940998600030877,False
2327.TW,2330.TW,0.6122676763264199,0.4235112430617961,0.458143210821285,1.544297549366784,0.8016236352887335,0.7449786698632408,False
2327.TW,2337.TW,0.29137907641256194,2.9079262281474505,0.34967702662834477,0.18846170880034896,0.6427657304138893,0.6878431787251259,False
2327.TW,2344.TW,0.8372576822451445,3.8102725573814222,0.5610566042817464,0.20073508442690474,0.9306410097347945,0.7800055230258426,False
2327.TW,2345.TW,0.5725840812223946,0.3082499147737846,0.2123086989573862,2.129743385645365,0.7861025321556487,0.6020077449438604,False
2327.TW,2356.TW,0.028241341573934483,24.73254041412339,0.0011362735802836021,0.033505182809569004,0.3132988241634904,0.062433317557080995,False
2327.TW,2357.TW,0.9963750035970472,1.4691557262865174,0.28053664284685054,0.18910597899008663,0.9976251604397035,0.6351087463755835,False
2327.TW,2360.TW,0.43427776595375256,0.2571490501512651,0.4885036428652009,2.470796551372033,0.7314740015690061,0.7549953060504379,False
2327.TW,2368.TW,0.7673262923025346,0.4655407520044619,0.7634197795477646,1.2528792620038547,0.8929294659240578,0.8909820608104077,False
2327.TW,2376.TW,0.9754674183091647,4.049369820676514,0.37899899553629546,0.10687171781939876,0.9936826826098353,0.7052454256180722,False
2327.TW,2379.TW,0.24543832393534593,2.6981371409089396,0.28452260803967455,0.2384365563979971,0.6197444967455666,0.6373544054500663,False
2327.TW,2382.TW,0.0065511422245758365,6.137808443844096,0.00014462899424354104,0.11920283226070275,0.1632862485725944,0.02413539962159338,False
2327.TW,2383.TW,0.019806705525785673,0.12694323845157454,0.024224747127321873,5.72043530110906,0.2701837779414866,0.2940129004958609,False
2327.TW,2395.TW,0.8778539538437421,2.806698027554158,0.36814929850137823,0.23579875064191713,0.9511574408245841,0.7018447570317302,False
2327.TW,2404.TW,0.7008138276848304,0.977730647076201,0.04233918766297347,0.4614780875776229,0.8570872559271948,0.36241304922507006,False
2327.TW,2408.TW,0.9042191776541006,1.6423397623966913,0.5362028155916458,0.43403435252942413,0.9643393301275941,0.7714248822565322,False
2327.TW,2449.TW,0.929728755736892,2.010464857818234,0.5093073736471617,0.19471880428502528,0.9782651028093897,0.7636082857536459,False
2327.TW,2454.TW,0.2618831975689283,0.20285106280913387,0.05662708951747272,4.170900306360957,0.628410955408749,0.41744496475698134,False
2327.TW,2492.TW,0.42039086340270837,1.9313302327503314,0.4386860478687971,0.5082808259090632,0.7268002380224504,0.7322634660357938,False
2327.TW,3008.TW,0.3912062654513875,0.31534048566584544,0.21382248238659463,2.8715051889236394,0.7115272930603014,0.6020077449438604,False
2327.TW,3017.TW,0.7417152398942128,0.25887716351141987,0.4809389220367,2.0267767876958382,0.8797487725667554,0.7524995405581755,False
2327.TW,3034.TW,0.9441346288769098,2.281054095917888,0.10632469127308186,0.10051739999371785,0.9856263375850706,0.5086408441916881,False
2327.TW,3036.TW,0.7026111870046652,3.10829639034428,0.7713858569579248,0.16157888532774087,0.8576814876064783,0.8940998600030877,False
2327.TW,3037.TW,0.1650704254846473,0.6110883880350908,0.3500255807926656,1.1607079579324941,0.5669379485449833,0.6878431787251259,False
2327.TW,3044.TW,0.36045580935143584,2.377640218570586,0.34678204102160726,0.3076829781470486,0.6967752562945214,0.68618956707817,False
2327.TW,3081.TWO,0.18488939608925414,0.19005932804209866,0.1221929558267576,2.5914915183982,0.5837457490770517,0.5440439386473389,False
2327.TW,3105.TWO,0.25138045833570766,0.9674181953650908,0.15894610012662336,0.558718960329299,0.6254142034353694,0.5668107069759519,False
2327.TW,3189.TW,0.4428015518601626,0.9830760549896801,0.24886686800397095,0.8323850477416714,0.733864254173229,0.6210969841037336,False
2327.TW,3231.TW,0.9234006192290489,10.436461072579792,0.0903771291614433,0.04410749442941888,0.97465167888409,0.48413102537630437,False
2327.TW,3443.TW,0.1519092521135234,0.1434791512537738,0.059522956010141556,4.673091073226359,0.5668107069759519,0.42221616796527073,False
2327.TW,3481.TW,0.3721976172008008,15.524523110884182,0.49208703278731303,0.0593198130431503,0.7037836288850602,0.7563932901920979,False
2327.TW,3533.TW,0.7058299395569181,0.2943503342652233,0.21408613899352164,1.3727862597119427,0.8590384243714643,0.6020077449438604,False
2327.TW,3653.TW,0.9665847559387852,0.12080244324428693,0.5881284669892003,2.3420317834407505,0.991751379285311,0.7916099866389914,False
2327.TW,3661.TW,0.8082776632380435,0.2184666605377094,0.15770727152025737,1.2213835678612985,0.9162011012272141,0.5668107069759519,False
2327.TW,3665.TW,0.7896039606761649,0.25311327459783534,0.651287287350312,1.4563078526776707,0.9046718745435457,0.8273020370038804,False
2327.TW,3711.TW,0.07010500447594939,1.2623924372892468,0.23085739401023614,0.6011781412454724,0.44224342744511946,0.606965179485033,False
2327.TW,4938.TW,0.8701832150983708,22.658225174174458,0.12622835521209658,0.01965433182860148,0.9479948199979521,0.5450194658850359,False
2327.TW,4958.TW,0.44548219019719393,1.4708682506629374,0.3074359424356866,0.5844804950614414,0.7350246426349973,0.658172721834146,False
2327.TW,5274.TWO,0.8688579864073713,0.04152621721799877,0.6005567927553055,16.08171645066015,0.9475212479030849,0.7954262582883548,False
2327.TW,6139.TW,0.5441531211053977,1.1362081368812096,0.2442864398174584,0.604657302722555,0.7768053499858808,0.6183682124483166,False
2327.TW,6223.TWO,0.5534201016602328,0.11062767945679802,0.5174840700280365,6.70353674656125,0.7774851657583627,0.7650806630521041,False
2327.TW,6239.TW,0.9336031312501221,2.9899647139542544,0.6501325850676839,0.2590069679171055,0.9809286355992066,0.8273020370038804,False
2327.TW,6274.TWO,0.7441995542869329,0.4500635521186457,0.5019049724570798,1.8705400925228872,0.881441550012575,0.7600003188249519,False
2327.TW,6415.TW,0.6062529300826782,1.4588197474921543,0.31941149233573735,0.43355977331412754,0.7993223266517591,0.6668158819723176,False
2327.TW,6488.TWO,0.045374928526329995,1.119614510725643,0.01893596948640769,0.7691469980176571,0.3761994074182996,0.26510357280970764,False
2327.TW,6515.TW,0.5867538209760867,0.0480131830245569,0.5911593799573133,10.29697491061591,0.7915744025167095,0.7916099866389914,False
2327.TW,6669.TW,0.9776898623608633,0.1876660422486724,0.32948543190768687,2.527049870863278,0.9945143533001516,0.6754768777452386,False
2327.TW,6770.TW,0.969356321563914,7.3413480086125595,0.6736075395053268,0.07188718347700859,0.992999158675229,0.8412188052038354,False
2327.TW,8046.TW,0.02218690854014027,0.642355667919497,0.25366562941635307,1.0011099500062928,0.2799233678265919,0.6262186303921106,False
2327.TW,8069.TWO,0.9938749312544087,-0.6759068499382379,0.43901290159559603,-0.015310812287752492,0.9973369613847807,0.7322634660357938,False
2327.TW,8299.TWO,0.7108680216615659,0.2319697298440908,0.6458721272250814,2.409696569206094,0.8597999354534928,0.8246495320409838,False
2330.TW,2337.TW,0.04403163196938995,7.168167767727921,0.04336327863324658,0.12740364788027161,0.3679292388646407,0.36521262637816115,False
2330.TW,2344.TW,0.32393734267894037,7.729357104782285,0.4982998115181614,0.11167207262201928,0.6705629039112696,0.7589318290757685,False
2330.TW,2345.TW,0.3737196901504314,0.677052004919994,0.3953559606152628,1.2828630702705266,0.7037836288850602,0.7142521031225986,False
2330.TW,2356.TW,0.42746721674415517,35.97909271852022,0.3431362174156946,0.013366799505067002,0.7284043603319716,0.6841291730111788,False
2330.TW,2357.TW,0.9381237665809443,0.8154199546601353,0.2708994665857559,0.02878410465477272,0.9834125001400243,0.6320609092976477,False
2330.TW,2360.TW,0.08666440105794954,0.5910275631621917,0.07907850702845098,1.5573770087746077,0.47743632374033007,0.4612282488732073,False
2330.TW,2368.TW,0.24797126656838242,1.1085910495800397,0.1819095373712294,0.8181950481410865,0.6198310750871392,0.5812364797687329,False
2330.TW,2376.TW,0.8188188900196423,4.519107706394495,0.5302071234597927,0.03270860351640772,0.9222547272204298,0.7684830285243445,False
2330.TW,2379.TW,0.4604424941550036,2.841379172234788,0.8982910243260276,0.06886078595400769,0.7460570768237419,0.962196291828416,False
2330.TW,2382.TW,0.09296674687177359,10.817873352338799,0.022675255600562973,0.0576167952886543,0.48577332187852323,0.2816319683929845,False
2330.TW,2383.TW,0.37482197743025114,0.26569351887998227,0.5877291146505643,3.2834803923868128,0.7045644488801204,0.7915744025167095,False
2330.TW,2395.TW,0.40555849312870335,4.575816305110971,0.6101594807685499,0.10542615160158898,0.7199895921508022,0.7998657610011515,False
2330.TW,2404.TW,0.5568021709566924,1.620708963170947,0.17060129503835647,0.2097832704410712,0.7777285183266024,0.5708169117006644,False
2330.TW,2408.TW,0.4881291318149318,3.4716804499259766,0.6363973234046463,0.25161400006064494,0.7549953060504379,0.8171280194318709,False
2330.TW,2449.TW,0.7923327681413,5.627446086592357,0.16515288491946994,0.14947092172808193,0.9058474913707126,0.5669379485449833,False
2330.TW,2454.TW,0.20822783083488666,0.3487910012516025,0.13100725008595426,1.9667617591630444,0.5977886785177128,0.5450194658850359,False
2330.TW,2492.TW,0.6268647925904773,2.76368545511008,0.1525825284321809,0.19946640609688018,0.8120748449467547,0.5668107069759519,False
2330.TW,3008.TW,0.4550577944740509,0.4401174367066903,0.7641602469422188,1.0990878578678145,0.7441313934227308,0.8910608217108967,False
2330.TW,3017.TW,0.2279230959444527,0.6450918046299711,0.14399229997116925,1.3850570645308786,0.6057706263569467,0.5632639969460445,False
2330.TW,3034.TW,0.8311867667729014,1.1399834996601164,0.5540542702793266,0.013776477551620925,0.9273499334285569,0.7774851657583627,False
2330.TW,3036.TW,0.00443750617503583,7.385609857203443,0.0009619685438036152,0.10528888049940899,0.12750854176689233,0.05793591682681396,False
2330.TW,3037.TW,0.24768401930607942,1.311736737513745,0.38424576003815053,0.683281361938761,0.6198310750871392,0.7052454256180722,False
2330.TW,3044.TW,0.42649064273339005,4.952477464039029,0.049413221827082736,0.17575747392326718,0.7282852850705274,0.39138214409937494,False
2330.TW,3081.TWO,0.5085100958335057,0.47226579211185016,0.34498560075448875,1.765960776994822,0.7636082857536459,0.6852238928360729,False
2330.TW,3105.TWO,0.19383899126705573,2.375484436121834,0.14813630565754904,0.3762402976683038,0.5881502472665797,0.5642601108275301,False
2330.TW,3189.TW,0.41040824655863717,1.9342502705057822,0.7029118958579409,0.4491421157165757,0.7218440953704399,0.8576814876064783,False
2330.TW,3231.TW,0.6604343949927995,18.57021325982411,0.026813950861468653,0.02152335572308722,0.8351408062883108,0.30677466361938327,False
2330.TW,3443.TW,0.06459177334733669,0.3133686748773823,0.052416402109106724,2.7990134738104797,0.4340567168941026,0.40219508541410737,False
2330.TW,3481.TW,0.5600136837440731,26.86137627836999,0.8567357504989751,0.028147752769986868,0.7797082692997906,0.9411498146550967,False
2330.TW,3533.TW,0.45267766487530003,0.7341473336881232,0.27593455637421416,0.9389783482018503,0.7431050816409195,0.6337345164348842,False
2330.TW,3653.TW,0.47581011697039155,0.36791352621158857,0.2009251184788059,1.9561258090929035,0.7516431731688717,0.5932960020206739,False
2330.TW,3661.TW,0.9009289151623089,0.33713969969847407,0.17180164358319222,0.5169050322574802,0.9634053926961775,0.5708903152517372,False
2330.TW,3665.TW,0.5796919907298815,0.6988613785084009,0.18680143314754089,1.1027149721559666,0.7901567791288316,0.5854110184833432,False
2330.TW,3711.TW,0.3927953816140251,2.6988190496719495,0.5855559540717082,0.3524654287613488,0.7133093956703287,0.7909837517549271,False
2330.TW,4938.TW,0.4574859428972107,35.63753252807609,0.22627920112239863,0.008477620748337918,0.7447506559108571,0.6037383688856064,False
2330.TW,4958.TW,0.6685196502971521,2.562705966271915,0.905864436927807,0.2792730261314221,0.8398914396053181,0.9652411144492598,False
2330.TW,5274.TWO,0.22418080579286026,0.09274940158092806,0.221053401742906,9.850428141728525,0.603314327504752,0.603314327504752,False
2330.TW,6139.TW,0.06658194027612567,2.4874347753701933,0.09867570108476187,0.3630254486467769,0.4414470406296032,0.49758742158382285,False
2330.TW,6223.TWO,0.031694205781650546,0.2342777010813694,0.03786561156947347,3.8931855908984225,0.3345722582673557,0.34592420139423896,False
2330.TW,6239.TW,0.08631491243758938,5.886283981751532,0.012665313922388085,0.13983650384800939,0.47743632374033007,0.22091629530198234,False
2330.TW,6274.TWO,0.5490854490653727,0.839768280110073,0.5729731205723586,0.9571645508071139,0.7774851657583627,0.7862984526513193,False
2330.TW,6415.TW,0.2751448623708104,2.2158973924771783,0.7059646334906534,0.18060549313957358,0.6337345164348842,0.8590384243714643,False
2330.TW,6488.TWO,0.6624175462946547,1.931992600795188,0.8619614576132901,0.3639822887338027,0.8360762387396353,0.9439011421253503,False
2330.TW,6515.TW,0.624490048878882,0.1224800278940037,0.5548716784427337,7.203580182543243,0.8113033113640177,0.7777285183266024,False
2330.TW,6669.TW,0.6030461365361167,0.4095396935790463,0.24942331872771722,1.512370092529851,0.7976016858757216,0.6215138433870986,False
2330.TW,6770.TW,0.19329203605654277,17.91941997289289,0.1555732147439251,0.04812088062952946,0.5876214785581768,0.5668107069759519,False
2330.TW,8046.TW,0.31718493641323364,1.4495392666082796,0.4846170519702887,0.6195411586770837,0.6655065647397298,0.7549953060504379,False
2330.TW,8069.TWO,0.8999473335264865,-6.268297629565698,0.5692063933209885,-0.03893991107801123,0.9630009683595524,0.7841277104462303,False
2330.TW,8299.TWO,0.24560676327792663,0.5644326589854969,0.17184498340577326,1.6079670286403995,0.6197444967455666,0.5708903152517372,False
2337.TW,2344.TW,0.22324651265405032,0.9590780652882477,0.21137351860979897,0.7796172874003449,0.603314327504752,0.601142543605498,False
2337.TW,2345.TW,0.5764370909528675,0.09004331162510609,0.19546039010472277,9.599221921633607,0.788678608796208,0.5885773573387804,False
2337.TW,2356.TW,0.522416068469581,4.266656619044368,0.2250485605623594,0.08918487679068687,0.7673705122206659,0.603314327504752,False
2337.TW,2357.TW,0.9745835002061087,0.08569257412615687,0.26420854860432974,0.17019267990421494,0.9935707483468993,0.6298384519380288,False
2337.TW,2360.TW,0.1727487559331628,0.07922127603374912,0.13092977606783768,11.745030676524447,0.5708903152517372,0.5450194658850359,False
2337.TW,2368.TW,0.1619255596002921,0.14796116475476973,0.0849858922035811,6.144117582995994,0.5668107069759519,0.47438581719707507,False
2337.TW,2376.TW,0.862462536782153,0.5492189255547459,0.5609567614688911,0.22365628278269511,0.9439247473156978,0.7800055230258426,False
2337.TW,2379.TW,0.5972477370866974,0.3385337390216018,0.9047817035782719,0.461605567917714,0.7925781824178062,0.964616966540362,False
2337.TW,2382.TW,0.2548884360917197,1.3407682642804593,0.059008579651222366,0.4017789928873202,0.6263309376480133,0.42221616796527073,False
2337.TW,2383.TW,0.616143377871841,0.03551538965268987,0.6282104542370799,24.694278881615,0.8030745864299375,0.8121700161704167,False
2337.TW,2395.TW,0.44384734829200173,0.623858505231057,0.5512246119289115,0.8087088031003461,0.7344797185826081,0.7774851657583627,False
2337.TW,2404.TW,0.6565954418485132,0.1924287637458198,0.16194924232360686,1.4013999754721262,0.8312289907689622,0.5668107069759519,False
2337.TW,2408.TW,0.2524217762244971,0.42867334269291224,0.31654535500673964,1.7480257820668532,0.6257481890271236,0.6655065647397298,False
2337.TW,2449.TW,0.3174319481901735,0.7051128268678423,0.11267994546765764,1.0537322763919936,0.6655065647397298,0.5243066850331825,False
2337.TW,2454.TW,0.20130100411767887,0.04454969842608356,0.03312039408495167,14.13375472646266,0.5938565666761838,0.3387829266712026,False
2337.TW,2492.TW,0.3091422981159496,0.33449061882627673,0.7871114191491217,1.3582865179996948,0.6588758875716667,0.9027882320962978,False
2337.TW,3008.TW,0.6862334510928609,0.05457977550837029,0.6973849580498216,7.6687022926225765,0.8483552689676475,0.8555160592217642,False
2337.TW,3017.TW,0.008298934252502046,0.08578902227369763,0.00487890328924171,10.363445279017093,0.18020542948290158,0.13310648973726102,False
2337.TW,3034.TW,0.9014838138965294,0.21870150528629748,0.5256430723303738,0.14870230275648932,0.9636759323368125,0.7673705122206659,False
2337.TW,3036.TW,0.0203860104163092,1.0372867186394328,0.010347551268275954,0.8319960433534945,0.2722205571033028,0.1989721906526316,False
2337.TW,3037.TW,0.07631926697522548,0.17649298193579982,0.11554873547077321,5.172573035755441,0.4528087364031965,0.5325730268597954,False
2337.TW,3044.TW,0.07918329585918471,0.6307297008925722,0.05280038660644927,1.259391838416589,0.4612282488732073,0.40235508161640743,False
2337.TW,3081.TWO,0.22412819973788528,0.06525400125045443,0.14725100728707835,13.72865556563725,0.603314327504752,0.5638729948376409,False
2337.TW,3105.TWO,7.88694676694966e-05,0.3229483208855787,5.460702303040628e-05,2.8778784623562506,0.020979278400086097,0.017430561751305685,True
2337.TW,3189.TW,0.5910610455303713,0.25669703267132654,0.8104085734549127,3.3536540521632228,0.7916099866389914,0.9170041001882003,False
2337.TW,3231.TW,0.7505866993544322,1.7901431666091232,0.17701966385915252,0.1167366309919194,0.8850656610045613,0.5759905882144901,False
2337.TW,3443.TW,0.08218326743889959,0.04013382580960713,0.0274760457770962,20.16908830742195,0.4684446244017277,0.3117067007615834,False
2337.TW,3481.TW,0.5693144412030247,3.447041672145406,0.9701578711233751,0.2032302255507481,0.7841277104462303,0.9935014195142168,False
2337.TW,3533.TW,0.699566880986074,0.10524257929035571,0.21001388412115413,7.573386716721258,0.8562183604706857,0.6002338130982655,False
2337.TW,3653.TW,0.10916856592054586,0.04966440631644767,0.07870568351122248,14.856707562607035,0.5124500917917388,0.4612282488732073,False
2337.TW,3661.TW,0.892987590574352,0.04271097149767113,0.15259636502342472,3.684398634240455,0.96038288042902,0.5668107069759519,False
2337.TW,3665.TW,0.1666151602832905,0.09161496480120555,0.07266126608335244,8.133265470858358,0.5682004184019906,0.4464041616089124,False
2337.TW,3711.TW,0.5853542422715897,0.35032236296152863,0.6871517992921269,2.5741681871508026,0.7909837517549271,0.8488345755961567,False
2337.TW,4938.TW,0.29707358543989126,5.213560243081057,0.12660561987613989,0.06977937124426073,0.6454320192408958,0.5450194658850359,False
2337.TW,4958.TW,0.6095342059020167,0.33169350221087424,0.8758153199739392,2.0337308332993427,0.7998186460409389,0.9492707984233664,False
2337.TW,5274.TWO,0.052143495541673995,0.01242948114198441,0.049885477288415,74.27168705721124,0.4010651512506588,0.3924739540730184,False
2337.TW,6139.TW,0.43755430025939074,0.30889414243524027,0.5668361049831762,2.5364209996212312,0.7322634660357938,0.7841277104462303,False
2337.TW,6223.TWO,0.05352271175755611,0.030898385924246773,0.06729741870925045,28.889248524761634,0.4029763788469192,0.441742279505399,False
2337.TW,6239.TW,0.1913960006302089,0.7182797701792629,0.0644409846172238,0.9600619989086004,0.5862643525026431,0.4340567168941026,False
2337.TW,6274.TWO,0.5863628159868298,0.1080608387461751,0.7198906301838073,6.929817090904605,0.7914038514291589,0.864844144353298,False
2337.TW,6415.TW,0.5079546204719501,0.31155131335314923,0.7930362267818052,1.4286873302521372,0.7636082857536459,0.9063271163220631,False
2337.TW,6488.TWO,0.4657173562336414,0.23552444670175707,0.570826568699653,2.4965316893335165,0.7485245725567893,0.785040244415895,False
2337.TW,6515.TW,0.14242352664292868,0.016836746446516657,0.10228530287337678,55.71441667502718,0.5602656262940361,0.5019085811928344,False
2337.TW,6669.TW,0.6657894957356727,0.04487411870512785,0.23990214326699028,9.323614531522988,0.838343223032847,0.6148380614650159,False
2337.TW,6770.TW,0.45359789141238305,2.3031155237807472,0.3832135706399701,0.3479778810470006,0.7432671814108454,0.7052454256180722,False
2337.TW,8046.TW,0.49829760477481505,0.19428947779441008,0.6053556967961641,4.672139036558235,0.7589318290757685,0.7987992493482248,False
2337.TW,8069.TWO,0.9483209709360106,-0.8932698388817651,0.4502336127354686,-0.3122153955449126,0.9872403281083781,0.7404150911136608,False
2337.TW,8299.TWO,0.3282973352770414,0.07127796566436448,0.23475234669375122,11.424747191309004,0.6745208594540703,0.6093136992901628,False
2344.TW,2345.TW,0.16182346705378842,0.07067930427800599,0.06455161121108452,9.269351190836582,0.5668107069759519,0.4340567168941026,False
2344.TW,2356.TW,0.4247985198867166,4.551046417691294,0.2721682117013943,0.11702732749699771,0.7282852850705274,0.6328409133155194,False
2344.TW,2357.TW,0.9883298015957463,0.09021986052908357,0.27929783603833513,0.22043083067139585,0.9965334775141048,0.6348475462705305,False
2344.TW,2360.TW,0.3447489096012393,0.0625849407865886,0.1648301652134227,11.414441470908514,0.6852238928360729,0.5669379485449833,False
2344.TW,2368.TW,0.47536559870780476,0.11621159991380557,0.21723926041534397,5.936544875524554,0.7516431731688717,0.6029806254311113,False
2344.TW,2376.TW,0.9599587105195028,0.45264565960513437,0.5378931145886472,0.22676000948702713,0.9895682492838545,0.7730548499626123,False
2344.TW,2379.TW,0.5853222604533874,0.3971554089115307,0.9841522169740697,0.6661960605222451,0.7909837517549271,0.9955288534735516,False
2344.TW,2382.TW,0.3640587759642421,1.2206190185194314,0.03696454463579146,0.4499726674208562,0.6993197704544165,0.34399657865144706,False
2344.TW,2383.TW,0.2479593571266659,0.028437050346465688,0.17639585875327873,24.324101633410876,0.6198310750871392,0.5751333821659507,False
2344.TW,2395.TW,0.7829736787977641,0.49027400515262276,0.6143642933769581,0.7818391888975404,0.9004874188875165,0.8023939543613954,False
2344.TW,2404.TW,0.4685170599465844,0.20658702223498343,0.0749251179075751,1.850834768933329,0.749786863292147,0.4487072727222884,False
2344.TW,2408.TW,0.00398429976088557,0.4429419747090433,0.003747964433950763,2.2219827941876034,0.12052637552579547,0.11929942628026285,False
2344.TW,2449.TW,0.709228872111881,0.6571414805692616,0.27979227015093033,1.2081004541112366,0.8597999354534928,0.6348475462705305,False
2344.TW,2454.TW,0.42035358868511297,0.04042535542284452,0.10211906091052547,15.7775340715847,0.7268002380224504,0.5019085811928344,False
2344.TW,2492.TW,0.6425163466920922,0.374047960964645,0.8363984955037609,1.8685608164516778,0.8216795587504642,0.9305625645339856,False
2344.TW,3008.TW,0.5521451037730276,0.05759124513869615,0.8793515207499156,9.954491940069932,0.7774851657583627,0.9524567540664168,False
2344.TW,3017.TW,0.748224067557935,0.06641536448167712,0.5198961733021006,9.869916954200455,0.8839123699648145,0.7665308670377043,False
2344.TW,3034.TW,0.9791931443605891,0.13195431632780588,0.5460739297656284,0.11037278991078366,0.9951023516355849,0.7771903871202748,False
2344.TW,3036.TW,0.8090095261946836,0.7842973688664993,0.12302170422742931,0.7738837003766912,0.9167051500225168,0.5440439386473389,False
2344.TW,3037.TW,0.3203271602124769,0.14182578927922979,0.5217149668765699,5.113366215950439,0.6682903891491675,0.7673705122206659,False
2344.TW,3044.TW,0.5202487746924196,0.5451003438137849,0.2247457538671156,1.3389567408021938,0.7665308670377043,0.603314327504752,False
2344.TW,3081.TWO,0.275676033716696,0.046695478442891715,0.09609178409490982,12.085599262936427,0.6337345164348842,0.4929496390647911,False
2344.TW,3105.TWO,0.3695891034142687,0.2473920207057015,0.1347467764394486,2.712049449836787,0.7031359503823245,0.5493125292397445,False
2344.TW,3189.TW,0.32605258588388053,0.2184717069614014,0.5304116645763354,3.511277164337422,0.6718428315146594,0.7684830285243445,False
2344.TW,3231.TW,0.667941781724094,2.3898914891470975,0.09643613966451958,0.19172117010107606,0.8397283053419883,0.4929496390647911,False
2344.TW,3443.TW,0.047564176870296127,0.03420985221557933,0.01768552720178651,21.14946578385011,0.3824303591183507,0.25685222301774885,False
2344.TW,3481.TW,0.5541286817356752,3.383438986897879,0.8451736896120143,0.24539890050375235,0.7774851657583627,0.9359989990712727,False
2344.TW,3533.TW,0.43124461403275305,0.06724579296600629,0.5224335580311532,5.953005274413724,0.7293996897852223,0.7673705122206659,False
2344.TW,3653.TW,0.8369931381205367,0.03658786807041538,0.30768787326884306,13.464397631661207,0.9306410097347945,0.658270570693128,False
2344.TW,3661.TW,0.9677729900761526,0.030601958007853574,0.18423694008511682,3.2474978738274496,0.9917834064320024,0.5837457490770517,False
2344.TW,3665.TW,0.22376587031451572,0.06771672618747815,0.434003186194477,7.395490446540978,0.603314327504752,0.7314740015690061,False
2344.TW,3711.TW,0.1456594099858181,0.3022994882042961,0.30982854237000995,2.7326182656532105,0.5638729948376409,0.6588758875716667,False
2344.TW,4938.TW,0.7520783734416671,3.6557302779583316,0.28437876573586235,0.060192072810794625,0.8855481939543894,0.6373544054500663,False
2344.TW,4958.TW,0.5538676443028558,0.2887054203207221,0.6305702840907753,2.177629266201105,0.7774851657583627,0.812587947847297,False
2344.TW,5274.TWO,0.4535182030582456,0.009973542908184495,0.6154970306159153,73.3149001414693,0.7432671814108454,0.8030745864299375,False
2344.TW,6139.TW,0.230560050126696,0.29105640565854685,0.17129965320011487,2.9400947524934997,0.606716966203144,0.5708903152517372,False
2344.TW,6223.TWO,0.49805553368309524,0.025769951043397857,0.45918550633055155,29.64056945570764,0.7589318290757685,0.7459135553216899,False
2344.TW,6239.TW,0.056358406042738625,0.7425359653018779,0.026648581176184,1.2209436950662351,0.41642600020467985,0.3059793924977674,False
2344.TW,6274.TWO,0.26508222731904585,0.09454144621253441,0.1980604812903602,7.4584430327973035,0.6301008948668586,0.5919560452048968,False
2344.TW,6415.TW,0.5627606138851728,0.24441800183132617,0.5584333975284267,1.3788381598523802,0.7810138606615095,0.7780529921042069,False
2344.TW,6488.TWO,0.6611348620694018,0.22849545756950412,0.480954193556973,2.9795533053090066,0.83521800724182,0.7524995405581755,False
2344.TW,6515.TW,0.7017845185474145,0.012491555246237063,0.509341223942578,50.85087462089831,0.8576172217470701,0.7636082857536459,False
2344.TW,6669.TW,0.8269520796947527,0.04671422838959073,0.253279028891931,11.940157490521962,0.9259274218139959,0.6257481890271236,False
2344.TW,6770.TW,0.4266687908105391,2.2013972165724542,0.2341706905171535,0.40917286729046254,0.7282852850705274,0.6093136992901628,False
2344.TW,8046.TW,0.17276943751039414,0.1514775193549922,0.4247648153605955,4.481126040886911,0.5708903152517372,0.7282852850705274,False
2344.TW,8069.TWO,0.9940932547650337,-0.6820809970063559,0.5365173053287912,-0.2932784093818582,0.9973369613847807,0.7714248822565322,False
2344.TW,8299.TWO,0.02629379350194872,0.06699921491534894,0.03414675205373519,13.210933736331862,0.3047488933465974,0.3396173230894244,False
2345.TW,2356.TW,0.33888750673374435,52.621606247632506,0.09496915473022682,0.01031770370654821,0.682048500311546,0.4920242422835462,False
2345.TW,2357.TW,0.823110150276401,2.4648197407473376,0.21384167604061938,0.045919619280122975,0.9244783953843322,0.6020077449438604,False
2345.TW,2360.TW,0.046322504737286795,0.8290248290106115,0.041008911809332325,1.1529096831874852,0.3801065534453306,0.35765149315679995,False
2345.TW,2368.TW,0.15385492983131882,1.564105383278935,0.10609422717738398,0.6092467410867557,0.5668107069759519,0.5086408441916881,False
2345.TW,2376.TW,0.5771630305771652,9.351614932206733,0.3168721835008147,0.03572215504841178,0.7887513174116074,0.6655065647397298,False
2345.TW,2379.TW,0.4172072899624658,4.717142180647312,0.7344678723990152,0.06033418830619175,0.7253675132883061,0.8769029654967255,False
2345.TW,2382.TW,0.03789811557697645,15.38873740476883,0.004596378793215739,0.043256554122358834,0.34592420139423896,0.12757948789517076,False
2345.TW,2383.TW,0.19111102926064327,0.38694156388370327,0.3449615587540855,2.523716541527541,0.5860003894332116,0.6852238928360729,False
2345.TW,2395.TW,0.24369252626541704,7.6323086719230675,0.2400025766245018,0.09280629249693145,0.6178447528508428,0.6148380614650159,False
2345.TW,2404.TW,0.49499235763986943,2.400653432622987,0.14271342144357047,0.1639974182035191,0.758788907946202,0.5603213299481881,False
2345.TW,2408.TW,0.5293706909599303,4.117557885368126,0.7152066205218349,0.1574985270990732,0.7684830285243445,0.8630432294236093,False
2345.TW,2449.TW,0.7837007251259325,6.452509606985128,0.326206718247529,0.09045149611299384,0.9004941377256934,0.6718428315146594,False
2345.TW,2454.TW,0.26310593803504967,0.5247838963424276,0.19174811529221786,1.5617399096787008,0.6286183788981127,0.5862643525026431,False
2345.TW,2492.TW,0.3682925965000464,3.8312159424362053,0.39611025652437315,0.1459350147349605,0.7018447570317302,0.7149622212449926,False
2345.TW,3008.TW,0.21915068656719128,0.6568123861266981,0.4888469196412255,0.8656590912504478,0.603314327504752,0.7549953060504379,False
2345.TW,3017.TW,0.07872196789404245,0.8904379685220236,0.04991993275490146,1.0090008626365234,0.4612282488732073,0.3924739540730184,False
2345.TW,3034.TW,0.4847343062126797,4.214200578321108,0.31078216068095105,0.02687797533742055,0.7549953060504379,0.65964352778199,False
2345.TW,3036.TW,0.002060422055617764,10.422821445778691,0.0005495359113735167,0.07841933743978553,0.0838349497241599,0.047724201279063676,False
2345.TW,3037.TW,0.020151494421311363,1.8695133978365144,0.03315426856209579,0.5139527564895093,0.27140746916804165,0.3387829266712026,False
2345.TW,3044.TW,0.011936727673410868,6.929728521427467,0.008079739280414751,0.12979239319635621,0.21286052923758375,0.17879434810334932,False
2345.TW,3081.TWO,0.13465448826574633,0.6877248245535813,0.10208636475592048,1.357222311926263,0.5493125292397445,0.5019085811928344,False
2345.TW,3105.TWO,0.28668914280950547,3.3068230979087145,0.2231777259063611,0.27641767370197,0.6387046244379315,0.603314327504752,False
2345.TW,3189.TW,0.3304864142143238,2.732929565778755,0.5957145725238189,0.3349201510248024,0.6770941169269072,0.7916406808892713,False
2345.TW,3231.TW,0.7183675071729204,21.81529669066882,0.14951388768958268,0.013344304433063692,0.864844144353298,0.5663930802890559,False
2345.TW,3443.TW,0.2398232771608555,0.44078091462097624,0.04869316881521303,2.077848670959377,0.6148380614650159,0.3869712837565644,False
2345.TW,3481.TW,0.22498132332170356,36.571586148435095,0.5696717294877218,0.020225580208969807,0.603314327504752,0.7841277104462303,False
2345.TW,3533.TW,0.3998561844738495,1.1324366755977127,0.36146728290077124,0.7644128931155236,0.7159011219728361,0.697162276144569,False
2345.TW,3653.TW,0.64206219697012,0.4841764835800555,0.33598980127921724,1.358615126240169,0.8216795587504642,0.6806602835638146,False
2345.TW,3661.TW,0.84733320920647,0.692740070240674,0.05599715555042056,0.5605481183371558,0.9375000359747149,0.41471675293954163,False
2345.TW,3665.TW,0.4030563322044123,0.9680745696124299,0.22539393421866588,0.8061628254930908,0.7180656213076341,0.603314327504752,False
2345.TW,3711.TW,0.28787070967674194,3.6811462050209607,0.29519102925311,0.2537275062493619,0.639568127326856,0.6449348154523801,False
2345.TW,4938.TW,0.09316656971008441,59.6944741924537,0.012375272713601341,0.007494492232924649,0.48577332187852323,0.2175205605048846,False
2345.TW,4958.TW,0.6415359562489013,3.877959634742522,0.8530873524511159,0.22303612977007964,0.821413065522059,0.9389844238013662,False
2345.TW,5274.TWO,0.010255440909154824,0.13096210912964368,0.009389905937436006,7.340596915424454,0.1983961659516497,0.18830862439467722,False
2345.TW,6139.TW,0.40876136583724615,3.2367409616266816,0.3093117150178937,0.24930732466563849,0.721289957853963,0.6588758875716667,False
2345.TW,6223.TWO,0.0021604641519735778,0.3286356906198285,0.0029266835809575328,2.8822430846882545,0.0841000191841422,0.1026261134529176,False
2345.TW,6239.TW,0.2141680039045723,7.1780746576824095,0.02091088162904787,0.08999720933175726,0.6020077449438604,0.2758162568591769,False
2345.TW,6274.TWO,0.3573511580134112,1.2352006952498567,0.5249296691580243,0.7430300740615257,0.6946802048592013,0.7673705122206659,False
2345.TW,6415.TW,0.14122306443997323,3.8011937354662733,0.2879589488654938,0.1635095182245182,0.5602656262940361,0.639568127326856,False
2345.TW,6488.TWO,0.6318282776557462,2.744840266844508,0.8301935691401754,0.27291888863711045,0.8135521832501581,0.9268319404814387,False
2345.TW,6515.TW,0.2925250578090785,0.17045423505156523,0.15511173693387603,5.2909375959025216,0.6435906861699658,0.5668107069759519,False
2345.TW,6669.TW,0.6034085665579991,0.5312656421222652,0.20843947343051827,1.0354175811107984,0.7976016858757216,0.5977886785177128,False
2345.TW,6770.TW,0.5518367585171471,20.55478825409954,0.40646028980443155,0.02913160085594412,0.7774851657583627,0.7199895921508022,False
2345.TW,8046.TW,0.011095990270597992,2.04393522661585,0.03755846077062911,0.46105106868625806,0.20750617630762927,0.34592420139423896,False
2345.TW,8069.TWO,0.9434300080711011,-5.250506125108886,0.5615725205602552,-0.017214255346121962,0.9856263375850706,0.7800651222123534,False
2345.TW,8299.TWO,0.49412459252300517,0.685736876017642,0.3798613257842863,1.031013220733346,0.7582723222145489,0.7052454256180722,False
2356.TW,2357.TW,0.7237669009291591,0.07273655466026402,0.4681708690386313,6.911095422528215,0.8672161966088122,0.749786863292147,False
2356.TW,2360.TW,0.41890528620985135,0.008501391026152577,0.4735851345957898,60.297428306958466,0.7258954776653802,0.7516431731688717,False
2356.TW,2368.TW,0.3108094817619401,0.014931734624360657,0.38826681749095615,29.66323519916879,0.65964352778199,0.7094148147859943,False
2356.TW,2376.TW,0.3394072608442633,0.18330189126034846,0.21462556821620088,3.5710754804880267,0.6822739382013273,0.6020077449438604,False
2356.TW,2379.TW,0.013984153257626085,0.09387640992626183,0.0039692292679264825,6.123814531363728,0.22784568755375081,0.12052637552579547,False
2356.TW,2382.TW,0.026290269581613884,0.23235585840525547,0.01974705908544201,3.331068828647303,0.3047488933465974,0.2701837779414866,False
2356.TW,2383.TW,0.10206916852903097,0.004162942652171846,0.2478549440012875,138.4766881741246,0.5019085811928344,0.6198310750871392,False
2356.TW,2395.TW,0.022277661240385948,0.10666331859519343,0.10565142516861453,6.614814009000158,0.2799617900760313,0.5086408441916881,False
2356.TW,2404.TW,0.04673974599991312,0.03209556725096347,0.019035524355269853,11.182364568441937,0.3801065534453306,0.265244990344046,False
2356.TW,2408.TW,0.10511192781540218,0.05015977095976128,0.4024186713787355,9.785282690196897,0.507590429026874,0.7180656213076341,False
2356.TW,2449.TW,0.6519157972325866,0.056204853474457625,0.3713685963545843,4.018296353977673,0.8273020370038804,0.7037836288850602,False
2356.TW,2454.TW,0.0023451677715300005,0.007347067101112748,0.006036493051670893,111.51242589161458,0.08911637531814003,0.15782364443122415,False
2356.TW,2492.TW,7.246114239062373e-05,0.06573027838430344,0.000145224902348968,12.769367768516341,0.020979278400086097,0.02413539962159338,True
2356.TW,3008.TW,0.016223177609763436,0.010730405404435383,0.046724453513971705,72.1278088548126,0.24412737956273362,0.3801065534453306,False
2356.TW,3017.TW,0.49639899749821226,0.00827299668493703,0.38849946035375543,47.811433620423344,0.7589318290757685,0.7094337971677273,False
2356.TW,3034.TW,0.18811245851788244,0.09893297849527008,0.08318577691386964,3.218129240607377,0.5854110184833432,0.47087473305096794,False
2356.TW,3036.TW,0.5974132540404893,0.10563026022740596,0.4112620038066239,4.053286189378298,0.7925781824178062,0.7218440953704399,False
2356.TW,3037.TW,0.17835635392725552,0.020397589953817845,0.29059419929251185,28.599242044677773,0.5769651656931043,0.6419215807208981,False
2356.TW,3044.TW,0.07596486811874148,0.07920611284030495,0.069553918220202,7.566112036530358,0.45238779670713214,0.44224342744511946,False
2356.TW,3081.TWO,0.484000991161039,0.006300173587459512,0.5509425267508881,63.41176675615447,0.7549953060504379,0.7774851657583627,False
2356.TW,3105.TWO,0.4953997757393124,0.030682729374585074,0.4913391506991668,13.080666802832255,0.758788907946202,0.7561979599960176,False
2356.TW,3189.TW,0.12820497097283162,0.03311982279362057,0.4137888985227455,20.700550369673955,0.5450194658850359,0.7233848910851711,False
2356.TW,3231.TW,0.6476209948196547,0.4030389190578385,0.17876520954588976,1.2573692969336394,0.8252320221414523,0.5769651656931043,False
2356.TW,3443.TW,0.07167752792853657,0.004708616427162228,0.15141304108189324,113.2049702812032,0.4459935071108942,0.5668107069759519,False
2356.TW,3481.TW,0.05071088295670737,0.5165712388595529,0.5109865518760742,1.4570298971027569,0.3952218037033925,0.764535149671262,False
2356.TW,3533.TW,0.5875237683844199,0.010357496904772182,0.16874472468776636,35.65742176874791,0.7915744025167095,0.5699821811675664,False
2356.TW,3653.TW,0.6746857754176062,0.003427366282940352,0.3558281476842069,49.049470343866986,0.8419846668385682,0.6925630776877978,False
2356.TW,3661.TW,0.3472713070942861,0.009185260962971302,0.09693156362024274,37.906626648875346,0.6863715246098832,0.4929496390647911,False
2356.TW,3665.TW,0.555864284820656,0.007680859685063041,0.373710768227404,32.621568276840264,0.7777285183266024,0.7037836288850602,False
2356.TW,3711.TW,0.16600026433353926,0.04100580219997671,0.26649004012226163,14.414873821492332,0.5669379485449833,0.6301008948668586,False
2356.TW,4938.TW,0.2676263803075613,0.935367143466613,0.1311551886503987,0.5989233452028997,0.6301123004126558,0.5450194658850359,False
2356.TW,4958.TW,0.0012322365307318617,0.05063349249792651,0.009439028791713143,14.852202741473462,0.062433317557080995,0.18830862439467722,False
2356.TW,5274.TWO,0.3248512151837017,0.0013670937718728584,0.41797256517798603,390.80946147435805,0.6718172773512736,0.7258805375669921,False
2356.TW,6139.TW,0.022186448858005338,0.03544849930646536,0.4686167895575919,13.92534607439133,0.2799233678265919,0.749786863292147,False
2356.TW,6223.TWO,0.1296512451705838,0.0035458813309646093,0.22969663912956423,158.6065521491847,0.5450194658850359,0.6063346118644085,False
2356.TW,6239.TW,0.19871693681729163,0.10121540136240624,0.17628265450936942,6.472152204390493,0.5923676401012171,0.5751333821659507,False
2356.TW,6274.TWO,0.03953175479065923,0.015549873946879489,0.03893056089911808,47.70641546173967,0.351491257080179,0.35007296171687396,False
2356.TW,6415.TW,0.01323856192278121,0.05504777383377491,0.08656258888946428,12.076576674599377,0.22719080461030983,0.47743632374033007,False
2356.TW,6488.TWO,0.0027787492192154245,0.03951958871045378,0.0005589426355245151,20.040565976991896,0.09855297230817373,0.047724201279063676,False
2356.TW,6515.TW,0.4723440706352863,0.0014665387253018454,0.5241246117287833,232.1664320282348,0.7516431731688717,0.7673705122206659,False
2356.TW,6669.TW,0.491302797822326,0.006358526915610091,0.23562948413908247,63.203534697810156,0.7561979599960176,0.6107532274894286,False
2356.TW,6770.TW,0.41905328823240207,0.22346476275618893,0.5950747247060182,1.6152562972880886,0.7258954776653802,0.7916406808892713,False
2356.TW,8046.TW,0.1597413768715148,0.020706605300955964,0.29552468428332157,23.821651022832405,0.5668107069759519,0.645222156109687,False
2356.TW,8069.TWO,0.7955097330104615,0.02195336008861022,0.45635571637989314,0.36708709807396517,0.9081784934797543,0.7447506559108571,False
2356.TW,8299.TWO,0.33872124728260133,0.007262626650901038,0.5032483952188608,55.690548740366566,0.682048500311546,0.7605913245921418,False
2357.TW,2360.TW,0.2591372684269966,0.03144591631469609,0.8436149745548627,2.347355614283778,0.628410955408749,0.9351738818155474,False
2357.TW,2368.TW,0.24612053367740694,0.04289807586163659,0.7529379067644777,0.8969162693371389,0.6198310750871392,0.8855481939543894,False
2357.TW,2376.TW,0.020359550496760918,1.978457882903796,0.06317092417750757,0.40566237581936115,0.2722205571033028,0.4308580982363337,False
2357.TW,2379.TW,0.053435569170088876,0.8103477017363302,0.5348947427442338,0.5563432169937594,0.4029763788469192,0.770132620135135,False
2357.TW,2382.TW,0.527021620532159,1.6301825158691763,0.6856947045096475,0.24596428305136558,0.7678014663343914,0.8483478669747266,False
2357.TW,2383.TW,0.32146717389586443,0.01869214444115145,0.9457226883246919,6.543968571988054,0.6692864283399467,0.986196282630649,False
2357.TW,2395.TW,0.23125523935897446,0.8421875229115363,0.6712563409843028,0.5496891759536711,0.607045003317308,0.8402261267662305,False
2357.TW,2404.TW,0.2519297476470769,0.14803144830699624,0.2615885449558048,0.5428107199915302,0.6257481890271236,0.628410955408749,False
2357.TW,2408.TW,0.2824840983962162,0.062201871033056064,0.9798646988199572,0.12771065044398897,0.6365325473621828,0.9951023516355849,False
2357.TW,2449.TW,0.26554115734695516,-0.16650341076166086,0.509235531956684,-0.1252844336512136,0.6301008948668586,0.7636082857536459,False
2357.TW,2454.TW,0.2979572583043091,0.043681781339294894,0.8736168841306802,6.977750466462938,0.646113837301192,0.9492707984233664,False
2357.TW,2492.TW,0.23386141417190853,0.40040582899926347,0.9526632461666686,0.818672403728727,0.6093136992901628,0.9880053478676941,False
2357.TW,3008.TW,0.07384128989019603,0.07086212954076695,0.9874451888317218,5.013103196335894,0.4464041616089124,0.9965334775141048,False
2357.TW,3017.TW,0.4299863878563221,0.023289776542189118,0.6822694093378008,1.4165766339060966,0.7293996897852223,0.8457318273315886,False
2357.TW,3034.TW,0.013781206906592888,1.204131849384766,0.02760017277156812,0.4122325466949086,0.22784568755375081,0.3117067007615834,False
2357.TW,3036.TW,0.29671997109680326,0.4066541949110582,0.6914608803090959,0.16422906199053397,0.6454078973736415,0.8531077223401866,False
2357.TW,3037.TW,0.21328543212105178,0.08222802775515411,0.9656260076069036,1.2133926963640917,0.6020077449438604,0.9917240078124956,False
2357.TW,3044.TW,0.2548640923134542,0.3460655572760523,0.6542920445766209,0.3479191084540863,0.6263309376480133,0.8294281994791795,False
2357.TW,3081.TWO,0.2599742322904517,0.021285030567348897,0.7527338023856894,2.2547451036902855,0.628410955408749,0.8855481939543894,False
2357.TW,3105.TWO,0.26639744649541197,0.07083521175166034,0.860345816766243,0.3178271010328393,0.6301008948668586,0.9433953442520947,False
2357.TW,3189.TW,0.2046340076155791,0.1525840782633041,0.9824777274387254,1.0037115987041816,0.5952239519829529,0.9952781123883246,False
2357.TW,3231.TW,0.49268896942484675,2.153496705714004,0.32941359730769637,0.0707075703211866,0.7568157797902362,0.6754768777452386,False
2357.TW,3443.TW,0.23430495085693404,0.0155919824425247,0.7452738726902639,3.945293846463274,0.6093136992901628,0.8818064643051443,False
2357.TW,3481.TW,0.3227718172094188,2.477224001260282,0.9950000814938541,0.07353758383813111,0.6694275448729162,0.9973369613847807,False
2357.TW,3533.TW,0.2583142585615259,0.05268244221814043,0.632668214376771,1.908828285229291,0.628410955408749,0.8139489118304832,False
2357.TW,3653.TW,0.2844620918301053,-0.002216109304660032,0.5645292112885859,-0.3337880740628095,0.6373544054500663,0.7827876813349984,False
2357.TW,3661.TW,0.11827609696940211,0.08052942965957016,0.10660423708152861,3.4977124101570727,0.5364419273925337,0.5086408441916881,False
2357.TW,3665.TW,0.27258347231200786,0.015864370894861254,0.5318332799610492,0.7091264679208726,0.6328409133155194,0.7684830285243445,False
2357.TW,3711.TW,0.2397428122316103,0.14045465551968922,0.9868939417964889,0.5196459036639923,0.6148380614650159,0.9965334775141048,False
2357.TW,4938.TW,0.3583233209356278,8.038542740809627,0.3469642735789995,0.05417167856589233,0.6960936860143812,0.68618956707817,False
2357.TW,4958.TW,0.10852331834740969,0.3082432463629376,0.9735870018080771,0.9515955249414313,0.511678629490298,0.9935707483468993,False
2357.TW,5274.TWO,0.25451330810682016,0.004832588950668566,0.8626029097493391,14.539599962614679,0.6263309376480133,0.9439247473156978,False
2357.TW,6139.TW,0.24223823705369907,0.07091707675541233,0.9811319992301597,0.2932005662383373,0.617098525678697,0.9951023516355849,False
2357.TW,6223.TWO,0.20593963544655375,0.014103774118665311,0.9418423158210114,6.63954177157901,0.5952239519829529,0.985368951852071,False
2357.TW,6239.TW,0.27443146519665507,0.2784271112204736,0.8063365268193357,0.1873783792823442,0.6337345164348842,0.9145625141527877,False
2357.TW,6274.TWO,0.25278669913039203,0.08193410363339589,0.9583476281042451,2.645577305798219,0.6257481890271236,0.989022188460637,False
2357.TW,6415.TW,0.15458238356793869,0.40054558822481834,0.662966195303562,0.9248299200350991,0.5668107069759519,0.8364379823750869,False
2357.TW,6488.TWO,0.12681487649970147,0.24008054809371485,0.9560894222839188,1.2813281773891552,0.5450194658850359,0.9880053478676941,False
2357.TW,6515.TW,0.2583904542221468,0.003596731297251108,0.8064716883522864,5.992661157650836,0.628410955408749,0.9145625141527877,False
2357.TW,6669.TW,0.31203000515441437,0.023582103104329174,0.33942700935579817,2.4670231420430424,0.6608568535919414,0.6822739382013273,False
2357.TW,6770.TW,0.27961829429396795,-0.11208378179743608,0.9445760270413842,-0.008526700418617836,0.6348475462705305,0.985644549956227,False
2357.TW,8046.TW,0.1961924524462601,0.08002697088838043,0.9488910193033369,0.9689584801814193,0.5885773573387804,0.9872403281083781,False
2357.TW,8069.TWO,0.15709601278410368,1.198679391211487,0.2264018883321024,0.21094876872720525,0.5668107069759519,0.6037383688856064,False
2357.TW,8299.TWO,0.2827485888478758,0.002650139083973743,0.7196236906718876,0.21387611255135494,0.6365325473621828,0.864844144353298,False
2360.TW,2368.TW,0.00035424681904755077,1.8501216741814728,0.00025782238633324637,0.5182027887787346,0.03899158091033732,0.03165265604522009,True
2360.TW,2376.TW,0.7941489825278991,9.47327061201215,0.4672567934253473,0.026020954889171506,0.9069493925685346,0.749786863292147,False
2360.TW,2379.TW,0.4848986091061322,4.870039419604912,0.8294867954790163,0.044790842891533,0.7549953060504379,0.9268319404814387,False
2360.TW,2382.TW,0.2254868398224214,18.07428633726566,0.01357521940414992,0.03653274792236406,0.603314327504752,0.22784568755375081,False
2360.TW,2383.TW,0.596722245426102,0.4510486739709111,0.7605583154689478,2.1153919775140704,0.7924300712234537,0.8899606436986727,False
2360.TW,2395.TW,0.3679752471573714,8.533271822068862,0.5067983557494893,0.0746121111065621,0.7018447570317302,0.762706436375469,False
2360.TW,2404.TW,0.6355479147533404,2.568015828358508,0.2142937649357885,0.12614716362702838,0.8163657721902062,0.6020077449438604,False
2360.TW,2408.TW,0.1725801399910391,5.080892362498268,0.7415998893795998,0.13974910297772158,0.5708903152517372,0.8797487725667554,False
2360.TW,2449.TW,0.5321321918239432,8.197521921494705,0.22678813215276628,0.08263079525436007,0.7684830285243445,0.6037595644967723,False
2360.TW,2454.TW,0.27898797962024574,0.5945852070977531,0.32087287967536815,1.2723733375184456,0.6348475462705305,0.668991660302923,False
2360.TW,2492.TW,0.36215864185335145,4.420673234915273,0.1472258322826509,0.12108310244833992,0.6972425985349079,0.5638729948376409,False
2360.TW,3008.TW,0.5605171552517503,0.724861857336168,0.7851874496213764,0.6869625448663219,0.7799349431401861,0.9009052261651451,False
2360.TW,3017.TW,0.014663484871168274,1.0743471950515888,0.006795893326402741,0.8753964328693341,0.23171209756816402,0.16547753379916783,False
2360.TW,3034.TW,0.6085999566716327,3.8195195083765383,0.44651205035253494,0.0175171049597839,0.7998186460409389,0.7350523283781804,False
2360.TW,3036.TW,0.001167225821165949,12.81091163786684,0.00020810353438005202,0.06930908371067615,0.062433317557080995,0.02767777007254692,False
2360.TW,3037.TW,0.08856015269070294,2.211406350477387,0.13155126631963326,0.4371549709016842,0.4793612647890109,0.5450194658850359,False
2360.TW,3044.TW,0.04872707787085241,8.024449485481282,0.0346405256211014,0.10807382379442798,0.3869712837565644,0.3396173230894244,False
2360.TW,3081.TWO,0.04561356398426492,0.8175226110887208,0.03792211155130682,1.1601344239518738,0.377198176781797,0.34592420139423896,False
2360.TW,3105.TWO,0.01135488220927859,3.9840466793082387,0.008177936974651943,0.23947022063449347,0.2089662410412493,0.17879434810334932,False
2360.TW,3189.TW,0.8619899214584574,3.230497012152122,0.9863148973487943,0.28467834606067843,0.9439011421253503,0.9965334775141048,False
2360.TW,3231.TW,0.7419435137060482,26.418969487512655,0.17876328332917135,0.011620449874063523,0.8797487725667554,0.5769651656931043,False
2360.TW,3443.TW,0.06863916714720507,0.5140647479903149,0.036726933427365334,1.7425337850868599,0.44224342744511946,0.34399657865144706,False
2360.TW,3481.TW,0.7752883978181759,43.19623984542562,0.9492684152304119,0.017178110311320143,0.8972880949367721,0.9872403281083781,False
2360.TW,3533.TW,0.1684226915373236,1.3212369202001892,0.10686614904518266,0.641308548883262,0.5699821811675664,0.5091294742570494,False
2360.TW,3653.TW,0.26913258745662494,0.5987696472173327,0.015915866851810217,1.20816091403879,0.6307424516604602,0.24343350564466373,False
2360.TW,3661.TW,0.766814735835883,0.6688792090389417,0.13028585125200137,0.3891907749156007,0.8929294659240578,0.5450194658850359,False
2360.TW,3665.TW,0.26228159668034723,1.1726243926225601,0.07880770811593107,0.702174624786878,0.628410955408749,0.4612282488732073,False
2360.TW,3711.TW,0.15763631651220694,4.3885188979745875,0.22996679082023957,0.21750773606466,0.5668107069759519,0.6063346118644085,False
2360.TW,4938.TW,0.2827704110775612,70.34253096069145,0.1424519518212105,0.0063503596783507955,0.6365325473621828,0.5602656262940361,False
2360.TW,4958.TW,0.6455908683997436,4.38186642451736,0.9718158721614919,0.18121882976892292,0.8246495320409838,0.9935707483468993,False
2360.TW,5274.TWO,0.0005693841039249566,0.15526595553320333,0.0005830964441990862,6.257980527466527,0.047724201279063676,0.047724201279063676,True
2360.TW,6139.TW,0.35087616094828056,3.866645479975486,0.4975900421362171,0.21415770302916698,0.6878431787251259,0.7589318290757685,False
2360.TW,6223.TWO,0.001037950375982402,0.3896076001933617,0.00045025964869791873,2.4570588010002323,0.060365028345411145,0.044913399957617395,False
2360.TW,6239.TW,0.1492563825099404,8.822474073422061,0.09081151629461914,0.07953965694480325,0.5663930802890559,0.48493066520313344,False
2360.TW,6274.TWO,0.8256766570687502,1.4221637913692433,0.7814502173310083,0.6151637459124353,0.9254072645236835,0.9004874188875165,False
2360.TW,6415.TW,0.33720468918110347,4.156979467055198,0.771413225077852,0.12857992388133205,0.6806602835638146,0.8940998600030877,False
2360.TW,6488.TWO,0.35906999441096443,3.124770154838429,0.7379369815116924,0.2234121802314385,0.6967485848995736,0.8780440389502991,False
2360.TW,6515.TW,0.004654829634638964,0.20544305684091718,0.0035668615423293127,4.585519689285268,0.12808807063592736,0.11718440866487494,False
2360.TW,6669.TW,0.5672929221674239,0.6291119035870085,0.18994483773050164,0.8816657259144495,0.7841277104462303,0.5854110184833432,False
2360.TW,6770.TW,0.5292162149464904,26.384689190863497,0.47680599548331704,0.026889057332940544,0.7684830285243445,0.7516431731688717,False
2360.TW,8046.TW,0.010020547579660984,2.423136044322982,0.01662503356918001,0.3930356577644239,0.19624455989448766,0.24682375419917482,False
2360.TW,8069.TWO,0.8709198881596394,-8.578511483976996,0.4648950572244848,-0.020224195705223456,0.9481501647358693,0.7483333447607441,False
2360.TW,8299.TWO,0.20568053169344463,0.8477532360697135,0.12289628107804812,0.9165336972797138,0.5952239519829529,0.5440439386473389,False
2368.TW,2376.TW,0.5772315405618781,4.4516597279545795,0.5172257883974041,0.04365618609844635,0.7887513174116074,0.7650806630521041,False
2368.TW,2379.TW,0.5027625458592904,2.4032651853287974,0.889944697404329,0.07891489788920517,0.760280268917805,0.9583576693570982,False
2368.TW,2382.TW,0.10804766539245214,9.069829599773886,0.0324463655791004,0.06545168851153901,0.5115039658366345,0.3362623341834041,False
2368.TW,2383.TW,0.8519797555644143,0.23777114731243248,0.949359712473844,3.9813205086994623,0.9389844238013662,0.9872403281083781,False
2368.TW,2395.TW,0.3375580290982201,4.21918760151809,0.5788954482944615,0.13171132828102083,0.6806602835638146,0.7900103766378457,False
2368.TW,2404.TW,0.5925435026692424,1.385748571362318,0.2266839250003213,0.24303273726753205,0.7916406808892713,0.6037595644967723,False
2368.TW,2408.TW,0.4400567221393668,2.66889977987607,0.6718559505126102,0.26208480672206347,0.7327324220982868,0.8402261267662305,False
2368.TW,2449.TW,0.4671643949492831,4.4034307152653875,0.25972711070843135,0.15847145970173157,0.749786863292147,0.628410955408749,False
2368.TW,2454.TW,0.44342778310042175,0.3068315023761954,0.291820000531605,2.344233951420205,0.7344797185826081,0.6428498562435356,False
2368.TW,2492.TW,0.4744351349288593,2.2105247439760753,0.21306195420778518,0.21616782441513774,0.7516431731688717,0.6020077449438604,False
2368.TW,3008.TW,0.4990635640482566,0.3691922778827915,0.7380301242179362,1.2491970930481342,0.7589318290757685,0.8780440389502991,False
2368.TW,3017.TW,0.001168429406658558,0.5706875294056375,0.0009532759280250094,1.660194787054134,0.062433317557080995,0.05793591682681396,False
2368.TW,3034.TW,0.5515602169941686,1.5732722673438464,0.4985458455374002,0.02576072206403507,0.7774851657583627,0.7589318290757685,False
2368.TW,3036.TW,4.2146129644868245e-05,6.4776131117727225,1.6263877771881e-05,0.12511969357110003,0.014947827314046605,0.014551405897622664,True
2368.TW,3037.TW,0.18877479623420468,1.156767633295891,0.21028563192749256,0.8164198252382042,0.5854110184833432,0.6003861691525548,False
2368.TW,3044.TW,0.13749540789812847,4.2586485626856625,0.13018308913719906,0.20477532195540965,0.5538298976987043,0.5450194658850359,False
2368.TW,3081.TWO,0.004460720630011789,0.43086548337608893,0.005125632465378426,2.182985190912853,0.12750854176689233,0.13865270194481302,False
2368.TW,3105.TWO,3.530283630819902e-05,2.1084881510706612,3.646968896647284e-05,0.45247939382207825,0.014551405897622664,0.014551405897622664,True
2368.TW,3189.TW,0.763166238484694,1.6741651151600871,0.9390170741647049,0.5267249900012468,0.8909820608104077,0.984025771744497,False
2368.TW,3231.TW,0.5872509055053549,13.413507218274756,0.16021407912422303,0.02106444207996794,0.7915744025167095,0.5668107069759519,False
2368.TW,3443.TW,0.025698867937456998,0.27370689340897614,0.03674510827176138,3.3124525399269116,0.30379041395382567,0.34399657865144706,False
2368.TW,3481.TW,0.552874615614577,21.77582152789575,0.738853827907674,0.03091751191941483,0.7774851657583627,0.8783692434567208,False
2368.TW,3533.TW,0.2967093090162982,0.6906915016503862,0.2658345818219995,1.1969361555199725,0.6454078973736415,0.6301008948668586,False
2368.TW,3653.TW,0.7236299100391412,0.32905470995108366,0.4346992749183398,2.370465620651471,0.8672161966088122,0.7314740015690061,False
2368.TW,3661.TW,0.768705314718682,0.36443290688086144,0.13248161929679653,0.7570646552055982,0.8931066178047269,0.5463583059371764,False
2368.TW,3665.TW,0.4344774589984316,0.6329414486930938,0.2182712416279286,1.3531635434843392,0.7314740015690061,0.6032223404990027,False
2368.TW,3711.TW,0.514293464070834,2.2934560526199563,0.7550127259960394,0.4058333217883319,0.7647614970206067,0.8866362833813781,False
2368.TW,4938.TW,0.2766849939459738,34.25212686708675,0.06903141965510527,0.011039983457111947,0.6344673137036986,0.44224342744511946,False
2368.TW,4958.TW,0.7877870372661362,2.2827000053449,0.9677518921340712,0.33704941056216686,0.903238585831001,0.9917834064320024,False
2368.TW,5274.TWO,0.008143051856119148,0.08205076118499116,0.013873130242587446,11.807042499845718,0.17879434810334932,0.22784568755375081,False
2368.TW,6139.TW,0.31914824809616305,2.0525418924971155,0.4976360234387773,0.40587464351948843,0.6668158819723176,0.7589318290757685,False
2368.TW,6223.TWO,0.01217446758558147,0.20385014972752707,0.02205281885647777,4.589862860525821,0.21589389185097807,0.2799233678265919,False
2368.TW,6239.TW,0.138838194035458,4.505084267437036,0.08723636239741422,0.14500961072176044,0.5568165778699596,0.4776303066424463,False
2368.TW,6274.TWO,0.7605929310808205,0.7410089938528992,0.9602619638895076,1.1443665105490668,0.8899606436986727,0.9895682492838545,False
2368.TW,6415.TW,0.2884417089492656,2.100683181313288,0.5685720652593822,0.2319831217734547,0.6397740355115807,0.7841277104462303,False
2368.TW,6488.TWO,0.6297697518057521,1.5830339699218763,0.8187812494125819,0.40409134465058805,0.812587947847297,0.9222547272204298,False
2368.TW,6515.TW,0.13036471136909883,0.10855420696846167,0.1532297713816429,8.650561503389646,0.5450194658850359,0.5668107069759519,False
2368.TW,6669.TW,0.5007238195593886,0.33750892913365527,0.21149219187624507,1.688736412266015,0.7589318290757685,0.601142543605498,False
2368.TW,6770.TW,0.20605340443018888,13.676646589955741,0.21694102214348804,0.04976268032426069,0.5952239519829529,0.6029806254311113,False
2368.TW,8046.TW,0.17490105420429175,1.2730743778288993,0.3187620472937504,0.7372392996284025,0.5742952428573787,0.6668158819723176,False
2368.TW,8069.TWO,0.7592596313368013,-4.8302195173869915,0.517353779626443,-0.040656195466863575,0.8893786213677319,0.7650806630521041,False
2368.TW,8299.TWO,0.16606735021602737,0.4467173438106753,0.14611951428412973,1.7242980615439454,0.5669379485449833,0.5638729948376409,False
2376.TW,2379.TW,0.04592937414497017,0.39794159933166495,0.1832224028199761,1.3324558056271518,0.3788283262809943,0.583096619941539,False
2376.TW,2382.TW,0.2933525774870982,0.858059096537335,0.26866630352807785,0.6314152916713204,0.644446956186385,0.6301123004126558,False
2376.TW,2383.TW,0.2860339849426665,0.014034357041797105,0.7643247273948732,23.962751129174706,0.6380296854905602,0.8910608217108967,False
2376.TW,2395.TW,0.09553923115432511,0.4688377770366062,0.21919529113352054,1.4924268715195215,0.4920242422835462,0.603314327504752,False
2376.TW,2404.TW,0.24797091806521915,0.10644689103958885,0.12945641520155005,1.9036604583524332,0.6198310750871392,0.5450194658850359,False
2376.TW,2408.TW,0.5692691203094297,0.08998039145444907,0.9663306132699877,0.901018330036138,0.7841277104462303,0.991751379285311,False
2376.TW,2449.TW,0.6810130572762456,0.03311216148053381,0.2788102506019262,0.1215132371691896,0.845176391456367,0.6348475462705305,False
2376.TW,2454.TW,0.21915778050592194,0.02678164660549265,0.5447610000613579,20.86481068949128,0.603314327504752,0.7771903871202748,False
2376.TW,2492.TW,0.3340824338160128,0.2136725517868105,0.9545677306945088,2.1306915144155276,0.6796339549811652,0.9880053478676941,False
2376.TW,3008.TW,0.24316622169672059,0.03984784196599502,0.9399003744549271,13.748627048390329,0.6178447528508428,0.98430511655516,False
2376.TW,3017.TW,0.5496202975508875,0.023213590933879008,0.5324368662328216,6.886192500910019,0.7774851657583627,0.7684830285243445,False
2376.TW,3034.TW,0.05323684274977683,0.5917058067961272,0.03780492318502763,0.9879526822285698,0.4029763788469192,0.34592420139423896,False
2376.TW,3036.TW,0.5713870690425844,0.3132781009699884,0.5812587588549403,0.6170450502398077,0.7854726633867052,0.7907934411661053,False
2376.TW,3037.TW,0.3852633937013742,0.06492676509705825,0.7834127701286445,4.672694066589223,0.7063531032135476,0.9004874188875165,False
2376.TW,3044.TW,0.409657508731022,0.2614069755170468,0.3670212176304813,1.281737693196697,0.7218440953704399,0.7018447570317302,False
2376.TW,3081.TWO,0.4349054614324651,0.020648483796360077,0.7219404693965349,10.667764536783078,0.7314740015690061,0.8669804282594956,False
2376.TW,3105.TWO,0.5525783003192704,0.08531354206380282,0.715711206375629,1.866903127493663,0.7774851657583627,0.8630432294236093,False
2376.TW,3189.TW,0.28812624282456734,0.1047396624237048,0.9208962439031325,3.360260708562459,0.639568127326856,0.9730224463882156,False
2376.TW,3231.TW,0.6519982438745927,1.1352855994369446,0.1510720069289866,0.18179792045474427,0.8273020370038804,0.5668107069759519,False
2376.TW,3443.TW,0.4529352001958778,0.014704757685440177,0.5941431447488803,18.14671297283009,0.7431050816409195,0.7916406808892713,False
2376.TW,3481.TW,0.40941441233719283,1.5640723969945087,0.9873221815540396,0.22644514230810397,0.7218440953704399,0.9965334775141048,False
2376.TW,3533.TW,0.5467310316850003,0.04139163640997555,0.5174796548357994,7.31434832380846,0.7771903871202748,0.7650806630521041,False
2376.TW,3653.TW,0.6711711568690619,0.005534821887728769,0.4982961046081471,4.0657939741875,0.8402261267662305,0.7589318290757685,False
2376.TW,3661.TW,0.13202487131336405,0.05199814539350793,0.025574493512020666,11.014870824165815,0.5458852192127696,0.30379041395382567,False
2376.TW,3665.TW,0.5456528183858724,0.021498643708142154,0.4462220728411726,4.6867736851860196,0.7771903871202748,0.7350246426349973,False
2376.TW,3711.TW,0.43418252957344206,0.1182701706049438,0.9143332645213564,2.134070056284439,0.7314740015690061,0.9686530966983636,False
2376.TW,4938.TW,0.2000395667736507,4.014184932182188,0.15784784377791,0.13193329947924876,0.5928749277079787,0.5668107069759519,False
2376.TW,4958.TW,0.12119959340229536,0.18970248171850412,0.9309003905027422,2.8562348456971347,0.543418387049582,0.9787332168922112,False
2376.TW,5274.TWO,0.46949258551555745,0.004213719412931296,0.6747483639639904,61.830149101228685,0.7508117900629556,0.8419846668385682,False
2376.TW,6139.TW,0.4063189761357487,0.0831872498361976,0.9285910313845341,1.6773852731408683,0.7199895921508022,0.9775931966291006,False
2376.TW,6223.TWO,0.3231791499527456,0.010917006824336,0.7710667735210635,25.06504133622007,0.6694275448729162,0.8940998600030877,False
2376.TW,6239.TW,0.5107335951673072,0.23711570093156947,0.7086610777472513,0.7782701052899939,0.764535149671262,0.8597999354534928,False
2376.TW,6274.TWO,0.2782078137851724,0.05457272423125065,0.6660889409512333,8.593962677930907,0.6348475462705305,0.8383895502824671,False
2376.TW,6415.TW,0.03177442052789026,0.23795637841618303,0.9023812095384983,2.6795961750381903,0.3345722582673557,0.9639895652098014,False
2376.TW,6488.TWO,0.18990432426120174,0.14468079037683024,0.8600250948915267,3.7659656558784382,0.5854110184833432,0.9433677329531798,False
2376.TW,6515.TW,0.47386138793375315,0.0042349461090610266,0.6730954816360774,34.4129335593938,0.7516431731688717,0.8412188052038354,False
2376.TW,6669.TW,0.5259716633617589,0.0171788284413507,0.3097309397014697,8.76488680730812,0.7673705122206659,0.6588758875716667,False
2376.TW,6770.TW,0.6513359567103157,0.27663049996392697,0.8223182229044057,0.10263615404215648,0.8273020370038804,0.9242393547573461,False
2376.TW,8046.TW,0.36369980402559354,0.06634719723982523,0.8756292001868343,3.91790093247676,0.6993197704544165,0.9492707984233664,False
2376.TW,8069.TWO,0.48381392310821025,0.4700262431796733,0.32227231840805076,0.40342066659185843,0.7549953060504379,0.6692864283399467,False
2376.TW,8299.TWO,0.6304369267694303,0.013651371379025787,0.7395948283554619,5.373187254146035,0.812587947847297,0.8785564217567771,False
2379.TW,2382.TW,0.6439261258165367,1.5360584137971487,0.4048625267331837,0.33757646016642556,0.8231526606353166,0.7199560921071434,False
2379.TW,2383.TW,0.5468576470777372,0.02629377779662667,0.4319268386316121,13.407989845641207,0.7771903871202748,0.7298626092705696,False
2379.TW,2395.TW,0.4052244211916474,0.7240927154234698,0.16318097328918063,0.688384634631023,0.7199895921508022,0.5669379485449833,False
2379.TW,2404.TW,0.9620327656222999,0.20318699765557963,0.0021146592665699307,1.0852228966724804,0.9896259660532325,0.0841000191841422,False
2379.TW,2408.TW,0.9845981227925682,0.27207806923932853,0.5333691066446653,0.813665332644649,0.9955288534735516,0.7686294304333054,False
2379.TW,2449.TW,0.979229280082269,0.17150170697628817,0.22423742548687808,0.18796242267595234,0.9951023516355849,0.603314327504752,False
2379.TW,2454.TW,0.11541873226760069,0.04734926808775332,0.156519883444023,11.016838205294874,0.5325730268597954,0.5668107069759519,False
2379.TW,2492.TW,0.05446588408497135,0.48692399122628593,0.04249890616177809,1.450105302094947,0.40637494941964486,0.3627179370812718,False
2379.TW,3008.TW,0.004539168670779935,0.08529401502760625,0.07085366063605829,8.7890029627543,0.12757948789517076,0.44520646604389386,False
2379.TW,3017.TW,0.8950363309826262,0.03942702821702686,0.4527792319275966,3.4929904903263473,0.9613007188608113,0.7431050816409195,False
2379.TW,3034.TW,0.8133976950052834,1.0609118513492402,0.14209259628233323,0.5290249342099635,0.9187421947830376,0.5602656262940361,False
2379.TW,3036.TW,0.8216101487733275,0.4592824692621699,0.18049606891906772,0.270167579442513,0.923768790026228,0.5802048861930154,False
2379.TW,3037.TW,0.7185463463240954,0.11847781851880175,0.3793313084587784,2.5465203969927694,0.864844144353298,0.7052454256180722,False
2379.TW,3044.TW,0.4909095424801905,0.46486350350490213,0.1713221854854674,0.6807285453308185,0.7561979599960176,0.5708903152517372,False
2379.TW,3081.TWO,0.9082964688244116,0.03303969959911156,0.35125298969930274,5.097859614035537,0.9661344574386306,0.6878524804418248,False
2379.TW,3105.TWO,0.935112863326272,0.16464591078642726,0.6548592160116842,1.076022335506389,0.9818832026568253,0.8298176329929717,False
2379.TW,3189.TW,0.3453160785076084,0.20440101240492173,0.3617409333920465,1.958444975512574,0.6852238928360729,0.6972425985349079,False
2379.TW,3231.TW,0.9747624943120878,2.156387641920352,0.09760809816777888,0.10312813025463916,0.9935707483468993,0.49298267302460475,False
2379.TW,3443.TW,0.7748284279799924,0.0279008967750003,0.18180839911691515,10.283117248654474,0.8970810091085004,0.5812364797687329,False
2379.TW,3481.TW,0.11190910688093131,3.4860495752401195,0.33132296647882015,0.1507322713954597,0.5219334869961822,0.6775301769108306,False
2379.TW,3533.TW,0.880368436353192,0.05936302661085219,0.676032932074533,3.132893306458466,0.9532347519807967,0.8423158013973582,False
2379.TW,3653.TW,0.9882021364420001,0.013981051404130468,0.4598162050575836,3.0672422532776165,0.9965334775141048,0.7459322996625399,False
2379.TW,3661.TW,0.28123599340056665,0.06672887696802439,0.03852430145282003,4.221549614852624,0.6351637354135872,0.349345369992618,False
2379.TW,3665.TW,0.9732097490840301,0.03654830064957747,0.40336141013625937,2.379559874204123,0.9935707483468993,0.7180867937283547,False
2379.TW,3711.TW,0.7498682705305773,0.24039898282092248,0.5850346586250065,1.2954856366456637,0.8850013667578226,0.7909837517549271,False
2379.TW,4938.TW,0.3800991335706129,6.397273985355108,0.12809161015938736,0.0627940545876569,0.7052454256180722,0.5450194658850359,False
2379.TW,4958.TW,0.2669081987555084,0.3495224620042015,0.2487529716196512,1.5716741826181302,0.6301123004126558,0.6210969841037336,False
2379.TW,5274.TWO,0.852094595852001,0.007862581730540757,0.39392740643344454,34.45612079469933,0.9389844238013662,0.7142521031225986,False
2379.TW,6139.TW,0.9813854019263224,0.19634778452002682,0.4135734912851606,1.1824113554092017,0.9951023516355849,0.7233848910851711,False
2379.TW,6223.TWO,0.8120315693167952,0.021428811764695636,0.3928564904725682,14.69364222192609,0.9178026174842409,0.7133093956703287,False
2379.TW,6239.TW,0.7727450149677302,0.5374599574775056,0.16927567207685912,0.5268447752657597,0.895318362169508,0.5704687939769553,False
2379.TW,6274.TWO,0.36099464077292137,0.10087822637768114,0.253084675320589,4.744405436246895,0.6967752562945214,0.6257481890271236,False
2379.TW,6415.TW,0.44189317696446995,0.41348241867466057,0.2179803401196037,1.390578704586894,0.733706752619209,0.6032223404990027,False
2379.TW,6488.TWO,0.3900223994276285,0.2716158938034792,0.1257713272486699,2.1114810569720768,0.7101990269080357,0.5450194658850359,False
2379.TW,6515.TW,0.9469246322665154,0.007975500579449516,0.6928007470094724,19.35522776779598,0.9868049057116282,0.853426574945705,False
2379.TW,6669.TW,0.882920820960009,0.02819719201725216,0.19908639383061077,4.296602320677135,0.9540566217008628,0.5923676401012171,False
2379.TW,6770.TW,0.9395876581848598,0.8753761208522066,0.5703054970631248,0.09699772118388976,0.9843005595425246,0.7846617011316787,False
2379.TW,8046.TW,0.785158350704982,0.12317647322269057,0.4564984458452426,2.1723268085439074,0.9009052261651451,0.7447506559108571,False
2379.TW,8069.TWO,0.9931585210715594,0.36400853962837476,0.4210114711541825,0.093306980569735,0.9973369613847807,0.7268002380224504,False
2379.TW,8299.TWO,0.8731842202377365,0.031079594076912936,0.5405799873145296,3.6534028216304866,0.9492707984233664,0.7750838057342289,False
2382.TW,2383.TW,0.0006506652872748145,0.017351253249667103,0.01286375279853965,40.26030949501964,0.04940129872537767,0.22195188612399225,False
2382.TW,2395.TW,0.002018421754074052,0.3863715962532309,0.01795639639844467,1.6713898419782247,0.08367275635070617,0.25727454649896586,False
2382.TW,2404.TW,0.16438847325436184,0.10250039847027287,0.06177726295659694,2.4910598698710977,0.5669379485449833,0.4281002797796939,False
2382.TW,2408.TW,0.056941170956740755,0.19583792877058898,0.3048035941377369,2.6649229662786587,0.41794395157007425,0.6548456613827827,False
2382.TW,2449.TW,0.260175940439653,0.2533934794915524,0.2603096828301842,1.2636697776057608,0.628410955408749,0.628410955408749,False
2382.TW,2454.TW,0.00041422490813513077,0.02624588277684283,0.08875391838668717,27.78692332283373,0.04265180344410766,0.4793612647890109,False
2382.TW,2492.TW,0.0005733398080364573,0.22684101947601826,0.006075060549065672,3.073941048361207,0.047724201279063676,0.15782364443122415,False
2382.TW,3008.TW,0.00017066979659569707,0.03702440992093892,0.5941532274138893,17.359802295594797,0.025941809082545956,0.7916406808892713,False
2382.TW,3017.TW,0.1879048209565211,0.03789820992302806,0.20057248191565236,15.277687883272048,0.5854110184833432,0.5928883537888023,False
2382.TW,3034.TW,0.1075508897211237,0.3118707830359144,0.17668925795935603,0.7076314204228102,0.5108667261753376,0.5755021544961881,False
2382.TW,3036.TW,0.020140161830521836,0.43247321505926284,0.03316813528329292,1.1575723765082317,0.27140746916804165,0.3387829266712026,False
2382.TW,3037.TW,0.0013831220464817057,0.08324883383738439,0.017973754345009207,8.141864028055167,0.06792193188260931,0.25727454649896586,False
2382.TW,3044.TW,0.0002244682479712187,0.3202509096646748,0.040837805113246674,2.133901949405024,0.028660105900965203,0.35713499704515994,False
2382.TW,3081.TWO,0.046619833218928985,0.028440481192383467,0.16281755342099247,19.967527826565338,0.3801065534453306,0.5669379485449833,False
2382.TW,3105.TWO,0.04777630117775915,0.13894377888233628,0.25938838818525883,4.131854505736948,0.38317073708393773,0.628410955408749,False
2382.TW,3189.TW,9.011767111512741e-05,0.13036344031677044,0.0035051189789747222,5.683550475438158,0.02212735432303744,0.11659536267833182,False
2382.TW,3231.TW,0.6160554894956793,1.5737074248182727,0.21004422594948702,0.3424600219538623,0.8030745864299375,0.6002338130982655,False
2382.TW,3443.TW,0.0011783634024251954,0.019181523430391575,0.0679759730013151,32.168091738863964,0.062433317557080995,0.441742279505399,False
2382.TW,3481.TW,0.00020738199318758895,1.8813217631845223,0.005823208050679812,0.3701445343012495,0.02767777007254692,0.154897334148083,False
2382.TW,3533.TW,0.19607456329582335,0.04779390007389127,0.15308057067272646,11.477244076397836,0.5885773573387804,0.5668107069759519,False
2382.TW,3653.TW,0.5943927641803659,0.019275302392474315,0.14733096648506316,19.241770147340567,0.7916406808892713,0.5638729948376409,False
2382.TW,3661.TW,0.5480115375203577,0.030494567000136905,0.14466553264033832,8.7784154331956,0.7774851657583627,0.5638729948376409,False
2382.TW,3665.TW,0.5929404321883627,0.04068953948305171,0.43867340728312376,12.054461089000284,0.7916406808892713,0.7322634660357938,False
2382.TW,3711.TW,0.0022152477347137647,0.1679934793595859,0.026221636521457235,4.119343216599505,0.08519362372537756,0.3047488933465974,False
2382.TW,4938.TW,0.07560878565124095,3.8322879286575553,0.12570140629360538,0.1711659137114583,0.45110886691357216,0.5450194658850359,False
2382.TW,4958.TW,2.4099300428877163e-06,0.1914304484952632,0.00010459346414015477,3.9168236810676538,0.0038462483484487955,0.02384730982395529,True
2382.TW,5274.TWO,0.010073727078695704,0.005771906381420739,0.05381186688694239,115.09489562161261,0.19624455989448766,0.4041587743602825,False
2382.TW,6139.TW,0.003634478840169993,0.14290638932123884,0.03991489469221065,3.9158839229783684,0.11718440866487494,0.35391206627093447,False
2382.TW,6223.TWO,0.000608709208785321,0.014753884396485614,0.007019155196312467,46.03342873487516,0.048574994861068616,0.1659640250861437,False
2382.TW,6239.TW,0.06298596622399144,0.3618952929727727,0.08262315199215858,1.6141915710337238,0.43051649718839546,0.4692759807099114,False
2382.TW,6274.TWO,0.00014048616228902748,0.05980915195354583,0.0024487935871301625,12.799340068563923,0.02413539962159338,0.09089010616417999,False
2382.TW,6415.TW,0.00207486247750897,0.18840318495363845,0.36026511668774275,2.88311750660423,0.0838349497241599,0.6967752562945214,False
2382.TW,6488.TWO,3.4871410378777454e-05,0.14725407447392846,0.015939098583876793,5.208766716000941,0.014551405897622664,0.24343350564466373,False
2382.TW,6515.TW,0.18766274738969957,0.007026101214813799,0.28094409457466285,77.58724193183193,0.5854110184833432,0.6351087463755835,False
2382.TW,6669.TW,0.2171618673389587,0.025373754092058103,0.12441626670232026,17.59298774528612,0.6029806254311113,0.5450194658850359,False
2382.TW,6770.TW,0.15067528419753567,0.8990184353284449,0.4100598941739261,0.4532846475240416,0.5668107069759519,0.7218440953704399,False
2382.TW,8046.TW,0.0006841321184160236,0.09143391534926995,0.08406596717171061,7.337367819088706,0.04940129872537767,0.4732602596333338,False
2382.TW,8069.TWO,0.8164095553248694,-0.1555877250684675,0.48029720438057305,-0.18147360681207172,0.920840742260418,0.7524995405581755,False
2382.TW,8299.TWO,0.1081657822492883,0.029230973929086825,0.23474855042929305,15.63511515268262,0.5115039658366345,0.6093136992901628,False
2383.TW,2395.TW,0.23436111108086122,19.73543384280938,0.16023014114113526,0.03679365938172152,0.6093136992901628,0.5668107069759519,False
2383.TW,2404.TW,0.47673501820052416,5.992395320105851,0.08635670760520858,0.06276431701909306,0.7516431731688717,0.47743632374033007,False
2383.TW,2408.TW,0.33658295267437477,10.76386528627901,0.35388613546023073,0.06312622886121198,0.6806602835638146,0.6913160853683338,False
2383.TW,2449.TW,0.9432730081519601,16.31926988826729,0.35483620165347707,0.035074592014009184,0.9856263375850706,0.6919520226824464,False
2383.TW,2454.TW,0.07103562881090805,1.3637113388489188,0.0164265723364525,0.6222364797591352,0.4454729413839263,0.24501691073811396,False
2383.TW,2492.TW,0.06444178049491399,10.416073242990745,0.009314247670688884,0.06083194583178628,0.4340567168941026,0.18830862439467722,False
2383.TW,3008.TW,0.2846666498632375,1.7682444730192757,0.2898239060681598,0.357316176323533,0.6373544054500663,0.6407954457572705,False
2383.TW,3017.TW,0.6279409962844554,2.264141700282785,0.3379497831629532,0.39336551049626045,0.8121700161704167,0.6810200175859512,False
2383.TW,3034.TW,0.7227228303308564,12.22989442779934,0.2380774311708888,0.011959385498315774,0.8672161966088122,0.6148380614650159,False
2383.TW,3036.TW,0.06781843647402781,26.473299074897348,0.009124745159730063,0.030538714022072727,0.441742279505399,0.18830862439467722,False
2383.TW,3037.TW,0.06877890526624725,4.824837645853808,0.06267861698227814,0.2033677717368465,0.44224342744511946,0.43036502479239186,False
2383.TW,3044.TW,0.011586741034657103,17.784397239521898,0.0009138575229452369,0.05107130766180895,0.2089662410412493,0.05719672967139601,False
2383.TW,3081.TWO,0.990361587372246,1.7434518829180647,0.9602209121705692,0.5275347386294602,0.9967295800266528,0.9895682492838545,False
2383.TW,3105.TWO,0.9367889576435247,8.446764093820882,0.7545848446064745,0.10825551206456913,0.9826586765685609,0.8866362833813781,False
2383.TW,3189.TW,0.02146218355353088,7.1387973675563146,0.03353856204158603,0.1341351818854819,0.27722684850309115,0.3387829266712026,False
2383.TW,3231.TW,0.8437659084050051,55.525753422930606,0.12454070320640409,0.005207557643297795,0.9351738818155474,0.5450194658850359,False
2383.TW,3443.TW,0.19203992000335113,1.1256068875079117,0.1182721054797336,0.8135470662247601,0.5865946647375089,0.5364419273925337,False
2383.TW,3481.TW,0.23702719040141002,96.87002942787785,0.22931724515644375,0.008213938227591297,0.6131205767919778,0.6063346118644085,False
2383.TW,3533.TW,0.892927076956433,2.8577800330185683,0.6267497792798156,0.2957656154571963,0.96038288042902,0.8120748449467547,False
2383.TW,3653.TW,0.9128190919352497,1.2244453697906363,0.6078143103268956,0.5267893364575773,0.9680128044708693,0.7998186460409389,False
2383.TW,3661.TW,0.8452007086007609,1.7083273804967818,0.11009075321761402,0.2119427181014677,0.9359989990712727,0.5160200943768339,False
2383.TW,3665.TW,0.8856029433684995,2.4418357625232474,0.5558424940321266,0.31177063983087194,0.9553378152187396,0.7777285183266024,False
2383.TW,3711.TW,0.4645446908812266,9.517934937071281,0.460008806202701,0.10058472300916504,0.7481466464646193,0.7459322996625399,False
2383.TW,4938.TW,0.1676123015653293,160.68061083611877,0.006548195607100616,0.00309297468222752,0.5699821811675664,0.1632862485725944,False
2383.TW,4958.TW,0.4623094908250089,10.104371169104553,0.5567550089437981,0.08910170929649719,0.7468392019483673,0.7777285183266024,False
2383.TW,5274.TWO,0.8011023557087339,0.3362593071974762,0.6991235762165151,2.8897803813283325,0.9117665309039532,0.8562183604706857,False
2383.TW,6139.TW,0.47388866167219934,8.267592158023254,0.3811678502144417,0.0976362177558682,0.7516431731688717,0.7052454256180722,False
2383.TW,6223.TWO,0.012402488098962718,0.8474672369134111,0.00792691057908121,1.1395768140928766,0.2175205605048846,0.17818801808751566,False
2383.TW,6239.TW,0.5001798749962678,18.778866149374323,0.03429657159372712,0.036099006247541685,0.7589318290757685,0.3396173230894244,False
2383.TW,6274.TWO,0.2927698136545865,3.198715135541126,0.26444955804873915,0.2950184917056904,0.6436096729927273,0.6299425293220712,False
2383.TW,6415.TW,0.26852412283831517,10.045927950860577,0.41619286396360233,0.06625488453414875,0.6301123004126558,0.7251569987837437,False
2383.TW,6488.TWO,0.2432892340014628,7.12385362593213,0.21946358406444721,0.10860162250218172,0.6178447528508428,0.603314327504752,False
2383.TW,6515.TW,0.6920051119073866,0.43374871501568946,0.5095506418092938,2.0642764249431083,0.853178956048041,0.7636082857536459,False
2383.TW,6669.TW,0.8841435677428134,1.3246698863776043,0.26364940259586556,0.3958368998630874,0.9549051820104241,0.6291671575391475,False
2383.TW,6770.TW,0.7100986294654023,53.226553611579206,0.5283623261414041,0.011566034907550865,0.8597999354534928,0.7684830285243445,False
2383.TW,8046.TW,0.14738609681949016,5.273787556055636,0.11704718110402551,0.18239349436977503,0.5638729948376409,0.5358428188946288,False
2383.TW,8069.TWO,0.988800677227028,-14.187009893950037,0.6132729873198014,-0.007131530619649054,0.9965334775141048,0.8023939543613954,False
2383.TW,8299.TWO,0.8001223353602505,1.747616522731469,0.4685517142203685,0.40286327606417766,0.9117665309039532,0.749786863292147,False
2395.TW,2404.TW,0.24700932768681166,0.2528554893658586,0.06393665685708882,1.420556239141524,0.6198310750871392,0.433329409859038,False
2395.TW,2408.TW,0.6464141121760829,0.3317284495013055,0.782911913640431,1.043513338979684,0.8249473683663742,0.9004874188875165,False
2395.TW,2449.TW,0.8658499756209301,0.3867741295476057,0.31814770388844993,0.44588515650837934,0.946180459494012,0.6663566081443124,False
2395.TW,2454.TW,0.15302002972593276,0.059703890753108654,0.175059295520122,14.61198930235292,0.5668107069759519,0.5742952428573787,False
2395.TW,2492.TW,0.28804786155980355,0.4508189076986703,0.4160951563068834,1.4122237149243444,0.639568127326856,0.7251569987837437,False
2395.TW,3008.TW,0.042619587275129586,0.08080165257351299,0.21856316263719505,8.757987200300489,0.36277792688590305,0.603314327504752,False
2395.TW,3017.TW,0.5947808593514131,0.07131517471875204,0.2834339693162289,6.645816116599437,0.7916406808892713,0.6371276268009878,False
2395.TW,3034.TW,0.19987290712599315,0.9909280209507674,0.05980477831963058,0.5197589312619836,0.5928749277079787,0.42327461728660937,False
2395.TW,3036.TW,0.8492353556666725,0.9910383641065904,0.5282368093801313,0.6132066277665432,0.9383036536130214,0.7684830285243445,False
2395.TW,3037.TW,0.25480353058921185,0.1775461096695823,0.28988365403305094,4.0140638939272355,0.6263309376480133,0.6407954457572705,False
2395.TW,3044.TW,0.08199108347983802,0.6560024276496061,0.02405183321175453,1.0104549796409066,0.46818522087234876,0.2940129004958609,False
2395.TW,3081.TWO,0.6287767512716709,0.06115250413972327,0.4390827926041696,9.924966230430496,0.8125730324126208,0.7322634660357938,False
2395.TW,3105.TWO,0.7060804024153681,0.2756010907101002,0.29514460286555816,1.8945858084576601,0.8590384243714643,0.6449348154523801,False
2395.TW,3189.TW,0.18973103691842869,0.27016453501517346,0.41135163204224007,2.722824688742791,0.5854110184833432,0.7218440953704399,False
2395.TW,3231.TW,0.8427132185458399,1.8326693082433454,0.18457996407355587,0.09219288952101239,0.9351738818155474,0.5837457490770517,False
2395.TW,3443.TW,0.4793478698127377,0.03990572188127064,0.30579828693974087,15.470516283362858,0.7524995405581755,0.6561941860011535,False
2395.TW,3481.TW,0.39310676652393306,3.916027371380439,0.8432532334801308,0.17810717440990143,0.713358043629559,0.9351738818155474,False
2395.TW,3533.TW,0.5849322998868102,0.10731181701070522,0.3332430185772924,5.95717184812747,0.7909837517549271,0.6792539689008412,False
2395.TW,3653.TW,0.745384740162307,0.02982402797207121,0.10246160795677478,6.882362669379855,0.8818064643051443,0.5019085811928344,False
2395.TW,3661.TW,0.2945497743525552,0.09332299406317762,0.02770471448065554,6.210259618707407,0.6449348154523801,0.3117067007615834,False
2395.TW,3665.TW,0.5561457228824984,0.0701486598561945,0.44152132142065786,4.804097768042562,0.7777285183266024,0.733706752619209,False
2395.TW,3711.TW,0.36765446822355374,0.3345621679745197,0.43272687828423695,1.8964430991423396,0.7018447570317302,0.7306457763094493,False
2395.TW,4938.TW,0.07369708628432996,7.776358463236269,0.014126826217563056,0.08029025869738084,0.4464041616089124,0.22791115343054688,False
2395.TW,4958.TW,0.036220643372008594,0.41970242446895745,0.07299498326885799,1.985143549119348,0.34399657865144706,0.4464041616089124,False
2395.TW,5274.TWO,0.4850682027424403,0.011843573654963153,0.3734703811482981,54.594260049359065,0.7549953060504379,0.7037836288850602,False
2395.TW,6139.TW,0.43740232979084115,0.25688124065867607,0.5899621617094339,1.6271889527863093,0.7322634660357938,0.7916099866389914,False
2395.TW,6223.TWO,0.22162888030198247,0.029921464818414095,0.3498767125613875,21.581281632207823,0.603314327504752,0.6878431787251259,False
2395.TW,6239.TW,0.5911621387757183,0.6651350233010926,0.44211959094484976,0.6858188080588923,0.7916099866389914,0.733706752619209,False
2395.TW,6274.TWO,0.2542367031073423,0.12669901718496893,0.164209285942014,6.267879136965725,0.6263309376480133,0.5669379485449833,False
2395.TW,6415.TW,0.0007959468069321693,0.4985519489270791,0.1272391811384153,1.7636481820956442,0.052992236736064506,0.5450194658850359,False
2395.TW,6488.TWO,0.0698835871557071,0.3018887258713183,0.025438963762076765,2.4685499252386975,0.44224342744511946,0.30379041395382567,False
2395.TW,6515.TW,0.6060793537945128,0.013944336429274248,0.4448157329098931,35.59600000598038,0.7993223266517591,0.7349129500250409,False
2395.TW,6669.TW,0.7904822277513838,0.041818329611515895,0.22490834322308817,6.702687762918593,0.9050284329205226,0.603314327504752,False
2395.TW,6770.TW,0.7824393712129651,1.5296162372875008,0.5797453561152017,0.17828398440738877,0.9004874188875165,0.7901567791288316,False
2395.TW,8046.TW,0.22197066708808505,0.18488850888384978,0.2285101666092228,3.429812090412536,0.603314327504752,0.6058176510104977,False
2395.TW,8069.TWO,0.9427353767900939,0.22489728969331735,0.47292750894159796,0.06063868792187886,0.9856263375850706,0.7516431731688717,False
2395.TW,8299.TWO,0.7803497478692194,0.053498138542539354,0.49731671919238535,6.61490944775592,0.9004874188875165,0.7589318290757685,False
2404.TW,2408.TW,0.0832182513252559,0.7789576120015687,0.471926725695756,0.43615722014601355,0.47087473305096794,0.7516431731688717,False
2404.TW,2449.TW,0.35536661632854805,1.1165729217765221,0.5440095940928817,0.2291219218777602,0.6925093036146064,0.7768053499858808,False
2404.TW,2454.TW,0.07319581790420346,0.10130925510204225,0.3360772962879061,4.413364407718522,0.4464041616089124,0.6806602835638146,False
2404.TW,2492.TW,0.02635046822169827,0.8818941481446532,0.5169797934813783,0.49173576097514227,0.3047488933465974,0.7650806630521041,False
2404.TW,3008.TW,0.010082740545957385,0.15844761304384,0.576189958031993,3.056917502753835,0.19624455989448766,0.788678608796208,False
2404.TW,3017.TW,0.30191051033835353,0.12342027695091051,0.47782198967190354,2.047230962079623,0.652848268675402,0.7517041848362327,False
2404.TW,3034.TW,0.16065722181359693,0.6641456762101501,0.27537269489694405,0.06200649107758376,0.5668107069759519,0.6337345164348842,False
2404.TW,3036.TW,0.27936330620822497,1.4362936186265767,0.5522615440031439,0.1581880086034228,0.6348475462705305,0.7774851657583627,False
2404.TW,3037.TW,0.10199843133089098,0.30125480087813244,0.528282437310236,1.2123305565806701,0.5019085811928344,0.7684830285243445,False
2404.TW,3044.TW,0.09002638942643082,1.316525691641445,0.23419482975813943,0.36095645694875245,0.4837781734834464,0.6093136992901628,False
2404.TW,3081.TWO,0.3188195115630563,0.09734750173865997,0.6351884680830397,2.812247614677797,0.6668158819723176,0.8163515943564432,False
2404.TW,3105.TWO,0.2605936969559438,0.48376288139435064,0.599495112624809,0.5919429393656783,0.628410955408749,0.7946795678980026,False
2404.TW,3189.TW,0.0403941781566526,0.47341491624534604,0.5839225273107875,0.8492728371160195,0.3553165653177377,0.7909837517549271,False
2404.TW,3231.TW,0.26130700983725413,3.3916704991538342,0.07873666713474531,0.03036972983584012,0.628410955408749,0.4612282488732073,False
2404.TW,3443.TW,0.18293451115765685,0.06876547316129833,0.4545324964539541,4.745194582453432,0.5827614367417571,0.7436533719533683,False
2404.TW,3481.TW,0.06791287822582091,7.9845153091104955,0.7690451875603799,0.06463953261276403,0.441742279505399,0.8931066178047269,False
2404.TW,3533.TW,0.271487735131155,0.15405353663665897,0.5139844604992974,1.5222227471505962,0.6320852301521858,0.7647614970206067,False
2404.TW,3653.TW,0.3817066863695751,0.06257710216130524,0.5112772245165913,2.5703996804873697,0.7052454256180722,0.764535149671262,False
2404.TW,3661.TW,0.3095057808602293,0.1640048002895253,0.10274648951273818,1.9426367782050908,0.6588758875716667,0.5019085811928344,False
2404.TW,3665.TW,0.4306268179609891,0.1114403002021552,0.6096362048300765,1.358465728319182,0.7293996897852223,0.7998186460409389,False
2404.TW,3711.TW,0.06495309435942802,0.6090130320408044,0.5498910033092873,0.6144740226055192,0.43465466917252454,0.7774851657583627,False
2404.TW,4938.TW,0.21551183155431408,6.209891774123846,0.1860172790265181,0.011412599349918699,0.602376327777032,0.58464455473729,False
2404.TW,4958.TW,0.03455979566198872,0.761151128602246,0.45435604084269704,0.6408188658265161,0.3396173230894244,0.7436533719533683,False
2404.TW,5274.TWO,0.1538542413626824,0.019995290286477202,0.5000723739409433,16.406120113185228,0.5668107069759519,0.7589318290757685,False
2404.TW,6139.TW,0.15912141582995365,0.5826370898899983,0.7761881045429262,0.6569278581759603,0.5668107069759519,0.8974021283844951,False
2404.TW,6223.TWO,0.15780159369782137,0.05285160251478302,0.6261653950369656,6.785260035455298,0.5668107069759519,0.8120748449467547,False
2404.TW,6239.TW,0.15543384403900945,1.483623575226677,0.2091859494549061,0.2722934877688171,0.5668107069759519,0.5988534086637312,False
2404.TW,6274.TWO,0.062155337115743135,0.21619035063825742,0.3745676124056013,1.9036961331680256,0.42850936516944294,0.7045490977010486,False
2404.TW,6415.TW,0.025027659985934946,0.7228588565834886,0.4806951580704335,0.45516514475898984,0.30146524783058243,0.7524995405581755,False
2404.TW,6488.TWO,0.03190609027881804,0.5648559500353519,0.16271558185049134,0.8221417117640042,0.3345722582673557,0.5669379485449833,False
2404.TW,6515.TW,0.2662631032866498,0.023013510894490587,0.5683187183787265,10.456833167885534,0.6301008948668586,0.7841277104462303,False
2404.TW,6669.TW,0.39491743648060285,0.08646355014662713,0.36809121447844917,2.4667737898944813,0.7142521031225986,0.7018447570317302,False
2404.TW,6770.TW,0.19109953519519884,3.6419309035941367,0.4934969819103804,0.07555713862658656,0.5860003894332116,0.7576923358624023,False
2404.TW,8046.TW,0.15769565403184155,0.30875566137349525,0.7062419539868867,1.0195048382003156,0.5668107069759519,0.8590384243714643,False
2404.TW,8069.TWO,0.3857520776442205,0.6525477926155097,0.4373649464622445,0.031317843774888644,0.7068430722390079,0.7322634660357938,False
2404.TW,8299.TWO,0.2065672696451658,0.11200664907958097,0.5061672640440951,2.4651479619473116,0.5956302842884997,0.7624756521136156,False
2408.TW,2449.TW,0.500120781597493,1.507227934736176,0.18115818870920525,0.5523689351003016,0.7589318290757685,0.5812364797687329,False
2408.TW,2454.TW,0.6140601166605808,0.08862063647238853,0.12989027933470748,6.8948733057342135,0.8023939543613954,0.5450194658850359,False
2408.TW,2492.TW,0.5168104276384109,0.8009618538186618,0.791068288687393,0.7976234703490823,0.7650806630521041,0.9051592869727828,False
2408.TW,3008.TW,0.5245906708490633,0.12201998906576411,0.8999252746418935,4.20435867416947,0.7673705122206659,0.9630009683595524,False
2408.TW,3017.TW,0.7489026786340152,0.14986041188063787,0.45891395018392656,4.439540332612985,0.8843867370328437,0.7458520005025935,False
2408.TW,3034.TW,0.9801503333285375,0.20525768320291626,0.595366488150014,0.0342250418551803,0.9951023516355849,0.7916406808892713,False
2408.TW,3036.TW,0.8966505880263316,1.7321066539585153,0.061094007449246215,0.34070281149372816,0.9613021503119777,0.42679837820154587,False
2408.TW,3037.TW,0.3741455842012956,0.31513246467928974,0.5123184361544931,2.2649101628789667,0.7041702268694197,0.7647614970206067,False
2408.TW,3044.TW,0.42255504529221394,1.2240875791576578,0.20163182879732877,0.5993889427235917,0.7274255828548836,0.593962586344082,False
2408.TW,3081.TWO,0.8634791718651789,0.10498287107822377,0.6769064835221428,5.41649007465721,0.9445598069203739,0.8424206249413466,False
2408.TW,3105.TWO,0.7569392383880178,0.5555121523698895,0.5293514141533712,1.2139802623881841,0.888044142895469,0.7684830285243445,False
2408.TW,3189.TW,0.4874735992736266,0.4805324752128203,0.7109768899436526,1.5395677292392622,0.7549953060504379,0.8597999354534928,False
2408.TW,3231.TW,0.67872208323621,5.292966251586623,0.021549430948289303,0.0846441910834132,0.8434878040640394,0.27722684850309115,False
2408.TW,3443.TW,0.1350538727512791,0.07772088470028121,0.06282897918335044,9.578380497931732,0.5498621962016365,0.43036502479239186,False
2408.TW,3481.TW,0.48991946802223557,7.3312777350002385,0.6703380102820071,0.10599858834002246,0.7558351580120715,0.8402261267662305,False
2408.TW,3533.TW,0.8945336475422399,0.1503883453100159,0.6673256689112548,2.6539422898834966,0.9613007188608113,0.8392842928151005,False
2408.TW,3653.TW,0.827633705450963,0.0831058585149384,0.3138739577979396,6.096598718112553,0.9259274218139959,0.6626227997956503,False
2408.TW,3661.TW,0.9632248527389835,0.06894541356758793,0.19030454254569196,1.4585159652788962,0.9901096439578941,0.5857783026093044,False
2408.TW,3665.TW,0.3829616714971482,0.1556087375155882,0.4112976156958966,3.387748422446668,0.7052454256180722,0.7218440953704399,False
2408.TW,3711.TW,0.31464301349362883,0.6755388559426321,0.31136473060266645,1.2173011571939079,0.6633688897435027,0.6603828704875158,False
2408.TW,4938.TW,0.6403438151671235,7.669323401635507,0.3262394701903891,0.02517261600087236,0.8205449450074099,0.6718428315146594,False
2408.TW,4958.TW,0.5749690714627254,0.6304743362543208,0.778547397597652,0.9479874017882546,0.7876829511197508,0.8987787678595679,False
2408.TW,5274.TWO,0.7893923228066096,0.02235737407207454,0.6488108400447441,32.761948704613005,0.9046718745435457,0.8264182767050372,False
2408.TW,6139.TW,0.017702847451097976,0.6506734351876664,0.020467711060398706,1.31024764336469,0.25685222301774885,0.2722205571033028,False
2408.TW,6223.TWO,0.4006684452024468,0.057169294033947125,0.32496424693933784,13.108165760221397,0.7164894549502578,0.6718172773512736,False
2408.TW,6239.TW,0.017596601724344265,1.6541701704220717,0.008488243494639785,0.5422061925709634,0.25685222301774885,0.18096651349619955,False
2408.TW,6274.TWO,0.33478575231358276,0.2093385826360198,0.45707297286733567,3.2921632350004786,0.6797939703466642,0.7447506559108571,False
2408.TW,6415.TW,0.6039141858007596,0.5216836691659277,0.6009934541530092,0.5866694754632615,0.7976016858757216,0.795465568641692,False
2408.TW,6488.TWO,0.5142282445875526,0.4994221509148229,0.5643327977992197,1.298217727473276,0.7647614970206067,0.7827876813349984,False
2408.TW,6515.TW,0.7357431008582976,0.028080075272648587,0.5538607134218764,22.786956719475604,0.8770709100257716,0.7774851657583627,False
2408.TW,6669.TW,0.7821485598776612,0.10698885534213086,0.2524325016008176,5.451368776406548,0.9004874188875165,0.6257481890271236,False
2408.TW,6770.TW,0.26127848604856274,4.9655391911239075,0.08692863739430123,0.18398438871070635,0.628410955408749,0.47743632374033007,False
2408.TW,8046.TW,0.22184303583603443,0.3394409791776911,0.3722331694165386,2.0017479504223337,0.603314327504752,0.7037836288850602,False
2408.TW,8069.TWO,0.9544048449495739,-1.6255575875458246,0.6155008873851577,-0.13933256989121315,0.9880053478676941,0.8030745864299375,False
2408.TW,8299.TWO,0.0015999379212653605,0.15345594926401557,0.001527824300076079,6.031893657945039,0.07192960344618353,0.07123220841316116,False
2449.TW,2454.TW,0.32109750159683326,0.04175334453176198,0.08871462826164561,8.864053797975314,0.6690229928832192,0.4793612647890109,False
2449.TW,2492.TW,0.40875890696322636,0.3354291540298635,0.5407617905294887,0.9114578445400299,0.721289957853963,0.7750838057342289,False
2449.TW,3008.TW,0.3274734176003702,0.047537473529469576,0.9495074584250378,4.469454928108364,0.6735149155801429,0.9872403281083781,False
2449.TW,3017.TW,0.23420636949265317,0.0937930504194836,0.3670400919340657,7.581784446692639,0.6093136992901628,0.7018447570317302,False
2449.TW,3034.TW,0.8861595423978799,-0.3104010630995503,0.9298422061164437,-0.14122690898689322,0.9556152903155516,0.9782651028093897,False
2449.TW,3036.TW,0.22408653533955863,1.0403674931291513,0.07147685062096305,0.5583898942787381,0.603314327504752,0.4459935071108942,False
2449.TW,3037.TW,0.39438900500454127,0.17675439101440601,0.9148583639839665,3.4663924847627365,0.7142521031225986,0.9688878227726678,False
2449.TW,3044.TW,0.3606290028733216,0.6810123318603576,0.5719961809969507,0.9099151595806758,0.6967752562945214,0.7859715065614579,False
2449.TW,3081.TWO,0.26147194353803294,0.06424995411886986,0.5308774014203074,9.045280025492186,0.628410955408749,0.7684830285243445,False
2449.TW,3105.TWO,0.20527346639571098,0.337698157329066,0.41403500236093727,2.013707748642477,0.5952239519829529,0.7233848910851711,False
2449.TW,3189.TW,0.45757729783312134,0.25611015914915636,0.9776393320699007,2.2389920446694,0.7447506559108571,0.9945143533001516,False
2449.TW,3231.TW,0.35851441723297073,2.7367234358580115,0.1870213851398233,0.11942043088821859,0.6960936860143812,0.5854110184833432,False
2449.TW,3443.TW,0.33198270905025257,0.043713097179109074,0.5051241295614759,14.699941845653301,0.6775503882918198,0.7618448610838986,False
2449.TW,3481.TW,0.5434002512585018,3.570820996322011,0.9951498189256036,0.14087637804961606,0.7768053499858808,0.9973369613847807,False
2449.TW,3533.TW,0.46830050043719007,0.09274157601996588,0.6993416998067261,4.465822468252558,0.749786863292147,0.8562183604706857,False
2449.TW,3653.TW,0.1286687426774969,0.05862503644151307,0.08500898729220768,11.735153761410114,0.5450194658850359,0.47438581719707507,False
2449.TW,3661.TW,0.27499823095084575,0.026049816927520016,0.22103953782961805,1.5036964360390987,0.6337345164348842,0.603314327504752,False
2449.TW,3665.TW,0.3687543002812278,0.10359370238007756,0.2017090988712359,6.154038598388138,0.7023053260726009,0.593962586344082,False
2449.TW,3711.TW,0.37680460484297473,0.3805073898117241,0.8693613939536654,1.8709426918308214,0.7052454256180722,0.9476478188738479,False
2449.TW,4938.TW,0.17775973824548802,2.7246131617431617,0.2888099307889432,0.024402023332631535,0.5769651656931043,0.6397740355115807,False
2449.TW,4958.TW,0.4853192134412826,0.30596417931923825,0.9781094239059019,1.2553228259498936,0.7549953060504379,0.9946241736564635,False
2449.TW,5274.TWO,0.23336634842883847,0.012756124768225616,0.5910771373603935,51.00554351049995,0.6093136992901628,0.7916099866389914,False
2449.TW,6139.TW,0.7472713511212302,0.3759231253341573,0.9606266711887227,2.065565837326946,0.8831137181706653,0.9895682492838545,False
2449.TW,6223.TWO,0.27535792158304895,0.03221476464402654,0.693275410035781,20.155043820329382,0.6337345164348842,0.853426574945705,False
2449.TW,6239.TW,0.24024427418190247,0.8826773688302629,0.033972716599164905,0.7894706132147189,0.6149433894428009,0.3396173230894244,False
2449.TW,6274.TWO,0.36433462902879377,0.10674555477915104,0.9175173744638803,4.5806970328800825,0.6993197704544165,0.9702717638112688,False
2449.TW,6415.TW,0.051339393944330125,0.1974787925979537,0.9592929434242996,0.6059773651321358,0.3987234682975712,0.9895682492838545,False
2449.TW,6488.TWO,0.5476289917787063,0.2400038850719593,0.9565431740647132,1.7023454525874926,0.7774851657583627,0.9880053478676941,False
2449.TW,6515.TW,0.1660028569381089,0.01744933941933037,0.37288125898807856,38.638186893215675,0.5669379485449833,0.7037836288850602,False
2449.TW,6669.TW,0.38248811267893545,0.06398947132337049,0.2706398856267034,8.896623909892963,0.7052454256180722,0.6320609092976477,False
2449.TW,6770.TW,0.004473983921645345,2.980802695109223,0.036419130396917423,0.3013682380292946,0.12750854176689233,0.34399657865144706,False
2449.TW,8046.TW,0.5248051126077405,0.19737688356313393,0.93554148372052,3.1760775424993657,0.7673705122206659,0.9818832026568253,False
2449.TW,8069.TWO,0.2813663915647908,-1.2951548604649183,0.28902072656882816,-0.30291562529937444,0.6351637354135872,0.6397740355115807,False
2449.TW,8299.TWO,0.007871994645474436,0.09071708844492568,0.016290454839242564,9.729908091561054,0.17818801808751566,0.24412737956273362,False
2454.TW,2492.TW,0.07452901018059216,7.905146673489098,0.08534976363872343,0.1011823119238105,0.44717406108355295,0.475456274929852,False
2454.TW,3008.TW,0.21455575717915776,1.3435752369405505,0.10890915714045779,0.595030657434757,0.6020077449438604,0.5124500917917388,False
2454.TW,3017.TW,0.14319731355132354,1.2732462921910344,0.42668312949462656,0.4848105684935633,0.561530497365878,0.7282852850705274,False
2454.TW,3034.TW,0.34309785886033023,12.38817667899982,0.10017160864960628,0.026549755768661278,0.6841291730111788,0.500387754005545,False
2454.TW,3036.TW,0.6952827469391443,15.841151615971995,0.3953895570857242,0.040049436732257235,0.8545793331650937,0.7142521031225986,False
2454.TW,3037.TW,0.07032022292846839,3.0206684404072632,0.3261643917310255,0.27904192992826377,0.4427261372537891,0.6718428315146594,False
2454.TW,3044.TW,0.07337697879291485,11.504363707980652,0.02727811542020964,0.07240480923868534,0.4464041616089124,0.3109705157903899,False
2454.TW,3081.TWO,0.36091769594179646,1.01003086154624,0.40312455933060154,0.669796269371483,0.6967752562945214,0.7180656213076341,False
2454.TW,3105.TWO,0.3399034114320548,4.83555670384027,0.28319682471190477,0.13582293678189028,0.6823900686832429,0.6370431744047921,False
2454.TW,3189.TW,0.08381014648965252,4.61069243604351,0.27867350167008,0.18986756609503055,0.47265368833033716,0.6348475462705305,False
2454.TW,3231.TW,0.7758471039291164,40.10711948651347,0.128732630302141,0.008243812022584653,0.8974021283844951,0.5450194658850359,False
2454.TW,3443.TW,0.4111335250088892,0.718188161852455,0.3769547111310633,1.1376303410991109,0.7218440953704399,0.7052454256180722,False
2454.TW,3481.TW,0.15182984077630185,67.38145356587808,0.36238266634380084,0.012521874850208708,0.5668107069759519,0.6972425985349079,False
2454.TW,3533.TW,0.03212462771984122,1.6617982214497076,0.12996256718991817,0.3769329975633378,0.3351039597442261,0.5450194658850359,False
2454.TW,3653.TW,0.23000925298865071,0.5889280103681587,0.3401261275924309,0.5552988258100031,0.6063346118644085,0.6823900686832429,False
2454.TW,3661.TW,0.5824571341864756,1.3895701454024247,0.05892781805109478,0.37782862308930887,0.7907934411661053,0.42221616796527073,False
2454.TW,3665.TW,0.01399052467435312,1.2921167257855233,0.12413870216183359,0.36156592549933964,0.22784568755375081,0.5450194658850359,False
2454.TW,3711.TW,0.16802877718142295,5.95683936169384,0.4139676118110463,0.13796602884005377,0.5699821811675664,0.7233848910851711,False
2454.TW,4938.TW,0.21509234405095629,113.84651766286314,0.0676572772691921,0.004802856651704261,0.602023376271831,0.441742279505399,False
2454.TW,4958.TW,0.0258949267096599,6.971749360626303,0.06063297248150753,0.1347365716793748,0.30388458109277355,0.42679837820154587,False
2454.TW,5274.TWO,0.6825204220570714,0.20649306053341718,0.5159501965874986,3.8892241013618563,0.8457318273315886,0.7650806630521041,False
2454.TW,6139.TW,0.22004308411512485,5.035792077262015,0.2908145320103682,0.13033668641261817,0.603314327504752,0.6419640291681158,False
2454.TW,6223.TWO,0.3218008055473874,0.5182632665001469,0.20059870674027752,1.5273483419486098,0.6692864283399467,0.5928883537888023,False
2454.TW,6239.TW,0.42123447379120715,12.99296929816847,0.19931166837992081,0.054739556584463986,0.7268002380224504,0.5923676401012171,False
2454.TW,6274.TWO,0.039015544094836034,2.157144912496099,0.061833308044122445,0.4360336203382654,0.35007296171687396,0.4281002797796939,False
2454.TW,6415.TW,0.1794045272241661,7.5709245152978255,0.16079778263522787,0.10943184999105438,0.5772774706648571,0.5668107069759519,False
2454.TW,6488.TWO,0.12940172935495764,5.132101392324924,0.12356996056815267,0.1714681794743632,0.5450194658850359,0.5450194658850359,False
2454.TW,6515.TW,0.6280674506728853,0.24011132813237007,0.3975007073335357,2.5044322303342934,0.8121700161704167,0.7149622212449926,False
2454.TW,6669.TW,0.800678313606737,0.8576473011522572,0.2046883241687309,0.561674000323466,0.9117665309039532,0.5952239519829529,False
2454.TW,6770.TW,0.7228347134651214,31.768301898807668,0.5252592472016487,0.01512924082259623,0.8672161966088122,0.7673705122206659,False
2454.TW,8046.TW,0.010724017232259722,3.1527535799492714,0.12815263556604467,0.2389701867095344,0.20375632741293473,0.5450194658850359,False
2454.TW,8069.TWO,0.4294911299120718,-1.2960398986083006,0.4879118485461112,-0.001427832403905762,0.7293996897852223,0.7549953060504379,False
2454.TW,8299.TWO,0.8099104687414009,1.0766898731158712,0.4860619104911609,0.5439627353647887,0.9170041001882003,0.7549953060504379,False
2492.TW,3008.TW,0.34275982335522487,0.16308855170914907,0.2587768365028825,5.642949468581597,0.6841291730111788,0.628410955408749,False
2492.TW,3017.TW,0.24918771726677535,0.11892858449350781,0.6408101403925714,3.5379463439811443,0.6214118699340211,0.8208129888174511,False
2492.TW,3034.TW,0.8950820214886075,1.2800592482384852,0.09664811649877825,0.21433275449728834,0.9613007188608113,0.4929496390647911,False
2492.TW,3036.TW,0.7347730220138495,1.4574007700252776,0.39628902294820395,0.28786839759798905,0.8769029654967255,0.7149622212449926,False
2492.TW,3037.TW,0.008132509094298973,0.29240840320812,0.1141758627599585,2.110384516619269,0.17879434810334932,0.5304939649633007,False
2492.TW,3044.TW,0.5132831761740563,1.146806893844182,0.3162972535460445,0.5638978505405603,0.7647614970206067,0.6655065647397298,False
2492.TW,3081.TWO,0.04817360317102434,0.08753396489786093,0.09039539195622726,4.5351328627481315,0.38538882536819474,0.48413102537630437,False
2492.TW,3105.TWO,0.21763298135206927,0.44860522826061056,0.14157202327421042,0.9844559787967695,0.6032223404990027,0.5602656262940361,False
2492.TW,3189.TW,0.38423455846217486,0.48087507733789703,0.4712466840159665,1.5471137054646338,0.7052454256180722,0.7516431731688717,False
2492.TW,3231.TW,0.9113815277044279,5.216786570212227,0.10545198301451669,0.08377511092643526,0.9680128044708693,0.5084633380397844,False
2492.TW,3443.TW,0.026643635048776326,0.06773308368829381,0.03694098891281134,8.382413996219906,0.3059793924977674,0.34399657865144706,False
2492.TW,3481.TW,0.3682091775978559,7.824776665122618,0.4802321790744306,0.11360730775771916,0.7018447570317302,0.7524995405581755,False
2492.TW,3533.TW,0.05567996808114861,0.1357385903531787,0.1599772040614364,2.405440046876875,0.41332664677913106,0.5668107069759519,False
2492.TW,3653.TW,0.6041982695637516,0.05255904932794288,0.495274770039118,3.871839799539009,0.7976016858757216,0.758788907946202,False
2492.TW,3661.TW,0.9846129669223065,0.10849559801315398,0.13885526189990222,2.3047925029891037,0.9955288534735516,0.5568165778699596,False
2492.TW,3665.TW,0.27108126091117785,0.11082505675425719,0.499791299692818,2.42286403450521,0.6320609092976477,0.7589318290757685,False
2492.TW,3711.TW,0.03793028524059638,0.6056576412193283,0.6076614789108609,1.0959451271566194,0.34592420139423896,0.7998186460409389,False
2492.TW,4938.TW,0.3984367979681185,11.53495592981648,0.04232881995153056,0.03801904006250755,0.7151127890606043,0.36241304922507006,False
2492.TW,4958.TW,0.017948148285550972,0.7287637502133897,0.07444332167827121,1.1003626058495,0.25727454649896586,0.44717406108355295,False
2492.TW,5274.TWO,0.15386489719866364,0.01968139269999336,0.4397680532148802,28.96134105037554,0.5668107069759519,0.7327324220982868,False
2492.TW,6139.TW,0.4943498441505251,0.5381371875766885,0.3795213038672747,1.088171191136869,0.7582723222145489,0.7052454256180722,False
2492.TW,6223.TWO,0.20753115621220575,0.052826705979609034,0.4087761697236275,12.16316322134026,0.5977886785177128,0.721289957853963,False
2492.TW,6239.TW,0.8544413659466482,1.477667802949055,0.47415655053590183,0.4863792148359415,0.9401505825927959,0.7516431731688717,False
2492.TW,6274.TWO,0.2474615591637253,0.22093175783431862,0.26209390914943703,3.4890254524417976,0.6198310750871392,0.628410955408749,False
2492.TW,6415.TW,0.7398311875386154,0.7454678911527647,0.3399467797575306,0.8418391157172369,0.8785564217567771,0.6823900686832429,False
2492.TW,6488.TWO,0.029129305407934708,0.5622975480972723,0.03138532582155303,1.467776170474979,0.3206232512487158,0.33332247104250246,False
2492.TW,6515.TW,0.10601425369290035,0.021975281995693485,0.5087630013298512,17.90756041303439,0.5086408441916881,0.7636082857536459,False
2492.TW,6669.TW,0.627926944556001,0.08779243140841772,0.3093771991266867,4.491981992229622,0.8121700161704167,0.6588758875716667,False
2492.TW,6770.TW,0.6303316766635152,3.492166273388122,0.6402857613393993,0.12993417170420113,0.812587947847297,0.8205449450074099,False
2492.TW,8046.TW,0.0006964468805269408,0.30284984523159064,0.07419943883519892,1.7934380736760103,0.04940129872537767,0.44717406108355295,False
2492.TW,8069.TWO,0.7681713691544636,-0.10782111330501164,0.48786553581854847,-0.009280428049451724,0.8929843671429231,0.7549953060504379,False
2492.TW,8299.TWO,0.460131797630182,0.10853570862077894,0.6791239525202323,4.284069430514835,0.7459322996625399,0.8434878040640394,False
3008.TW,3017.TW,0.711911417020769,0.6594178012907029,0.3823899301667554,0.5669476689651052,0.8604396982697065,0.7052454256180722,False
3008.TW,3034.TW,0.4509058431233024,9.011164578865273,0.05190246657473126,0.04360705022889499,0.741138749356118,0.40067735560516493,False
3008.TW,3036.TW,0.5824677526706298,8.13969684630726,0.2212737403895894,0.04646656200494555,0.7907934411661053,0.603314327504752,False
3008.TW,3037.TW,0.532417748681946,1.6937153883476028,0.4423330072448466,0.35328849188133044,0.7684830285243445,0.733706752619209,False
3008.TW,3044.TW,0.23103467828142704,6.688687396011696,0.13580634768159805,0.09505355368278728,0.606965179485033,0.5506811890537686,False
3008.TW,3081.TWO,0.43139487170283397,0.5209830325846235,0.47023999207246103,0.780107239912745,0.7293996897852223,0.7516304730572336,False
3008.TW,3105.TWO,0.9437935211613822,2.590460957976561,0.7084163516469032,0.16429575259268597,0.9856263375850706,0.8597999354534928,False
3008.TW,3189.TW,0.37090840978716183,2.748220669188877,0.5916202844559048,0.2555399942210317,0.7037836288850602,0.7916099866389914,False
3008.TW,3231.TW,0.6250158654817725,25.470372679747577,0.039101178632596066,0.011821281429172615,0.8116560791773059,0.35007296171687396,False
3008.TW,3443.TW,0.16379754177801398,0.39009978201464734,0.2272013303369662,1.3952797152135301,0.5669379485449833,0.6043555386963302,False
3008.TW,3481.TW,0.5691086387800393,44.8465499417473,0.5504160021261439,0.018818312248312943,0.7841277104462303,0.7774851657583627,False
3008.TW,3533.TW,0.6850878404891788,0.8446480180706124,0.4167815455397552,0.43259777801954225,0.8482546108772143,0.7253675132883061,False
3008.TW,3653.TW,0.9098589542961155,0.2778032417739241,0.4390723309570701,0.5914588065280578,0.9671228045665005,0.7322634660357938,False
3008.TW,3661.TW,0.6010848845751131,0.7821222202253577,0.09532057252772397,0.4801883882414022,0.795465568641692,0.4920242422835462,False
3008.TW,3665.TW,0.9357420747124257,0.5999688489769905,0.3544806481358481,0.379085434137592,0.9818832026568253,0.6919520226824464,False
3008.TW,3711.TW,0.6769451450421535,3.417030800545037,0.5401280767200388,0.17870134342951616,0.8424206249413466,0.7748713801754445,False
3008.TW,4938.TW,0.736540706289786,68.73438428241148,0.17806440377600624,0.006547516009897962,0.8771027026273336,0.5769651656931043,False
3008.TW,4958.TW,0.08705135977972184,4.342801659015863,0.12996932447881632,0.18951184987866104,0.47743632374033007,0.5450194658850359,False
3008.TW,5274.TWO,0.6315055769502423,0.11385275518510585,0.5064284466766202,4.841987909360867,0.8134648109867528,0.7625092461281943,False
3008.TW,6139.TW,0.710778080947327,2.935649440466372,0.3987548100559092,0.17156382777694987,0.8597999354534928,0.7151127890606043,False
3008.TW,6223.TWO,0.5206417596063163,0.3028630188388988,0.395268330095743,2.0153782410741163,0.7665537346233218,0.7142521031225986,False
3008.TW,6239.TW,0.8986749835402039,7.973187714229196,0.4574383670702947,0.07584858801203875,0.9622846519491214,0.7447506559108571,False
3008.TW,6274.TWO,0.5148284619059349,1.2858655701199668,0.43582575428423254,0.5868929226027936,0.7647614970206067,0.7314740015690061,False
3008.TW,6415.TW,0.003883850696113188,4.730493561795985,0.01911226434183289,0.15439169297879884,0.12052637552579547,0.265244990344046,False
3008.TW,6488.TWO,0.1527936604390589,3.2600989844190926,0.10804468965424768,0.2459471215139259,0.5668107069759519,0.5115039658366345,False
3008.TW,6515.TW,0.5434370057870829,0.12747508422851184,0.5533860783792004,3.0022343561542555,0.7768053499858808,0.7774851657583627,False
3008.TW,6669.TW,0.854830613617588,0.4400720366250974,0.20769479707849864,0.6507617487727716,0.9402547617737219,0.5977886785177128,False
3008.TW,6770.TW,0.8304321271230936,17.629512266760873,0.5873487352530877,0.018957718958585584,0.9268319404814387,0.7915744025167095,False
3008.TW,8046.TW,0.3861742957388215,1.7439657795429144,0.4424766600225494,0.2984793586938356,0.7071195568077194,0.733706752619209,False
3008.TW,8069.TWO,0.9989975210933962,1.5145701844908563,0.4610933124472066,0.0037676531438924424,0.9989975210933962,0.7463411179796107,False
3008.TW,8299.TWO,0.8678386542828236,0.5742297614122467,0.4885312913704963,0.6550687273295324,0.9470567468276146,0.7549953060504379,False
3017.TW,3034.TW,0.5952614096306548,1.5459335075279004,0.5826899040171302,0.008701302994676833,0.7916406808892713,0.7907934411661053,False
3017.TW,3036.TW,0.006883932935301884,11.07276924577754,0.004572498234258121,0.07352012771059513,0.16547753379916783,0.12757948789517076,False
3017.TW,3037.TW,0.1926186808404008,1.9187242327248248,0.40011516340837705,0.4654995987588342,0.5876214785581768,0.7159011219728361,False
3017.TW,3044.TW,0.26266372647719627,7.044612918320672,0.2527620277758962,0.11644002411790458,0.628410955408749,0.6257481890271236,False
3017.TW,3081.TWO,0.17451800768298148,0.7252965631972577,0.25621835810526056,1.2631765118320748,0.5736987441030658,0.6271848152392575,False
3017.TW,3105.TWO,0.028806329946857365,3.56311638266774,0.061104905651035865,0.2628433452211448,0.31816541588362873,0.42679837820154587,False
3017.TW,3189.TW,0.7935182758903061,2.7865982773763016,0.9704834925038598,0.30136952686209484,0.9065534490486246,0.9935161347249264,False
3017.TW,3231.TW,0.39465810847298755,24.47426379886803,0.18169322173178443,0.013211635609670161,0.7142521031225986,0.5812364797687329,False
3017.TW,3443.TW,0.025499038750894047,0.4481841120924616,0.03017591647138829,1.8644885587051814,0.30379041395382567,0.32556418205607807,False
3017.TW,3481.TW,0.27141387066431755,35.22543372507988,0.8885681248726609,0.017191971174113696,0.6320852301521858,0.9575656497614901,False
3017.TW,3533.TW,0.08742106965015967,1.161141018210325,0.21818663515529446,0.6916894905790336,0.4778220108275851,0.6032223404990027,False
3017.TW,3653.TW,0.25877125225698927,0.5769144742704806,0.0691546234544166,1.428618669726065,0.628410955408749,0.44224342744511946,False
3017.TW,3661.TW,0.6712096824329515,0.5237094242267584,0.17371820095545826,0.3739771878163044,0.8402261267662305,0.5716582447936317,False
3017.TW,3665.TW,0.004040201184605299,1.106709106266944,0.002500790275565092,0.8133164792800639,0.12052637552579547,0.09175313286900891,False
3017.TW,3711.TW,0.3698083787198294,3.8326622111429653,0.6951707849227928,0.23312946208736968,0.7031359503823245,0.8545793331650937,False
3017.TW,4938.TW,0.25968797463953414,57.52365692074904,0.07544746167348705,0.006373334353647779,0.628410955408749,0.45098932146399,False
3017.TW,4958.TW,0.5540850808328219,3.6744656496318218,0.9176849796197433,0.18649975282423867,0.7774851657583627,0.9702717638112688,False
3017.TW,5274.TWO,0.02008751850855194,0.1359366858900313,0.03405935002301821,6.724105618640699,0.27140746916804165,0.3396173230894244,False
3017.TW,6139.TW,0.1721115364946711,3.470280097341063,0.3404077150604954,0.235886863880703,0.5708903152517372,0.6825260216539581,False
3017.TW,6223.TWO,0.009349811947151086,0.34170903802018343,0.021625778595635872,2.644749095145096,0.18830862439467722,0.27722684850309115,False
3017.TW,6239.TW,0.2043937876327197,7.417967288857378,0.039260393245355775,0.08207636579471772,0.5952239519829529,0.35007296171687396,False
3017.TW,6274.TWO,0.2624171165528208,1.2065712268519255,0.5193231155725408,0.6405218683653253,0.628410955408749,0.7665308670377043,False
3017.TW,6415.TW,0.2727008905533155,3.230600306171509,0.8756476639398312,0.12263611854585138,0.6328409133155194,0.9492707984233664,False
3017.TW,6488.TWO,0.26244807991359587,2.5649690281140574,0.5739427611068041,0.22506645783084592,0.628410955408749,0.7869524456412881,False
3017.TW,6515.TW,0.0005484640160311171,0.18476488888652437,0.0007968757403919475,5.061234048657386,0.047724201279063676,0.052992236736064506,False
3017.TW,6669.TW,0.5466798573073384,0.5909699969886928,0.2979319049584238,1.016439116448519,0.7771903871202748,0.646113837301192,False
3017.TW,6770.TW,0.24702383000816197,23.312044344095987,0.2972384299135704,0.02915706713366257,0.6198310750871392,0.6454320192408958,False
3017.TW,8046.TW,0.29682293024577244,2.148576662253471,0.5308213554859055,0.4277055552509585,0.6454078973736415,0.7684830285243445,False
3017.TW,8069.TWO,0.6539758164176088,-9.449591828306733,0.4760517445281419,-0.02734086519800901,0.8293566968633322,0.7516431731688717,False
3017.TW,8299.TWO,0.06077476433147394,0.7487708572565073,0.27863602829251966,0.9934998258023617,0.42679837820154587,0.6348475462705305,False
3034.TW,3036.TW,0.5436521452505806,0.22870672663933087,0.496412619386143,0.26979597117348986,0.7768053499858808,0.7589318290757685,False
3034.TW,3037.TW,0.28001184772696786,0.054495090258171584,0.7582105965219921,2.3489330863315856,0.6348475462705305,0.8891286642535631,False
3034.TW,3044.TW,0.296195973344316,0.1755015845377972,0.3597662154947011,0.5153861130516089,0.6454078973736415,0.6967752562945214,False
3034.TW,3081.TWO,0.4293981655842256,0.015685284396627842,0.5132436122565677,4.8534139952072355,0.7293996897852223,0.7647614970206067,False
3034.TW,3105.TWO,0.5420512061836886,0.05774974752136182,0.6423628585202166,0.7568739993583247,0.775886748940957,0.8216795587504642,False
3034.TW,3189.TW,0.16803993195326666,0.09116044220227135,0.953580236333409,1.7516120080796913,0.5699821811675664,0.9880053478676941,False
3034.TW,3231.TW,0.6555791101909136,0.16172109518131297,0.26492646012201954,0.015510298015459612,0.830400206241824,0.6301008948668586,False
3034.TW,3443.TW,0.3981167725915277,0.01145991165186338,0.47736325022280074,8.470149073222657,0.7151127890606043,0.7516431731688717,False
3034.TW,3481.TW,0.1376036510078653,1.5161006378802357,0.9756270448932405,0.13146310155340324,0.5538298976987043,0.9936826826098353,False
3034.TW,3533.TW,0.273200118592978,0.03532538492958675,0.5562454941722503,3.73869150818929,0.6328409133155194,0.7777285183266024,False
3034.TW,3653.TW,0.7451504106237322,-0.005701178900900567,0.6686650504286373,-2.508280339414102,0.8818064643051443,0.8398914396053181,False
3034.TW,3661.TW,0.04706096819584912,0.055583400114312766,0.01563161246635229,7.051903337466923,0.38030027969911495,0.24221411161454617,False
3034.TW,3665.TW,0.6644436198549748,0.0028776143700910504,0.5696333488538882,0.3757207674514485,0.8376398240825749,0.7841277104462303,False
3034.TW,3711.TW,0.341416513099273,0.08907254396735902,0.9036569383097182,0.9626025143647181,0.6832611346789212,0.9643393301275941,False
3034.TW,4938.TW,0.02198527373317599,4.848679386300522,0.2161163978064617,0.0954443449720342,0.2799233678265919,0.6026848511891207,False
3034.TW,4958.TW,0.052815407016690075,0.17572958787574783,0.6714540319757243,1.5846577462555005,0.40235508161640743,0.8402261267662305,False
3034.TW,5274.TWO,0.4161325002068412,0.0033120812741115734,0.5903393020221765,29.107529928712992,0.7251569987837437,0.7916099866389914,False
3034.TW,6139.TW,0.4639182488677267,0.03083222964559034,0.981954567364019,0.37234941654817955,0.7478503120713192,0.9952781123883246,False
3034.TW,6223.TWO,0.3317621868233932,0.00796593114098588,0.7745684624090838,10.953958166509345,0.6775335254896168,0.8970810091085004,False
3034.TW,6239.TW,0.4707951040621955,0.14896257492348483,0.5564107960324736,0.2928308943520223,0.7516431731688717,0.7777285183266024,False
3034.TW,6274.TWO,0.1569633277926049,0.04854625540424869,0.593556051467058,4.578711209371671,0.5668107069759519,0.7916406808892713,False
3034.TW,6415.TW,0.03468522785938356,0.30195279857163915,0.5743423940922924,2.0364827906372387,0.3396173230894244,0.7871622679015016,False
3034.TW,6488.TWO,0.08014516748430217,0.12250402603577132,0.6690887917188876,1.9097896306643136,0.4634481424092256,0.8398914396053181,False
3034.TW,6515.TW,0.5457346901292253,0.0025412985113095186,0.6961593835221643,12.367991455406017,0.7771903871202748,0.8549180050879501,False
3034.TW,6669.TW,0.6972814523190722,-0.0009925958773856522,0.4121690379189651,-0.30331572269861895,0.8555160592217642,0.7224841125960113,False
3034.TW,6770.TW,0.7125267348442595,-0.07981076951627114,0.9561472674409788,-0.01773501226238454,0.8605317206291625,0.9880053478676941,False
3034.TW,8046.TW,0.2398038387458351,0.05024577398049557,0.8289291447121765,1.7770518353940157,0.6148380614650159,0.9267747215135788,False
3034.TW,8069.TWO,0.557602292982637,0.620197326072756,0.3651407982517861,0.3188126990570238,0.7777285183266024,0.6995974958101449,False
3034.TW,8299.TWO,0.6568072695826014,0.002542824148813089,0.6946720436844389,0.5994344632017485,0.8312289907689622,0.8545793331650937,False
3036.TW,3037.TW,0.04679883317794954,0.15254302548687962,0.13373381515552357,5.5737707586676635,0.3801065534453306,0.5479263315057356,False
3036.TW,3044.TW,0.00770750356638067,0.5256374382868836,0.006495779823289881,1.3085232347462887,0.17573108131347928,0.1632862485725944,False
3036.TW,3081.TWO,1.0800064895271621e-06,0.056930731934068016,0.0015821592619950087,14.932935388597485,0.0034473807145707015,0.07192960344618353,False
3036.TW,3105.TWO,1.9150662834833652e-05,0.2723806020281307,0.00011549433651631526,3.0261688037244445,0.014551405897622664,0.02413539962159338,True
3036.TW,3189.TW,0.170273677962598,0.22117730234093316,0.9442497933380783,3.6025956919629385,0.5704687939769553,0.9856263375850706,False
3036.TW,3231.TW,0.44432341371648376,1.5841872109072335,0.20211631774037875,0.1287963185725491,0.7344797185826081,0.5946131670297594,False
3036.TW,3443.TW,0.012849683900579391,0.03399793606424988,0.025619271232075823,21.301285596058456,0.22195188612399225,0.30379041395382567,False
3036.TW,3481.TW,0.2530648262529858,2.974101060614246,0.7625470615910439,0.21861252658060049,0.6257481890271236,0.8906147898275201,False
3036.TW,3533.TW,0.09556861848865872,0.09209679748464669,0.08481845315290837,8.262676225942407,0.4920242422835462,0.47438581719707507,False
3036.TW,3653.TW,0.07376463124054453,0.03955696641569109,0.0003521120586971002,14.75291572017749,0.4464041616089124,0.03899158091033732,False
3036.TW,3661.TW,0.6714531741697288,0.04220246457702494,0.1495831349259631,4.538815538732636,0.8402261267662305,0.5663930802890559,False
3036.TW,3665.TW,0.021543817103697245,0.07640909196018708,0.044346931042556534,8.457093337701725,0.27722684850309115,0.36959635479853903,False
3036.TW,3711.TW,0.0007873405049835911,0.29630698566879654,0.10250620163042112,2.7144916117125053,0.052992236736064506,0.5019085811928344,False
3036.TW,4938.TW,0.14193806070715792,4.959535541879687,0.06720465867438084,0.08275823481925784,0.5602656262940361,0.441742279505399,False
3036.TW,4958.TW,0.21351847081611663,0.285791017179422,0.7279610031017456,2.1846538756714047,0.6020077449438604,0.8712604131611443,False
3036.TW,5274.TWO,0.009138739811038825,0.010556038246845503,0.018563207919226863,78.64095892161231,0.18830862439467722,0.2633027931080099,False
3036.TW,6139.TW,0.46081849733795643,0.25604182234982137,0.5894311867245478,2.621199842418301,0.746287490361622,0.7916099866389914,False
3036.TW,6223.TWO,0.003391714956853275,0.02672682993221541,0.015228993477804029,31.15483519215932,0.11517398023697505,0.2382889567703454,False
3036.TW,6239.TW,0.17579411004078965,0.5923958273725283,0.10909492386379932,0.9871773719866377,0.5751333821659507,0.5124500917917388,False
3036.TW,6274.TWO,0.01613527661376808,0.09435326848615586,0.22529603704638668,7.543761388409656,0.24412737956273362,0.603314327504752,False
3036.TW,6415.TW,0.3610483314257953,0.28690881680038854,0.8212000992138013,1.6403218038229548,0.6967752562945214,0.923768790026228,False
3036.TW,6488.TWO,0.13595030441245448,0.2017963129512052,0.4142692922630617,2.6668087663136437,0.5506811890537686,0.7233848910851711,False
3036.TW,6515.TW,0.0006712992250674208,0.01417931071002048,0.00015122430840597354,58.498144608718576,0.04940129872537767,0.02413539962159338,True
3036.TW,6669.TW,0.4757463154391526,0.04089957103890065,0.25598226934984153,10.594602987666653,0.7516431731688717,0.6270878002798881,False
3036.TW,6770.TW,0.3020854927423461,1.876441350473308,0.3698512721465923,0.35346666936275756,0.652848268675402,0.7031359503823245,False
3036.TW,8046.TW,0.001821500054948823,0.1633930427354345,0.02991666609743592,4.898663343607629,0.07752304233862191,0.32556418205607807,False
3036.TW,8069.TWO,0.5120096880145689,-0.5885563567215926,0.28693685195613844,-0.2564704035843156,0.7647614970206067,0.6387046244379315,False
3036.TW,8299.TWO,0.030190162245801726,0.05879642461883296,0.38395539440878124,11.749510577827094,0.32556418205607807,0.7052454256180722,False
3037.TW,3044.TW,0.029770394134542674,3.6392723668616407,0.011561370595160781,0.24794363350383963,0.3254352673885624,0.2089662410412493,False
3037.TW,3081.TWO,0.9174430151576032,0.3599588273721045,0.7617179672147076,2.584011843974391,0.9702717638112688,0.8901820311547156,False
3037.TW,3105.TWO,0.8728089218470528,1.748897205699749,0.44626496159981976,0.5317708307411384,0.9492707984233664,0.7350246426349973,False
3037.TW,3189.TW,0.23346558563574238,1.4747967732157299,0.2962871432890065,0.6574313355526746,0.6093136992901628,0.6454078973736415,False
3037.TW,3231.TW,0.8849624558130851,11.245335654656557,0.14189342684639655,0.025021458585875508,0.9552925799646154,0.5602656262940361,False
3037.TW,3443.TW,0.06276273972360558,0.23046122110555076,0.03353866066043233,3.9517946960747214,0.43036502479239186,0.3387829266712026,False
3037.TW,3481.TW,0.24752252663706836,20.010713828262755,0.3097224885089138,0.04025549356986769,0.6198310750871392,0.6588758875716667,False
3037.TW,3533.TW,0.5689586366134116,0.5859350536716132,0.1992400765431142,1.4386956819090222,0.7841277104462303,0.5923676401012171,False
3037.TW,3653.TW,0.886740536513979,0.2523143879106546,0.454418413527507,2.5753730819516427,0.9559188762420199,0.7436533719533683,False
3037.TW,3661.TW,0.8007912387006098,0.33190958405933085,0.10659928428851095,0.9769397148230246,0.9117665309039532,0.5086408441916881,False
3037.TW,3665.TW,0.8302655166276638,0.49409786277264234,0.4063807207794355,1.496691573248225,0.9268319404814387,0.7199895921508022,False
3037.TW,3711.TW,0.19584063265501328,1.9616998368983265,0.21656626701563958,0.4918383880283165,0.5885773573387804,0.6026848511891207,False
3037.TW,4938.TW,0.3342811119424904,32.986385036010006,0.06375191470371551,0.01506427339519641,0.6796339549811652,0.433329409859038,False
3037.TW,4958.TW,0.6962106252904783,2.0432159504559517,0.5483654763595252,0.4274561684888772,0.8549180050879501,0.7774851657583627,False
3037.TW,5274.TWO,0.008790192536280437,0.0692706431600619,0.006081550208346043,14.12343444065138,0.18581652036958382,0.15782364443122415,False
3037.TW,6139.TW,0.438790015812714,1.70447838911149,0.42764090578387054,0.4775556370073209,0.7322634660357938,0.7284043603319716,False
3037.TW,6223.TWO,0.11732273284936301,0.17331576284301758,0.10506036574100375,5.529162119880659,0.5358428188946288,0.507590429026874,False
3037.TW,6239.TW,0.3702652131435318,3.996682227825338,0.12721287104912032,0.18227456622165158,0.7035039049727104,0.5450194658850359,False
3037.TW,6274.TWO,0.5560452259156545,0.6483597549328115,0.6068782272325296,1.4186991101623383,0.7777285183266024,0.7998163919596344,False
3037.TW,6415.TW,0.3048094614620473,2.055672892763681,0.6386778762233446,0.3216491627906998,0.6548456613827827,0.8193970180485997,False
3037.TW,6488.TWO,0.695262542051307,1.4488926689983312,0.4987117981445472,0.5240323706202088,0.8545793331650937,0.7589318290757685,False
3037.TW,6515.TW,0.8007674713698888,0.0892654208749731,0.6140770969995754,10.078908032638642,0.9117665309039532,0.8023939543613954,False
3037.TW,6669.TW,0.7832516371287235,0.26661062881244013,0.21282110726526404,1.8901081122098538,0.9004874188875165,0.6020077449438604,False
3037.TW,6770.TW,0.6775412780318864,11.511999665927664,0.4314243779180763,0.05934819215656788,0.8428338891183871,0.7293996897852223,False
3037.TW,8046.TW,0.0015397939788559273,1.0856629750519353,0.009552965093713192,0.8908043183077289,0.07123220841316116,0.1893979166405746,False
3037.TW,8069.TWO,0.9776583932870397,-3.15649321938496,0.5199379474845434,-0.03764413430769156,0.9945143533001516,0.7665308670377043,False
3037.TW,8299.TWO,0.6164137476496927,0.3709550045235648,0.34272431577620366,2.028772486005768,0.8030990540807424,0.6841291730111788,False
3044.TW,3081.TWO,0.1569612079578866,0.08782953189493614,0.24186255812364338,9.254305628687163,0.5668107069759519,0.617098525678697,False
3044.TW,3105.TWO,0.1656840231803151,0.42679307307418723,0.33156901229806895,1.9047552886164871,0.5669379485449833,0.6775335254896168,False
3044.TW,3189.TW,0.018112290419302905,0.36989466077197,0.0883763194001913,2.4202369254004656,0.2581001384750664,0.4793612647890109,False
3044.TW,3231.TW,0.38352958565912143,3.155266694167107,0.06700066182735075,0.10304759762543894,0.7052454256180722,0.441742279505399,False
3044.TW,3443.TW,0.02087505967732184,0.058912061802345685,0.03725290322656361,14.827308930740653,0.2758162568591769,0.34567228807904377,False
3044.TW,3481.TW,0.04371208673676727,5.136412506202706,0.20060132271049702,0.151664545485511,0.36718152858884506,0.5928883537888023,False
3044.TW,3533.TW,0.09995749769930035,0.14194572978168846,0.1639747194397903,5.115680232920456,0.500387754005545,0.5669379485449833,False
3044.TW,3653.TW,0.6083496418488658,0.06203058296510344,0.4178225112588218,9.29320670317566,0.7998186460409389,0.7258805375669921,False
3044.TW,3661.TW,0.581335068807002,0.09479127070524272,0.08916046042656622,4.095226394372796,0.7907934411661053,0.4799328662421575,False
3044.TW,3665.TW,0.5028044009039744,0.12257600851176491,0.24042899436861387,5.4498733754652315,0.760280268917805,0.6149433894428009,False
3044.TW,3711.TW,0.011652879356310267,0.496860402622732,0.05900382882255786,1.8284616333544053,0.2089662410412493,0.42221616796527073,False
3044.TW,4938.TW,0.1466475917988574,7.478467918792211,0.03196884046727553,0.050128845009857675,0.5638729948376409,0.3345722582673557,False
3044.TW,4958.TW,0.05549305126520718,0.5348428361250349,0.194960487474389,1.6423476748885784,0.4128993464767862,0.5881983705276461,False
3044.TW,5274.TWO,0.027776894358214944,0.017249574093158016,0.04040485065377939,51.621553888699665,0.3117067007615834,0.3553165653177377,False
3044.TW,6139.TW,0.07934129703047105,0.4370173747654073,0.19348063094130447,1.7971849742368002,0.461306776177165,0.5876214785581768,False
3044.TW,6223.TWO,0.00149548544515102,0.04355545843746049,0.06094608053264398,20.39508166985349,0.07123220841316116,0.42679837820154587,False
3044.TW,6239.TW,0.1419770200211649,1.052884990281957,0.040671611081222844,0.7048050174264486,0.5602656262940361,0.3566587433276465,False
3044.TW,6274.TWO,0.024646689238005517,0.1669968467146613,0.06803076862584574,5.363448516265466,0.29800087896861216,0.441742279505399,False
3044.TW,6415.TW,0.03833364570149541,0.5135006263867036,0.2700665677366873,1.1793181771618642,0.34860682928539416,0.6320032875480248,False
3044.TW,6488.TWO,0.05196755176082027,0.39642931859541963,0.09328917490962868,2.104501621123618,0.40067735560516493,0.48577332187852323,False
3044.TW,6515.TW,0.16212348855546493,0.021863867178601427,0.1988065606379244,36.23421061279657,0.5668107069759519,0.5923676401012171,False
3044.TW,6669.TW,0.5261578412585641,0.07466543139247828,0.1632439924385506,7.769451572976219,0.7673705122206659,0.5669379485449833,False
3044.TW,6770.TW,0.18471855671216814,2.9225883106192043,0.2091699212866306,0.22114950280165846,0.5837457490770517,0.5988534086637312,False
3044.TW,8046.TW,0.0006592402697231905,0.2715910025969299,0.0026759496900266052,3.270877380088829,0.04940129872537767,0.09597338663556094,False
3044.TW,8069.TWO,0.7822806366444616,-0.5683379886771709,0.47248369964136183,-0.09948571785978753,0.9004874188875165,0.7516431731688717,False
3044.TW,8299.TWO,0.42796226773959406,0.09633359774379868,0.41920851309277957,7.733061970467508,0.728562964599885,0.7258954776653802,False
3081.TWO,3105.TWO,0.2756605398675613,4.7722678204099225,0.3174406881009679,0.2021358588952915,0.6337345164348842,0.6655065647397298,False
3081.TWO,3189.TW,0.8297659358299833,3.7023636085771794,0.9796871385620722,0.22990881261101165,0.9268319404814387,0.9951023516355849,False
3081.TWO,3231.TW,0.6963617835929419,24.56079864046676,0.2040818740409282,0.007612740266543566,0.8549180050879501,0.5952239519829529,False
3081.TWO,3443.TW,0.3426514057166462,0.5936196987571691,0.429902776603208,1.4179572840866783,0.6841291730111788,0.7293996897852223,False
3081.TWO,3481.TW,0.1459365377111591,46.94238692228656,0.47893111320272563,0.013154855195590037,0.5638729948376409,0.7524995405581755,False
3081.TWO,3533.TW,0.0012288927973303112,1.6361004940603092,0.0008562248634705703,0.5596129601105957,0.062433317557080995,0.05466139528396121,False
3081.TWO,3653.TW,0.25111558986202187,0.7226615909817753,0.032293474479849364,1.0275227282995112,0.6252425607172962,0.33576798221393866,False
3081.TWO,3661.TW,0.580594461066117,0.8347011559744111,0.12054608578525328,0.3422451601799861,0.7907934411661053,0.5419480363753922,False
3081.TWO,3665.TW,0.5848160468757788,1.3877358538425102,0.11742537548882781,0.5855776271436424,0.7909837517549271,0.5358428188946288,False
3081.TWO,3711.TW,0.8237252520728635,5.014948555264038,0.9555638969145319,0.17515182916652822,0.9245186373476021,0.9880053478676941,False
3081.TWO,4938.TW,0.26596749732916236,82.52703922293182,0.15408743979198614,0.005250105828755264,0.6301008948668586,0.5668107069759519,False
3081.TWO,4958.TW,0.6501056713024431,4.98791000431107,0.9574047281562775,0.14536312666203977,0.8273020370038804,0.9883686585623667,False
3081.TWO,5274.TWO,0.031431724243043,0.18157458299177362,0.03482248645768823,5.157087287290572,0.33332247104250246,0.33991858340348874,False
3081.TWO,6139.TW,0.7109861785286666,4.315360352865856,0.9086264540196645,0.16842551041879347,0.8597999354534928,0.9661344574386306,False
3081.TWO,6223.TWO,0.5509542615421975,0.4488995743783095,0.7358383136118473,1.994935152449289,0.7774851657583627,0.8770709100257716,False
3081.TWO,6239.TW,0.5507853481957187,9.406921507430196,0.06566731509049176,0.0597629879603187,0.7774851657583627,0.4375993105821497,False
3081.TWO,6274.TWO,0.6760692616478796,1.6188278353594354,0.8733804198431445,0.4934387350363775,0.8423158013973582,0.9492707984233664,False
3081.TWO,6415.TW,0.4265041454350062,4.993009757744854,0.7617027349236398,0.10883013288471767,0.7282852850705274,0.8901820311547156,False
3081.TWO,6488.TWO,0.3717899105148057,3.4170365290675466,0.6391987342306432,0.1721590470617473,0.7037836288850602,0.8197357813034203,False
3081.TWO,6515.TW,0.003774825204983254,0.24534702140956866,0.004036663351186941,3.85895170798735,0.11929942628026285,0.12052637552579547,False
3081.TWO,6669.TW,0.730710443008876,0.6599950153437448,0.24347609063017617,0.6517907169909929,0.8732413830341941,0.6178447528508428,False
3081.TWO,6770.TW,0.5794382063803177,28.726519163091957,0.5412324042628996,0.020629944485433288,0.7901567791288316,0.7754101590696479,False
3081.TWO,8046.TW,0.7425090529056074,2.8499287084604115,0.8967399119525781,0.32574638978433984,0.8800924236445224,0.9613021503119777,False
3081.TWO,8069.TWO,0.8149071509306938,-9.94086262434286,0.3283851552605342,-0.016514858390545572,0.919796190159397,0.6745208594540703,False
3081.TWO,8299.TWO,0.48063894852520767,0.9393563411516705,0.43007909053788673,0.7156502243258869,0.7524995405581755,0.7293996897852223,False
3105.TWO,3189.TW,0.8484740365483614,0.7680339138108616,0.9545417897862718,1.126000002821287,0.9381119240257602,0.9880053478676941,False
3105.TWO,3231.TW,0.5947615364898178,5.73423280376992,0.16376778426602234,0.0419619143632822,0.7916406808892713,0.5669379485449833,False
3105.TWO,3443.TW,0.0498977379200835,0.12324004181297801,0.08187735024956488,6.950053135190776,0.3924739540730184,0.46818522087234876,False
3105.TWO,3481.TW,0.3897798580865114,9.963638459668232,0.739836986742549,0.06592047189410105,0.7101990269080357,0.8785564217567771,False
3105.TWO,3533.TW,0.2164080471256684,0.32506510679159323,0.18342770812375397,2.6250016821485485,0.6026848511891207,0.5831685700508193,False
3105.TWO,3653.TW,0.10642421387492745,0.1537066588027425,0.03524226607430138,5.159772939939662,0.5086408441916881,0.3429674186255183,False
3105.TWO,3661.TW,0.7109284545413319,0.14850318413829572,0.14773242862804287,1.4375518246956998,0.8597999354534928,0.5640692729434363,False
3105.TWO,3665.TW,0.08114390228028073,0.28935148868429933,0.04327895112139828,2.8826029837553806,0.46752948750659945,0.36521262637816115,False
3105.TWO,3711.TW,0.8594688677153992,1.0547670814849321,0.946199400042721,0.8697335160781066,0.9430816864034219,0.9863711577192571,False
3105.TWO,4938.TW,0.29255955063678585,16.406844394465544,0.16493271986472607,0.024642132968116202,0.6435906861699658,0.5669379485449833,False
3105.TWO,4958.TW,0.8250848042949028,1.016182124884473,0.9252977721567192,0.6991794289865748,0.9254072645236835,0.974769138192821,False
3105.TWO,5274.TWO,0.06665960951863056,0.03766963946571125,0.09163230826541757,25.259359534305275,0.4414470406296032,0.48577332187852323,False
3105.TWO,6139.TW,0.7094860207165087,0.9412498124443973,0.8498413235034263,0.8673155878385798,0.8597999354534928,0.938648271495826,False
3105.TWO,6223.TWO,0.4904368337713403,0.09337552199372731,0.6606298671296944,9.797021840788013,0.7559026428769281,0.8351408062883108,False
3105.TWO,6239.TW,0.0790135818150215,2.0846476575644024,0.03428259927333546,0.31267912552495103,0.4612282488732073,0.3396173230894244,False
3105.TWO,6274.TWO,0.7778252355099446,0.3327424558813447,0.8337881899986043,2.3945407774688254,0.8985923137600468,0.9288359422167622,False
3105.TWO,6415.TW,0.5237665669489783,0.9650812043385981,0.7662801605465737,0.49662896607409607,0.7673705122206659,0.8926884206075413,False
3105.TWO,6488.TWO,0.4025575287274118,0.7069995374352451,0.6196312755848035,0.8409705788100001,0.7180656213076341,0.8066325577759758,False
3105.TWO,6515.TW,0.0017506037434200893,0.05087441854557656,0.001690575444529559,18.891631108445928,0.07551252904049899,0.07392214820463497,False
3105.TWO,6669.TW,0.5581610253084155,0.14074675731529124,0.2207053579595732,3.2816129536874667,0.7780130972857915,0.603314327504752,False
3105.TWO,6770.TW,0.2757378198969342,6.396739120176035,0.2948937908998392,0.1084563882122129,0.6337345164348842,0.6449348154523801,False
3105.TWO,8046.TW,0.08468988450545423,0.5859330558383932,0.17251183437496542,1.5811572323831231,0.47438581719707507,0.5708903152517372,False
3105.TWO,8069.TWO,0.8483082014373453,-2.5022773622632077,0.30933477139836063,-0.09814488557632202,0.9381119240257602,0.6588758875716667,False
3105.TWO,8299.TWO,0.12935128655840167,0.20363391804881487,0.10747534696149674,3.6627055112983475,0.5450194658850359,0.5108667261753376,False
3189.TW,3231.TW,0.9224517303006747,8.190408827209424,0.136679905007975,0.040881569288351446,0.9743434556981316,0.551557846757846,False
3189.TW,3443.TW,0.3838616434738965,0.14941349591631697,0.09237428315622387,5.747356294411789,0.7052454256180722,0.48577332187852323,False
3189.TW,3481.TW,0.1509672786049464,14.019264116116783,0.14718381515227758,0.06326588255867653,0.5668107069759519,0.5638729948376409,False
3189.TW,3533.TW,0.9248500551906306,0.37242941088465725,0.3750172301526706,2.0513757065853504,0.974769138192821,0.7045644488801204,False
3189.TW,3653.TW,0.9907966658598275,0.159938125999561,0.36232279173165893,3.662114486595451,0.9967295800266528,0.6972425985349079,False
3189.TW,3661.TW,0.9519988359745033,0.2147984509323967,0.13164473941020133,1.4182764623319968,0.9880053478676941,0.5450194658850359,False
3189.TW,3665.TW,0.9567432738906775,0.30998119899072674,0.5722872521630735,2.106378776913588,0.9880053478676941,0.7860330933324142,False
3189.TW,3711.TW,0.42658653242365085,1.3019931985357154,0.2941649686552621,0.7322853747105559,0.7282852850705274,0.6449348154523801,False
3189.TW,4938.TW,0.39744366411336574,22.994018480339772,0.08597361383924473,0.0235564650428243,0.7149622212449926,0.47726569630412036,False
3189.TW,4958.TW,0.614313887124134,1.3926322868986973,0.41487855185952255,0.6535751879586609,0.8023939543613954,0.7240526722447216,False
3189.TW,5274.TWO,0.9748946064606794,0.045188452639682075,0.902926104200181,20.668090146626998,0.9935707483468993,0.9641540930100675,False
3189.TW,6139.TW,0.47754773032157644,1.1347081376527108,0.2778326350266172,0.7131787993767094,0.7516431731688717,0.6348475462705305,False
3189.TW,6223.TWO,0.5299245524800011,0.11455192535448655,0.2681053917218722,8.197953158380674,0.7684830285243445,0.6301123004126558,False
3189.TW,6239.TW,0.5262450035247611,2.7484873381435477,0.07271483325049644,0.2811913605351514,0.7673705122206659,0.4464041616089124,False
3189.TW,6274.TWO,0.2957319372955223,0.4366445262637668,0.20352472291487222,2.1433053380044482,0.645233317735685,0.5952239519829529,False
3189.TW,6415.TW,0.381673717221461,1.410609359802169,0.18486594248376914,0.49512739467985106,0.7052454256180722,0.5837457490770517,False
3189.TW,6488.TWO,0.382427265782455,1.000522956793826,0.2918135622292133,0.8117657739362842,0.7052454256180722,0.6428498562435356,False
3189.TW,6515.TW,0.9663806482372228,0.05713607554575735,0.8104224832803613,14.471795301254176,0.991751379285311,0.9170041001882003,False
3189.TW,6669.TW,0.9566368612879793,0.17649297653655693,0.3042412762363399,2.8068447556884513,0.9880053478676941,0.6548456613827827,False
3189.TW,6770.TW,0.9532983946378671,7.677817790835,0.6040501586079985,0.08879250441621597,0.9880053478676941,0.7976016858757216,False
3189.TW,8046.TW,0.009272477776031544,0.7112569779524183,0.007602171601026276,1.3091686748712235,0.18830862439467722,0.1745764874134955,False
3189.TW,8069.TWO,0.9967530976181564,-1.7987129346742354,0.4798852045340929,-0.04812116020273936,0.9976907769197727,0.7524995405581755,False
3189.TW,8299.TWO,0.9230583033640591,0.24181139940622248,0.5889956820754937,2.966679705768281,0.97465167888409,0.7916099866389914,False
3231.TW,3443.TW,0.07717050804607602,0.0068202064990022255,0.44609471139473766,52.55981644747173,0.45700976193520343,0.7350246426349973,False
3231.TW,3481.TW,0.0578819356419332,0.6267801928444406,0.9617995389684014,0.5666796783069581,0.4199071331114791,0.9896259660532325,False
3231.TW,3533.TW,0.2655591383032074,0.010482129908458536,0.5616405469979198,11.567214727918557,0.6301008948668586,0.7800651222123534,False
3231.TW,3653.TW,0.21635444592724823,0.006858645548514891,0.3058950340757257,31.4627221801967,0.6026848511891207,0.6561941860011535,False
3231.TW,3661.TW,0.1466286946639691,0.006280649042403656,0.2283441493376832,8.308302458225695,0.5638729948376409,0.6058176510104977,False
3231.TW,3665.TW,0.046337419134616406,0.015190634353035637,0.2627637781129707,20.68021495603158,0.3801065534453306,0.628410955408749,False
3231.TW,3711.TW,0.11568696122993505,0.05727210458188752,0.8278812223863234,6.453462774649232,0.5325730268597954,0.9259274218139959,False
3231.TW,4938.TW,0.13342994159909455,0.9096916212862938,0.4860716672578768,0.18670994882133324,0.5479263315057356,0.7549953060504379,False
3231.TW,4958.TW,0.095189667340138,0.0578286509557955,0.8036042868675309,5.43726099019095,0.4920242422835462,0.9141499941843046,False
3231.TW,5274.TWO,0.14831272963167225,0.00180327525689454,0.745717331669064,165.23913863096675,0.5642601108275301,0.8818064643051443,False
3231.TW,6139.TW,0.006989599732027611,0.06163724909104927,0.23301166046124971,7.7613188336264844,0.1659640250861437,0.6093136992901628,False
3231.TW,6223.TWO,0.08818634397681746,0.0048705954899051565,0.6267931551422068,69.83338977727296,0.4793612647890109,0.8120748449467547,False
3231.TW,6239.TW,0.01582350710326485,0.14649035371961627,0.445301269263162,3.0025848022229633,0.24343350564466373,0.7350246426349973,False
3231.TW,6274.TWO,0.11447070065847031,0.019822205020139073,0.7599648090672494,19.493328922299533,0.5310908088689495,0.8898780889738298,False
3231.TW,6415.TW,0.17608965507168634,0.03661853972791573,0.8353929723762614,2.5750711790678684,0.5751333821659507,0.9297679106781821,False
3231.TW,6488.TWO,0.01620132578781748,0.05209431651695214,0.20566001366669895,8.467828329364242,0.24412737956273362,0.5952239519829529,False
3231.TW,6515.TW,0.1789805016659471,0.0020677478671654705,0.609624955324697,104.92708487758966,0.5769927682703828,0.7998186460409389,False
3231.TW,6669.TW,0.0012265291584533642,0.014331114327606123,0.007459526541456431,45.66137106855447,0.062433317557080995,0.1725420921762966,False
3231.TW,6770.TW,0.1895986081909804,0.38113459065580346,0.6718588349401973,0.8830695141142211,0.5854110184833432,0.8402261267662305,False
3231.TW,8046.TW,0.12651336308597905,0.027263012916150988,0.8843044229394779,10.05358458624056,0.5450194658850359,0.9549051820104241,False
3231.TW,8069.TWO,0.11863183765537477,-0.09961617530572199,0.49995876328291144,-0.5339272876745662,0.537124575597101,0.7589318290757685,False
3231.TW,8299.TWO,0.07846021739124448,0.012329235103070293,0.3371248773542075,30.304564437690306,0.4612282488732073,0.6806602835638146,False
3443.TW,3481.TW,0.011225839355785831,78.35929064998814,0.036561881987181015,0.00919298507895935,0.20833069316086264,0.34399657865144706,False
3443.TW,3533.TW,0.44113441937935144,2.2481203228676927,0.30290700429522915,0.32191595047583066,0.733706752619209,0.6537384433471072,False
3443.TW,3653.TW,0.37128453282103646,0.9996324296868455,0.15851956696560993,0.5950342404505351,0.7037836288850602,0.5668107069759519,False
3443.TW,3661.TW,0.8568237347705862,1.5001095436513125,0.11503829333553067,0.2574983382321169,0.9411498146550967,0.5321771483000202,False
3443.TW,3665.TW,0.5823320768641712,2.0958102515104957,0.14252371195199165,0.37023270760794635,0.7907934411661053,0.5602656262940361,False
3443.TW,3711.TW,0.036902150984442515,7.977395671098679,0.05767957064766628,0.1166418728706873,0.34399657865144706,0.4196975073458233,False
3443.TW,4938.TW,0.17862930281033274,116.08646225404678,0.0392625690146118,0.0030917083992302932,0.5769651656931043,0.35007296171687396,False
3443.TW,4958.TW,0.47706004392571955,8.173984763863361,0.7267787293244485,0.09972742990469384,0.7516431731688717,0.8704982003766003,False
3443.TW,5274.TWO,0.036653423029785547,0.2802921578063726,0.03343819981503551,3.3327714326649263,0.34399657865144706,0.3387829266712026,False
3443.TW,6139.TW,0.06980073293424659,7.215274430334027,0.11465108546095126,0.11789321607152484,0.44224342744511946,0.5311556818452198,False
3443.TW,6223.TWO,0.00574271261699263,0.6959565303547879,0.011640301599424668,1.2948124301634585,0.15403982078521408,0.2089662410412493,False
3443.TW,6239.TW,0.008360590241949266,16.327243812175915,0.0036107219194013384,0.04342529893640755,0.18031759494798688,0.11718440866487494,False
3443.TW,6274.TWO,0.10265617055792647,2.6650508042422247,0.16190988488057562,0.34008166955594343,0.5019085811928344,0.5668107069759519,False
3443.TW,6415.TW,0.35103275004487156,7.83940225364248,0.6329013781839785,0.07153438542934551,0.6878431787251259,0.8139489118304832,False
3443.TW,6488.TWO,0.1212136251814857,5.9637658450056,0.2800330028661989,0.12578995687171446,0.543418387049582,0.6348475462705305,False
3443.TW,6515.TW,0.285966663851954,0.3546450235477469,0.359502332046761,2.3352188101099975,0.6380296854905602,0.6967752562945214,False
3443.TW,6669.TW,0.33683148222235315,1.2597284230115444,0.1038341073501175,0.5208223345669083,0.6806602835638146,0.5044725580845891,False
3443.TW,6770.TW,0.3337569828443677,46.50487265335698,0.3365608456117728,0.013981657844425902,0.6794338579331772,0.6806602835638146,False
3443.TW,8046.TW,0.03076245139135941,4.307227365158868,0.115791253333552,0.20610501946054371,0.32950921087657464,0.5325730268597954,False
3443.TW,8069.TWO,0.8342646135136145,-13.089106954754387,0.3979840854413278,-0.009103448813839626,0.9288359422167622,0.7151127890606043,False
3443.TW,8299.TWO,0.2570591505193831,1.5934586017399668,0.17299412808638315,0.5082254177313061,0.628410955408749,0.571041630663635,False
3481.TW,3533.TW,0.5319894263308477,0.020705187540921446,0.1873316547523468,25.27179287469579,0.7684830285243445,0.5854110184833432,False
3481.TW,3653.TW,0.9732160808073658,0.008430268362761773,0.1443575273397586,42.773713969360685,0.9935707483468993,0.5638729948376409,False
3481.TW,3661.TW,0.9924220394896787,0.01347629143757071,0.16757418642036853,19.717678982835487,0.9973369613847807,0.5699821811675664,False
3481.TW,3665.TW,0.7286534336838559,0.016466138400238667,0.3974924654968513,24.794110069888347,0.8714356539223935,0.7149622212449926,False
3481.TW,3711.TW,0.35298573045923815,0.08190866150931167,0.340811482008033,10.208386884378863,0.6903985610452746,0.6829066230820097,False
3481.TW,4938.TW,0.5465405066262373,1.3816086461850112,0.021272280567099837,0.31364324078232075,0.7771903871202748,0.27722684850309115,False
3481.TW,4958.TW,0.2150940723371934,0.09023594262082962,0.14117590544905012,9.384136214338316,0.602023376271831,0.5602656262940361,False
3481.TW,5274.TWO,0.920879050782594,0.0027418809392958216,0.7570075541411563,277.89268579606716,0.9730224463882156,0.888044142895469,False
3481.TW,6139.TW,0.23678103040010362,0.0723247185889038,0.06523558692321407,10.072949447778178,0.6129805750503898,0.4356317854788689,False
3481.TW,6223.TWO,0.8064268711899241,0.007135519774442078,0.47987832811933406,113.15774918654351,0.9145625141527877,0.7524995405581755,False
3481.TW,6239.TW,0.8119691354147959,0.19135708409204133,0.3869365585644518,4.338188551852032,0.9178026174842409,0.7073891723583793,False
3481.TW,6274.TWO,0.14750437051673876,0.02798790640745809,0.16066222266689717,30.442624104134303,0.5638729948376409,0.5668107069759519,False
3481.TW,6415.TW,0.6784225319362883,0.09233987770353862,0.2628222510873057,7.1821610047516575,0.8434878040640394,0.628410955408749,False
3481.TW,6488.TWO,0.13289628558910438,0.06842789719192759,0.04123222947005733,12.30247580683861,0.5473612175489305,0.3586192819303079,False
3481.TW,6515.TW,0.9282580366106629,0.003303815850779871,0.5247455705110416,185.43148795584747,0.9775650454837466,0.7673705122206659,False
3481.TW,6669.TW,0.9678588067154409,0.010847444250487233,0.4085647683519961,38.227336457259035,0.9917834064320024,0.721289957853963,False
3481.TW,6770.TW,0.9828059555914784,0.5099244732510295,0.66658797222678,1.3067725619939035,0.9952781123883246,0.8386869559904934,False
3481.TW,8046.TW,0.03674079156729384,0.042336688291865855,0.059356827703020074,17.267982308702432,0.34399657865144706,0.42221616796527073,False
3481.TW,8069.TWO,0.998803275461802,-0.071886090058374,0.4402822009976548,-0.4261620191490205,0.9989975210933962,0.7327324220982868,False
3481.TW,8299.TWO,0.9506785255908318,0.015686995215115525,0.6300019827197767,42.647080045896885,0.9880053478676941,0.812587947847297,False
3533.TW,3653.TW,0.4613192436634624,0.39667381728662165,0.25404968981298864,1.6489679390340966,0.7463411179796107,0.6263309376480133,False
3533.TW,3661.TW,0.584311222777648,0.5329574233127994,0.14594373855768916,0.6388825525992992,0.7909837517549271,0.5638729948376409,False
3533.TW,3665.TW,0.3193715496704935,0.7574600417759358,0.18714849934009037,0.934457611841061,0.6668158819723176,0.5854110184833432,False
3533.TW,3711.TW,0.28594957090937256,2.7148355816042335,0.7364663367262725,0.2772132212713287,0.6380296854905602,0.8771027026273336,False
3533.TW,4938.TW,0.23287516363405286,51.784819532101196,0.17913528613908186,0.009631556406766776,0.6093136992901628,0.5769927682703828,False
3533.TW,4958.TW,0.41934563308739387,2.849909204320624,0.9428013404403883,0.24282247575465205,0.7258954776653802,0.9856263375850706,False
3533.TW,5274.TWO,0.40397523323305956,0.10046770078138964,0.692834372815401,8.342536246730248,0.7187786758528016,0.853426574945705,False
3533.TW,6139.TW,0.7236826000697629,2.23671198950647,0.8950833265480073,0.25522492371958905,0.8672161966088122,0.9613007188608113,False
3533.TW,6223.TWO,0.09701255354242866,0.245678543285188,0.20597394750692438,3.192045180476346,0.4929496390647911,0.5952239519829529,False
3533.TW,6239.TW,0.13389177273636393,4.808063868006434,0.08824885636814589,0.08930529768458456,0.5479263315057356,0.4793612647890109,False
3533.TW,6274.TWO,0.37802029492278283,0.8984795188533973,0.7196439381805977,0.8006873533365784,0.7052454256180722,0.864844144353298,False
3533.TW,6415.TW,0.3446632755310649,3.0135478749820312,0.7388317977607987,0.19203794590650375,0.6852238928360729,0.8783692434567208,False
3533.TW,6488.TWO,0.5668385300034997,1.9571762535395347,0.44568233767922977,0.2882918588069703,0.7841277104462303,0.7350246426349973,False
3533.TW,6515.TW,0.05279621883243869,0.1373029933622965,0.0719008991238255,6.3137992806271,0.40235508161640743,0.4464041616089124,False
3533.TW,6669.TW,0.6372426815062407,0.31711974487229416,0.3138339919809255,0.9156152358006315,0.8178844549127143,0.6626227997956503,False
3533.TW,6770.TW,0.15350273088810568,14.35011480208184,0.6172717994706189,0.030129549751373483,0.5668107069759519,0.8038888551245269,False
3533.TW,8046.TW,0.38346309390475025,1.601498714703124,0.6734917401774366,0.53517327936658,0.7052454256180722,0.8412188052038354,False
3533.TW,8069.TWO,0.6708736499027693,-4.427953813309143,0.5108544741907117,-0.021506813850651008,0.8402261267662305,0.764535149671262,False
3533.TW,8299.TWO,0.5327739226126514,0.474855978300473,0.49868792787944316,1.0576806578196154,0.7684830285243445,0.7589318290757685,False
3653.TW,3661.TW,0.4638450193559788,0.393055301448339,0.22369780687311497,0.11334529431500173,0.7478503120713192,0.603314327504752,False
3653.TW,3665.TW,0.010543568405630099,1.6776914525043782,0.017554065365951634,0.49788987456675526,0.20152736736988788,0.25685222301774885,False
3653.TW,3711.TW,0.06128876230413511,5.164174344767202,0.48888697715804375,0.12685062942673409,0.42714788051266217,0.7549953060504379,False
3653.TW,4938.TW,0.2357293158731128,61.15754554877902,0.4243356870872811,0.002736310497541349,0.6107532274894286,0.7282852850705274,False
3653.TW,4958.TW,0.6509495130070252,4.524723755557131,0.9920452580620072,0.09274088849479489,0.8273020370038804,0.9973369613847807,False
3653.TW,5274.TWO,0.3736656679726156,0.18735665321583533,0.2785158987175365,3.7425023568498093,0.7037836288850602,0.6348475462705305,False
3653.TW,6139.TW,0.23051008129165867,4.88646949748421,0.8815679470997133,0.13413111442592995,0.606716966203144,0.9534509853016324,False
3653.TW,6223.TWO,0.5900158825877404,0.4678598056181416,0.9552451970567092,1.4623080179354104,0.7916099866389914,0.9880053478676941,False
3653.TW,6239.TW,0.07160220585996092,9.546813550381511,0.05448887166403759,0.04265665133570121,0.4459935071108942,0.40637494941964486,False
3653.TW,6274.TWO,0.43805806612618586,1.4965173140043837,0.7982208799865296,0.32081735720921656,0.7322634660357938,0.910622247647249,False
3653.TW,6415.TW,0.33748420659460254,3.1957223653965707,0.913786016426968,0.0489890843956485,0.6806602835638146,0.9683947425082609,False
3653.TW,6488.TWO,0.23479193299714918,3.0689230808185566,0.5539815673969475,0.10874511773224671,0.6093136992901628,0.7774851657583627,False
3653.TW,6515.TW,0.00685709970993664,0.2732445085015663,0.4617862930419819,3.022619864519232,0.16547753379916783,0.7467182610891622,False
3653.TW,6669.TW,0.267960487776882,0.7759987534749461,0.27888890101875186,0.5389792859949496,0.6301123004126558,0.6348475462705305,False
3653.TW,6770.TW,0.03864166242302943,33.83716852914447,0.3024689784429023,0.01709041483627956,0.34941695879407914,0.6532347626452938,False
3653.TW,8046.TW,0.3503195621201687,2.9857800009696245,0.8529225741624638,0.24001973701677715,0.6878431787251259,0.9389844238013662,False
3653.TW,8069.TWO,0.26851393873231383,-19.026320452247603,0.23957937937819856,-0.02223049457614134,0.6301123004126558,0.6148380614650159,False
3653.TW,8299.TWO,0.009284890950831464,1.0306572180922806,0.09127974371016556,0.5522404639800307,0.18830862439467722,0.48560823653808083,False
3661.TW,3665.TW,0.18917835139092332,0.3949848909235705,0.4863329224050227,0.40649185634215845,0.5854110184833432,0.7549953060504379,False
3661.TW,3711.TW,0.13625383677585357,1.8033588821152238,0.9521903514140106,0.1536116159178077,0.5506811890537686,0.9880053478676941,False
3661.TW,4938.TW,0.06944069275326964,40.90878274159569,0.05352819067390155,0.006347198054608273,0.44224342744511946,0.4029763788469192,False
3661.TW,4958.TW,0.07255675017830955,2.572790669842089,0.7552518967775586,0.18286635085485267,0.4464041616089124,0.8866362833813781,False
3661.TW,5274.TWO,0.11670923986653908,0.06616847041206492,0.6882046872955526,4.58346819157124,0.535252720767231,0.8498063295347791,False
3661.TW,6139.TW,0.16175340416740824,1.318337495199843,0.9557480589992879,0.1254905748546961,0.5668107069759519,0.9880053478676941,False
3661.TW,6223.TWO,0.12163512171522073,0.15340374944337448,0.8525508342423496,1.6626822621369421,0.5440439386473389,0.9389844238013662,False
3661.TW,6239.TW,0.160260689942752,3.118634775874403,0.7122535269209171,0.048321788427866094,0.5668107069759519,0.8605273497091473,False
3661.TW,6274.TWO,0.08235601286402738,0.7661661474389005,0.7155115640949119,0.5695727903521519,0.46859250100173866,0.8630432294236093,False
3661.TW,6415.TW,0.007216716027147999,3.3253485531924207,0.19482260083932096,0.1767736860284851,0.16905764818673621,0.5881983705276461,False
3661.TW,6488.TWO,0.09734083195724036,1.8001825369244018,0.5259405118002781,0.22120272490977072,0.4929496390647911,0.7673705122206659,False
3661.TW,6515.TW,0.15712642451754438,0.06904947902073258,0.8401510677637631,2.6487603068254164,0.5668107069759519,0.9331114155539081,False
3661.TW,6669.TW,0.22361766523886223,0.2872717571844685,0.43762928408805085,0.6919172305713011,0.603314327504752,0.7322634660357938,False
3661.TW,6770.TW,0.20529574283663948,4.954107027228238,0.8955039039873953,0.008677090730934403,0.5952239519829529,0.9613007188608113,False
3661.TW,8046.TW,0.13061521352137545,1.0049202450144243,0.9031393289787286,0.2801372817015999,0.5450194658850359,0.9641540930100675,False
3661.TW,8069.TWO,0.16200161352037973,5.400769851769691,0.3411309612887097,0.021882661996074013,0.5668107069759519,0.6831179601214311,False
3661.TW,8299.TWO,0.1909020133541044,0.27414532167936473,0.7677984670251876,0.5093836240873437,0.5860003894332116,0.8929843671429231,False
3665.TW,3711.TW,0.34945651117332166,3.020610634160241,0.7170160229592509,0.2500145450929805,0.6878431787251259,0.8639396807995642,False
3665.TW,4938.TW,0.3261082366462248,42.541158852211936,0.34765496464324064,0.0064136232211753266,0.6718428315146594,0.6867046083794704,False
3665.TW,4958.TW,0.5042386641159639,2.79741606296263,0.9072630966214412,0.19320352440968114,0.761608721128261,0.9656498180779061,False
3665.TW,5274.TWO,0.16423885518471149,0.10879504340740853,0.4623290297775607,7.322862339485637,0.5669379485449833,0.7468392019483673,False
3665.TW,6139.TW,0.3827987084918735,2.7912732962707154,0.8065455756077998,0.2581757808368904,0.7052454256180722,0.9145625141527877,False
3665.TW,6223.TWO,0.15116876864542594,0.27033190183047473,0.32187979468853145,2.8470770635460507,0.5668107069759519,0.6692864283399467,False
3665.TW,6239.TW,0.36433858968223515,5.377471348922152,0.42688651891195384,0.0809627444034927,0.6993197704544165,0.7282852850705274,False
3665.TW,6274.TWO,0.44205972938500604,0.9439326167619131,0.857806591608989,0.6818610796255582,0.733706752619209,0.9419052770608507,False
3665.TW,6415.TW,0.3328600152069432,2.1608583301143094,0.8813402877574825,0.11161829205017518,0.678906816958826,0.9534509853016324,False
3665.TW,6488.TWO,0.1316225274011263,1.9407675330996603,0.47711467392325385,0.23172670179760313,0.5450194658850359,0.7516431731688717,False
3665.TW,6515.TW,0.014420848407871055,0.1509602827881425,0.0333364229647546,5.626956891457475,0.23015674058962204,0.3387829266712026,False
3665.TW,6669.TW,0.3046966455680028,0.5153801592728123,0.18826127097504725,1.206195056286408,0.6548456613827827,0.5854110184833432,False
3665.TW,6770.TW,0.22548270844010831,17.487399288816874,0.38121058735888275,0.029762034383718015,0.603314327504752,0.7052454256180722,False
3665.TW,8046.TW,0.5767015890550499,1.721598810193596,0.8667841867905235,0.46633702982159264,0.7887024302758009,0.9465532412710745,False
3665.TW,8069.TWO,0.4231316684287061,-9.231549379608545,0.37305508833275647,-0.036345254348064085,0.7274255828548836,0.7037836288850602,False
3665.TW,8299.TWO,0.1401080647246486,0.5901154498209955,0.0738125553206054,1.0654418676158526,0.5593879925621575,0.4464041616089124,False
3711.TW,4938.TW,0.3288483615386421,15.283747639302833,0.09439915550680417,0.027838988818450094,0.67503792284974,0.4899546412645836,False
3711.TW,4958.TW,0.7111126583354076,1.0056659427394714,0.8419781746671509,0.8391530834485161,0.8597999354534928,0.9348154203608854,False
3711.TW,5274.TWO,0.2556932542263248,0.03442161889809437,0.18700539720312492,27.991909402535143,0.6269855538150212,0.5854110184833432,False
3711.TW,6139.TW,0.018642365677446815,0.8922595657271564,0.021202310646997884,0.9970887649554825,0.2633027931080099,0.27722684850309115,False
3711.TW,6223.TWO,0.002543509809023052,0.08695688182353903,0.0019335435997846818,11.064590683975862,0.0922600376181998,0.08120883119095663,False
3711.TW,6239.TW,0.058805468598476615,2.1172784148455386,0.0035066274489723853,0.38513639201926564,0.42221616796527073,0.11659536267833182,False
3711.TW,6274.TWO,0.5150112308827941,0.32484541778713255,0.5116062279755061,2.835052629571364,0.7647614970206067,0.764535149671262,False
3711.TW,6415.TW,0.32586875106946533,0.9591317048326558,0.39505264039121235,0.5985725504699526,0.6718428315146594,0.7142521031225986,False
3711.TW,6488.TWO,0.5267063050924484,0.7360558650379748,0.6159424548896758,1.0618002205942376,0.7676924775594043,0.8030745864299375,False
3711.TW,6515.TW,0.5203824627797948,0.04422337071365028,0.37279061052630397,19.91554522240802,0.7665308670377043,0.7037836288850602,False
3711.TW,6669.TW,0.7762303497711751,0.14463292840866343,0.22258788093939014,4.089653372023356,0.8974021283844951,0.603314327504752,False
3711.TW,6770.TW,0.8122203945831552,6.094933254005202,0.5473790255120681,0.1253244517382709,0.9178026174842409,0.7774851657583627,False
3711.TW,8046.TW,0.21301004417254216,0.5361927636849227,0.19971021787605997,1.754762596500529,0.6020077449438604,0.5928749277079787,False
3711.TW,8069.TWO,0.971990842297365,-1.796776283166841,0.42082325967443757,-0.08546663268335339,0.9935707483468993,0.7268002380224504,False
3711.TW,8299.TWO,0.5220688771890636,0.195357986805492,0.2837000343656015,4.2614109410080285,0.7673705122206659,0.6372769244862773,False
4938.TW,4958.TW,0.013665794485697212,0.03388860541905826,0.24414567598597808,15.524497459478695,0.22784568755375081,0.6183682124483166,False
4938.TW,5274.TWO,0.046984217699892486,0.0010199993166684486,0.3267435604508598,455.3837344462464,0.38030027969911495,0.6724470953959668,False
4938.TW,6139.TW,0.2206810001107118,0.020561499323965185,0.7007511848550345,12.61460893315762,0.603314327504752,0.8570872559271948,False
4938.TW,6223.TWO,0.022421755415812726,0.0024798572456152437,0.23741611613659175,173.23453602326924,0.2806676207344087,0.6136293463222678,False
4938.TW,6239.TW,0.1840001040377725,0.05327273128534213,0.3727793202351182,5.320077424234254,0.5837457490770517,0.7037836288850602,False
4938.TW,6274.TWO,0.02260058334139273,0.010421600303789778,0.3229866305084047,49.93386638131571,0.2816319683929845,0.6694275448729162,False
4938.TW,6415.TW,0.07991024319641843,0.042783954585223986,0.3975745434554705,14.658714146662511,0.4634481424092256,0.7149622212449926,False
4938.TW,6488.TWO,0.05741260828464162,0.02320688556645937,0.285960895956261,18.379144655663744,0.4196975073458233,0.6380296854905602,False
4938.TW,6515.TW,0.11783086912137658,0.0012276313591729215,0.27302577015237905,303.51819738129996,0.5364419273925337,0.6328409133155194,False
4938.TW,6669.TW,0.2399879100260488,0.002696636545200182,0.25849517828833624,41.86182307122504,0.6148380614650159,0.628410955408749,False
4938.TW,6770.TW,0.3894062346659766,0.11775834579837342,0.6210046197859118,1.3293365850429066,0.7101990269080357,0.8077615103327752,False
4938.TW,8046.TW,0.10364244346343854,0.0160449426649096,0.43585950845371224,28.82783257986437,0.5043089627062437,0.7314740015690061,False
4938.TW,8069.TWO,0.5824339554460476,-0.019825700195058693,0.4877755131121671,-0.5177349974423094,0.7907934411661053,0.7549953060504379,False
4938.TW,8299.TWO,0.3771680400416455,0.0038623523410566823,0.5241703153818837,46.25413211547452,0.7052454256180722,0.7673705122206659,False
4958.TW,5274.TWO,0.9720224687116786,0.029226418370894545,0.8905040248474791,28.483239186783777,0.9935707483468993,0.9583576693570982,False
4958.TW,6139.TW,0.3786245151970154,0.7167621307291352,0.2984813960762627,0.9599093236686208,0.7052454256180722,0.6468110090125122,False
4958.TW,6223.TWO,0.5338168477173937,0.0748164151635988,0.38175119605553165,11.408822877087369,0.76892751710917,0.7052454256180722,False
4958.TW,6239.TW,0.5618326177838974,1.751658487155431,0.3124883354510235,0.3818550806739408,0.7800651222123534,0.6608568535919414,False
4958.TW,6274.TWO,0.815776165073398,0.30146806149985317,0.6766220995858336,3.1531035746636764,0.9204515796798468,0.8424206249413466,False
4958.TW,6415.TW,0.05028963900792003,1.0307357686780976,0.040407240980682574,0.7709007090543991,0.39344246988549203,0.3553165653177377,False
4958.TW,6488.TWO,0.2658991265872342,0.7179883480628748,0.09197613908859903,1.241257764178795,0.6301008948668586,0.48577332187852323,False
4958.TW,6515.TW,0.9720109464954896,0.03542881788029956,0.8064529931123126,19.120954539670045,0.9935707483468993,0.9145625141527877,False
4958.TW,6669.TW,0.9252128991619707,0.11783924470213111,0.2709463533529288,3.99320695382959,0.974769138192821,0.6320609092976477,False
4958.TW,6770.TW,0.8095787232890559,4.3318122666998224,0.43284810870963925,0.10674536689242742,0.9170041001882003,0.7306457763094493,False
4958.TW,8046.TW,0.4896592601589549,0.4595395943378051,0.34988271265015236,1.8023241613274124,0.7557990127791991,0.6878431787251259,False
4958.TW,8069.TWO,0.9942396833737979,-0.3362673454110129,0.4979511965689931,-0.019169016472786148,0.9973369613847807,0.7589318290757685,False
4958.TW,8299.TWO,0.9329137409409557,0.1457213575473534,0.504398758291085,3.8094124956520017,0.9805270533696183,0.761608721128261,False
5274.TWO,6139.TW,0.24581569103862022,24.631061474036727,0.40799413183347744,0.03384733706716733,0.619781742334341,0.721289957853963,False
5274.TWO,6223.TWO,0.21574839727517686,2.4742835873298654,0.2761668898373822,0.38715033283315237,0.6025099598445884,0.6337345164348842,False
5274.TWO,6239.TW,0.1636246945747843,56.792425577935234,0.04302049140404813,0.012703569657090352,0.5669379485449833,0.3642477680682271,False
5274.TWO,6274.TWO,0.6514961341230511,9.189711734272832,0.897532673608675,0.09862455054787372,0.8273020370038804,0.9617067117015409,False
5274.TWO,6415.TW,0.4232340465580016,27.80754593248986,0.7826740081300219,0.021340273502231027,0.7274255828548836,0.9004874188875165,False
5274.TWO,6488.TWO,0.727274800259915,20.260554325389656,0.7037871776441651,0.03594033535613651,0.8707656273179477,0.8584213492702235,False
5274.TWO,6515.TW,0.3353661096521552,1.2971045823427638,0.3083162546502439,0.718313652169665,0.6805394926952825,0.6588758875716667,False
5274.TWO,6669.TW,0.5910963764165973,3.910756376474649,0.1916810113350254,0.1359811941178276,0.7916099866389914,0.5862643525026431,False
5274.TWO,6770.TW,0.30485609424023025,166.04323141035545,0.31257893300911616,0.004198428912905901,0.6548456613827827,0.6608568535919414,False
5274.TWO,8046.TW,0.011094685221956758,15.37911905312232,0.017029521020088877,0.06189102098971805,0.20750617630762927,0.25165847729686897,False
5274.TWO,8069.TWO,0.8902762192592998,-52.7693973062252,0.5573673919669179,-0.0030866222973087282,0.9583576693570982,0.7777285183266024,False
5274.TWO,8299.TWO,0.2888724258467248,5.414528947326857,0.21060819083590798,0.14523847942856233,0.6397740355115807,0.6005319561532848,False
6139.TW,6223.TWO,0.13552239580054354,0.08751907357954866,0.09937043429668474,9.965325673101779,0.5506811890537686,0.5003003569006588,False
6139.TW,6239.TW,0.1685545721512275,2.199243874054827,0.0064467787962304846,0.35798709276159674,0.5699821811675664,0.1632862485725944,False
6139.TW,6274.TWO,0.10141411317199678,0.31700022302876407,0.08180572601922487,2.4757189340270287,0.5019085811928344,0.46818522087234876,False
6139.TW,6415.TW,0.4027352782126423,0.8049615889520982,0.7064460726739015,0.44954285245272224,0.7180656213076341,0.8590384243714643,False
6139.TW,6488.TWO,0.5137503192974429,0.7232128438347869,0.7458889265739003,0.9335886300482428,0.7647614970206067,0.8818064643051443,False
6139.TW,6515.TW,0.8339926115160614,0.044207163913421166,0.7085816104449263,17.8151877133591,0.9288359422167622,0.8597999354534928,False
6139.TW,6669.TW,0.3313137676019398,0.16164755857457894,0.06808809571323819,4.09021239058505,0.6775301769108306,0.441742279505399,False
6139.TW,6770.TW,0.34589269598237005,6.512608763681419,0.18608987080610484,0.11983377442399318,0.6853441871978431,0.58464455473729,False
6139.TW,8046.TW,0.4561484422415953,0.5222484538259827,0.40608520139255666,1.5294383399842642,0.7447506559108571,0.7199895921508022,False
6139.TW,8069.TWO,0.9890407446004649,-2.236173434313234,0.6208403647049175,-0.09518433075299187,0.9965334775141048,0.8077615103327752,False
6139.TW,8299.TWO,0.18144517372744245,0.20725267609775444,0.09259775079737609,4.045570579384982,0.5812364797687329,0.48577332187852323,False
6223.TWO,6239.TW,0.2851211256147208,22.51703077730337,0.05076470536290443,0.03218965443945894,0.6377761968901112,0.3952218037033925,False
6223.TWO,6274.TWO,0.3454026452297122,3.6458254510604293,0.5004095631651825,0.2500626667237353,0.6852238928360729,0.7589318290757685,False
6223.TWO,6415.TW,0.27811735466547427,10.720602282021282,0.4229809728395838,0.052580697142285374,0.6348475462705305,0.7274255828548836,False
6223.TWO,6488.TWO,0.5889880275118152,8.193608319200504,0.7528212454601544,0.09289147063147704,0.7916099866389914,0.8855481939543894,False
6223.TWO,6515.TW,0.8519752663012703,0.5083348215342157,0.7351479748337211,1.7991145872712349,0.9389844238013662,0.8769029654967255,False
6223.TWO,6669.TW,0.7517586951528558,1.5976642539335064,0.11750939010847122,0.355036860302341,0.8855481939543894,0.5358428188946288,False
6223.TWO,6770.TW,0.4641263998161915,65.3226045973499,0.37171063909871943,0.010555989700647382,0.7478503120713192,0.7037836288850602,False
6223.TWO,8046.TW,0.015441942475883675,6.054795859387487,0.021381926763442853,0.1557275786041336,0.24044234333180822,0.27722684850309115,False
6223.TWO,8069.TWO,0.9519611875137665,-19.29478504269172,0.41832226935724626,-0.007212920360951435,0.9880053478676941,0.7258954776653802,False
6223.TWO,8299.TWO,0.4921769623211113,2.111751133610234,0.1719208689105255,0.362020852633816,0.7563932901920979,0.5708903152517372,False
6239.TW,6274.TWO,0.2847328891515647,0.12343472083063012,0.4761921742450886,5.92222811874543,0.6373544054500663,0.7516431731688717,False
6239.TW,6415.TW,0.32275445577523165,0.3560328115816374,0.7591334619314258,1.2214958227114159,0.6694275448729162,0.8893786213677319,False
6239.TW,6488.TWO,0.188527781524937,0.30586622628301785,0.24544730401314357,2.42564349186845,0.5854110184833432,0.6197444967455666,False
6239.TW,6515.TW,0.05887591195983057,0.015328909861563628,0.46806261824380246,37.95028500913997,0.42221616796527073,0.749786863292147,False
6239.TW,6669.TW,0.2637298423519359,0.056286263400895466,0.08148825812515637,8.749538601658081,0.6291671575391475,0.46818522087234876,False
6239.TW,6770.TW,0.1401974918702149,2.717507286506139,0.12656181902637081,0.30718569598481105,0.5593879925621575,0.5450194658850359,False
6239.TW,8046.TW,0.004133527463996189,0.19046968366662492,0.38958047104537624,3.426783704612939,0.12216870060255404,0.7101990269080357,False
6239.TW,8069.TWO,0.4355676381706815,-0.6399743263150968,0.392029611115855,-0.16735109228321077,0.7314740015690061,0.7126187464019414,False
6239.TW,8299.TWO,0.1290233423239351,0.08355338309863244,0.12188594676106274,10.019584151349138,0.5450194658850359,0.5440439386473389,False
6274.TWO,6415.TW,0.15817814043630146,3.198723025554271,0.259086662906322,0.22873404272084552,0.5668107069759519,0.628410955408749,False
6274.TWO,6488.TWO,0.12422296311827452,2.300818442851779,0.2421863840965603,0.3803032204942306,0.5450194658850359,0.617098525678697,False
6274.TWO,6515.TW,0.9373182007115101,0.12047131389921714,0.754799122484139,6.2164096428999915,0.9828908333348029,0.8866362833813781,False
6274.TWO,6669.TW,0.7849501452769813,0.41926215138759554,0.20832160068423977,1.358377872667433,0.9009052261651451,0.5977886785177128,False
6274.TWO,6770.TW,0.47170155259121027,15.416726901317219,0.4557356112599531,0.03632241014948856,0.7516431731688717,0.7447506559108571,False
6274.TWO,8046.TW,0.04873510528513124,1.5192727222401863,0.08571725811930908,0.5697033589435158,0.3869712837565644,0.4766715817366456,False
6274.TWO,8069.TWO,0.9930280507998965,-2.492990069421456,0.42342002911791154,-0.013587474909565536,0.9973369613847807,0.7274255828548836,False
6274.TWO,8299.TWO,0.8041911526724181,0.5192928128166443,0.27470407149001574,1.2979267308992033,0.9141660111575352,0.6337345164348842,False
6415.TW,6488.TWO,0.11115746751733052,0.5388941183209357,0.1785184526977312,1.2456525672904069,0.5202560649784737,0.5769651656931043,False
6415.TW,6515.TW,0.8433003294051875,0.024371760435927793,0.42915856843244227,17.586876332313345,0.9351738818155474,0.7293996897852223,False
6415.TW,6669.TW,0.850491183084886,0.06006554171667804,0.20411496284444336,2.7214864030185075,0.9389844238013662,0.5952239519829529,False
6415.TW,6770.TW,0.9061518629427726,2.6139072513035577,0.5311353600721141,0.08612286783840833,0.9652411144492598,0.7684830285243445,False
6415.TW,8046.TW,0.3548638662691619,0.330269961596393,0.31451658601785515,1.731920473899832,0.6919520226824464,0.6633688897435027,False
6415.TW,8069.TWO,0.9961245432363558,0.5246230158757381,0.46307882278338147,0.03998631445310401,0.9976251604397035,0.7476720295015445,False
6415.TW,8299.TWO,0.7637392778070786,0.09182197328226532,0.391089765441236,3.2094478058510383,0.8910291574415917,0.7115272930603014,False
6488.TWO,6515.TW,0.8753724565501741,0.04288936065037448,0.7591105962420523,13.3893007753722,0.9492707984233664,0.8893786213677319,False
6488.TWO,6669.TW,0.8169350380296738,0.15953179171649834,0.14703492289953757,3.1270478697329427,0.9211079623421826,0.5638729948376409,False
6488.TWO,6770.TW,0.9236595641053799,5.965368212666766,0.5919715031664388,0.08502998087910071,0.97465167888409,0.7916099866389914,False
6488.TWO,8046.TW,0.19609018868479222,0.5590793187793056,0.22834135264471178,1.2683491254384687,0.5885773573387804,0.6058176510104977,False
6488.TWO,8069.TWO,0.987256944933482,-0.3269908436723435,0.41179492785451033,-0.010782169260900844,0.9965334775141048,0.7222249503909873,False
6488.TWO,8299.TWO,0.8678123366782381,0.19769576550285606,0.5088864112337591,2.989424427377717,0.9470567468276146,0.7636082857536459,False
6515.TW,6669.TW,0.48226741651720395,2.6699109158545395,0.17350890781803363,0.16763925896568294,0.7534985773484655,0.5715587551652873,False
6515.TW,6770.TW,0.27295019708106866,121.29869524252362,0.2557441074771797,0.005538378463178385,0.6328409133155194,0.6269855538150212,False
6515.TW,8046.TW,0.6805977167314863,11.286925656031084,0.837635219601524,0.08202244776176612,0.8449894639466761,0.9306410097347945,False
6515.TW,8069.TWO,0.7781043719400906,-50.71639681168101,0.48115650447344493,-0.005356863982468681,0.8985923137600468,0.7524995405581755,False
6515.TW,8299.TWO,0.21808173812856158,3.870966047310239,0.12896480720172726,0.18749998985130806,0.6032223404990027,0.5450194658850359,False
6669.TW,6770.TW,0.22599809327533577,25.47141931504322,0.5696452776277108,0.018522546097595682,0.6036702206986374,0.7841277104462303,False
6669.TW,8046.TW,0.19486686454792435,2.0882589294239784,0.8666439839020932,0.24169209533833674,0.5881983705276461,0.9465532412710745,False
6669.TW,8069.TWO,0.3671795742182268,-7.260720469678767,0.34397797906517746,-0.012214142536093342,0.7018447570317302,0.6849517836407027,False
6669.TW,8299.TWO,0.18921034665181163,0.8895831342554629,0.44416302713195877,0.6862612318177155,0.5854110184833432,0.7344797185826081,False
6770.TW,8046.TW,0.34912760781979446,0.06424517461583126,0.33457825499612803,10.225182653083806,0.6878431787251259,0.6797939703466642,False
6770.TW,8069.TWO,0.7366893313733964,-0.37279234170913716,0.47588972005874774,-0.8623880098405148,0.8771027026273336,0.7516431731688717,False
6770.TW,8299.TWO,0.03549537095134226,0.02937221891764056,0.0736494506018506,31.159619268328417,0.34399657865144706,0.4464041616089124,False
8046.TW,8069.TWO,0.9884569564076406,-3.3377900433861476,0.6570146440194522,-0.048513675812960004,0.9965334775141048,0.8312289907689622,False
8046.TW,8299.TWO,0.610173285726129,0.32979318142198427,0.1991183715844787,2.1981964266607372,0.7998657610011515,0.5923676401012171,False
8069.TWO,8299.TWO,0.4679024147988626,-0.023820468615846732,0.560109981674317,-10.923704902841964,0.749786863292147,0.7797082692997906,False
