stock1,stock2,date,spread,zscore,beta
2313.TW,2337.TW,2025-09-23,-2.02862359273972,-2.826406713636663,2.925924640276923
2313.TW,2337.TW,2025-09-24,-1.9107470746229325,-2.607631273750961,2.9243592589067666
2313.TW,2337.TW,2025-09-25,-1.082152324299841,-2.3392989907886323,2.9235157295528125
2313.TW,2337.TW,2025-09-26,-0.04839318882449106,-2.0826087660488475,2.923480464603644
2313.TW,2337.TW,2025-09-30,-0.5476444306383996,-2.030747339384039,2.9230760107958638
2313.TW,2337.TW,2025-10-01,-2.5088811570947485,-2.1395401983291555,2.9212230820069327
2313.TW,2337.TW,2025-10-02,-1.4601819793702049,-1.915358210892385,2.9201785497976918
2313.TW,2337.TW,2025-10-03,1.2478810278544614,-1.541584769891528,2.921061166762756
2313.TW,2337.TW,2025-10-07,0.9219976430205747,-1.5158466642248265,2.9217477999322243
2313.TW,2337.TW,2025-10-08,4.631831238771852,-1.0713432297111432,2.9250997673664645
2313.TW,2337.TW,2025-10-09,5.589082520040122,-0.936182548730384,2.9291658646832
2313.TW,2337.TW,2025-10-13,8.713292224033353,-0.5756107778187876,2.9352147073083326
2313.TW,2337.TW,2025-10-14,7.607637473549303,-0.6733755739173263,2.9401992759398876
2313.TW,2337.TW,2025-10-15,9.045645276872179,-0.5001698194483764,2.9460769504778823
2313.TW,2337.TW,2025-10-16,8.231156122637898,-0.5708570153694299,2.9515637728920283
2313.TW,2337.TW,2025-10-17,5.993591093081122,-0.7894505855009362,2.9554546115904254
2313.TW,2337.TW,2025-10-20,-1.122118788869443,-1.5008534628350183,2.954667150180337
2313.TW,2337.TW,2025-10-21,4.275162391885772,-0.8977491561281666,2.9574935818483468
2313.TW,2337.TW,2025-10-22,6.676016191555988,-0.6238365578696813,2.9617756269527846
2313.TW,2337.TW,2025-10-23,-1.4435208847651069,-1.4285339095194367,2.9607919765611665
2313.TW,2337.TW,2025-10-27,-10.467027470240112,-2.2248089835300906,2.9531021771688737
2313.TW,2337.TW,2025-10-28,-21.76448243112486,-3.032716595738682,2.9359262197193154
2313.TW,2337.TW,2025-10-29,-26.46197309129252,-3.115059140409635,2.9144692828729593
2313.TW,2337.TW,2025-10-30,-14.489643665877637,-1.9931479190882664,2.904207302546525
2313.TW,2337.TW,2025-10-31,-4.093523967404295,-1.1001186677419343,2.90165732048472
2313.TW,2337.TW,2025-11-03,-3.208846871485619,-0.9939416242915587,2.8997106813220133
2313.TW,2337.TW,2025-11-04,-1.7330636724755095,-0.8444440921146599,2.898719564574464
2313.TW,2337.TW,2025-11-05,-7.174431075404357,-1.2451004533594945,2.894457434742157
2313.TW,2337.TW,2025-11-06,-16.76687865141308,-1.9246780309473586,2.8837027429827597
2313.TW,2337.TW,2025-11-07,-19.32903651828049,-2.02001951742751,2.8712802047240475
2313.TW,2337.TW,2025-11-10,-25.492416059575348,-2.340077830794292,2.854039816129719
2313.TW,2337.TW,2025-11-11,-30.216238452205047,-2.5077613912473433,2.8328870940552346
2313.TW,2337.TW,2025-11-12,-31.210783259022122,-2.4288616435881085,2.811378248348616
2313.TW,2337.TW,2025-11-13,-24.201168556678127,-1.8674226536014142,2.795838109561811
2313.TW,2337.TW,2025-11-14,-24.71335173502689,-1.8235602046408677,2.780679252450343
2313.TW,2337.TW,2025-11-17,-26.91368852518184,-1.8852321806543726,2.7642339856296925
2313.TW,2337.TW,2025-11-18,-26.269235739260836,-1.768444654286773,2.7489832574446162
2313.TW,2337.TW,2025-11-19,-23.064467226384366,-1.5050529386214555,2.7363012756172425
2313.TW,2337.TW,2025-11-20,-23.34687140505943,-1.4700931503108248,2.723304433837239
2313.TW,2337.TW,2025-11-21,-17.996811362611737,-1.0919489899061119,2.714278303266939
2313.TW,2337.TW,2025-11-24,-15.386243419528185,-0.8937099202046839,2.706827417562393
2313.TW,2337.TW,2025-11-25,-14.623130440991474,-0.8162446991557961,2.699718520269341
2313.TW,2337.TW,2025-11-26,-7.189578695746377,-0.2975799018859495,2.696441696398593
2313.TW,2337.TW,2025-11-27,-6.314019834293873,-0.2097005376210731,2.693529652755149
2313.TW,2337.TW,2025-11-28,-9.226923968856852,-0.38806961739301465,2.6892845883865406
2313.TW,2337.TW,2025-12-01,-9.011367534968144,-0.34749149476382934,2.6852278384207637
2313.TW,2337.TW,2025-12-02,-5.515047787417686,-0.06452052243384863,2.682804698338844
2313.TW,2337.TW,2025-12-03,-4.173053562006359,0.06518530492072828,2.6810333774340176
2313.TW,2337.TW,2025-12-04,-5.064205830518802,0.025036978678506776,2.6789042118239283
2313.TW,2337.TW,2025-12-05,-7.534812863006195,-0.14245750347813768,2.6756805276885003
2313.TW,2337.TW,2025-12-08,-15.926038684308054,-0.7927308909618166,2.6682910775674142
2313.TW,2337.TW,2025-12-09,-19.373794335777973,-1.053018137339664,2.6590869477655406
2313.TW,2337.TW,2025-12-10,-15.552874213440163,-0.7027740110535964,2.6521501961587504
2313.TW,2337.TW,2025-12-11,-14.135245233899226,-0.5553015478348589,2.6460405148704313
2313.TW,2337.TW,2025-12-12,-15.98555831809712,-0.6913284779984281,2.638910774701893
2313.TW,2337.TW,2025-12-15,-9.880982127086128,-0.12564699581804342,2.634588515672964
2313.TW,2337.TW,2025-12-16,-12.235182018561375,-0.3188882665672982,2.629427647063377
2313.TW,2337.TW,2025-12-17,-4.956149062151695,0.34475188973441795,2.627338717316323
2313.TW,2337.TW,2025-12-18,-9.06570820552976,-0.02454152031526651,2.6235419600939847
2313.TW,2337.TW,2025-12-19,-10.375557424215103,-0.1267222437045347,2.619348690569375
2313.TW,2337.TW,2025-12-22,-6.37249942101495,0.24792177547299035,2.6166844853887836
2313.TW,2337.TW,2025-12-23,-0.24057964677038512,0.8080782164674678,2.6165865128676153
2313.TW,2337.TW,2025-12-24,-3.8327175598663388,0.4836267037381842,2.6150294673863566
2313.TW,2337.TW,2025-12-26,-4.611623509983318,0.4207837219560332,2.613170478856512
2313.TW,2337.TW,2025-12-29,-3.9872484905442462,0.48551856274416216,2.611628163554337
2313.TW,2337.TW,2025-12-30,-4.106330753995977,0.47759714607876463,2.6100357517538275
2313.TW,2337.TW,2025-12-31,-10.621744760342608,-0.11430238338967848,2.6058977499141815
2313.TW,2337.TW,2026-01-02,-18.952591443748986,-0.8624654816898811,2.5978941226055303
2313.TW,2337.TW,2026-01-05,-29.7728204303949,-1.7911027140146503,2.5843000226004147
2313.TW,2337.TW,2026-01-06,-32.11081161227571,-1.9176186998151732,2.5684935862338065
2313.TW,2337.TW,2026-01-07,-37.3978355445289,-2.267806919131694,2.548732573487892
2313.TW,2337.TW,2026-01-08,-55.39187863564197,-3.444063639564974,2.5174617397648285
2313.TW,2337.TW,2026-01-09,-31.48505870736693,-1.47205812214197,2.5016270194280636
2313.TW,2337.TW,2026-01-12,-26.519299065476446,-1.0424099547582895,2.4879994508718584
2313.TW,2337.TW,2026-01-13,-17.32769952561108,-0.2560804861993779,2.4793923334259422
2313.TW,2337.TW,2026-01-14,-17.323142753253478,-0.2285185748276585,2.4711334001513996
2313.TW,2337.TW,2026-01-15,-12.97103844909148,0.17012157160983038,2.4649288761235724
2313.TW,2337.TW,2026-01-16,-23.750180138524883,-0.7548855957148666,2.4529607529274937
2313.TW,2337.TW,2026-01-19,-37.22552449754747,-1.907606422942198,2.432956868447343
2313.TW,2337.TW,2026-01-20,-38.70730190287546,-1.948866524364122,2.4120605498740546
2313.TW,2337.TW,2026-01-21,-32.54745055909896,-1.3521065966960206,2.395920328690771
2313.TW,2337.TW,2026-01-22,-21.14998611587353,-0.3563434142388454,2.385761614706206
2313.TW,2337.TW,2026-01-23,3.861114737987407,1.7499686488825168,2.3874571844631753
2313.TW,2337.TW,2026-01-26,-6.4409772235104015,0.8510211060908306,2.384431165200824
2313.TW,2337.TW,2026-01-27,-13.880969325005822,0.23364550434878337,2.3781184562036857
2313.TW,2337.TW,2026-01-28,-24.047039785472265,-0.6149936381444316,2.366462712269816
2313.TW,2337.TW,2026-01-29,-39.82539242941172,-1.8948509070459028,2.3460173057623512
2313.TW,2337.TW,2026-01-30,-48.164529323589335,-2.430438069271515,2.3221570260474347
2313.TW,2337.TW,2026-02-02,-25.671804972143832,-0.5882737450801117,2.3110121508278016
2313.TW,2337.TW,2026-02-03,-15.04031318322319,0.2675330195171317,2.304716747175718
2313.TW,2337.TW,2026-02-04,-16.01014615350573,0.17662769902140021,2.2978233240237396
2313.TW,2337.TW,2026-02-05,-26.75740542286883,-0.7038062754200655,2.286916321478053
2313.TW,2337.TW,2026-02-06,-14.068169951199877,0.31051147240160054,2.2818093497323453
2313.TW,2337.TW,2026-02-09,-30.76487484908077,-1.0469890818752712,2.2698420248187903
2313.TW,2337.TW,2026-02-10,-21.4524395207946,-0.2911030717580043,2.2616727526872618
2313.TW,2337.TW,2026-02-11,-36.64888430669973,-1.4991211507238116,2.2467794322559143
2313.TW,2337.TW,2026-02-23,-28.35566059515841,-0.825796568732587,2.2350909943901174
2313.TW,2337.TW,2026-02-24,-28.977177652761583,-0.863476737294896,2.222476278921977
2313.TW,2337.TW,2026-02-25,-31.25729995727025,-1.0275154332988972,2.2100846198752597
2313.TW,2337.TW,2026-02-26,-38.96120459779152,-1.5768924977771588,2.194930961542423
2313.TW,2337.TW,2026-03-02,-30.911300052247384,-0.9247311444199194,2.182715969772876
2313.TW,2337.TW,2026-03-03,-5.609565099274903,1.008818652280521,2.180797297040011
2313.TW,2337.TW,2026-03-04,-4.659005354568421,1.0749232623189267,2.179347225098434
2313.TW,2337.TW,2026-03-05,-30.221689959943433,-0.8474789556450452,2.169283230550346
2313.TW,2337.TW,2026-03-06,-20.701631600076126,-0.10544538303561173,2.1629037443643098
2313.TW,2337.TW,2026-03-09,-17.993409725624872,0.11475634133673149,2.1580372568663395
2313.TW,2337.TW,2026-03-10,-6.4665772189341055,1.0077026121598736,2.1563512153819477
2313.TW,2337.TW,2026-03-11,-12.647059641519775,0.5458399770906297,2.1527903307127048
2313.TW,2337.TW,2026-03-12,-14.702512756224792,0.4018120691928446,2.1487690127581893
2313.TW,2337.TW,2026-03-13,-22.99683915525617,-0.23387065947711402,2.1420178181702036
2313.TW,2337.TW,2026-03-16,-34.78244785084573,-1.1339269730974937,2.1310988357099037
2313.TW,2337.TW,2026-03-17,-42.108146334893604,-1.6410513430552947,2.1170378911632772
2313.TW,2337.TW,2026-03-18,-72.38699749961171,-3.471305776653686,2.091403896651802
2313.TW,2337.TW,2026-03-19,-101.16150564899533,-4.380595584069359,2.0538543345664015
2313.TW,2337.TW,2026-03-20,-102.88261914128014,-3.811323023515622,2.0168191268961846
2313.TW,2337.TW,2026-03-23,-81.76565767441463,-2.5758340914673883,1.990796858287304
2313.TW,2337.TW,2026-03-24,-61.93226287671661,-1.5943744043899073,1.9733633836335123
2313.TW,2337.TW,2026-03-25,-50.4517735306037,-1.0406346992900117,1.9590227831022928
2313.TW,2337.TW,2026-03-26,-7.441944605808828,0.896958098052436,1.9571749307735309
2313.TW,2337.TW,2026-03-27,22.034972338923495,2.124067516124423,1.962396979101112
2313.TW,2337.TW,2026-03-30,8.944704781416533,1.5229656158823524,1.9645232948595388
2313.TW,2337.TW,2026-03-31,18.207715732238,1.8694699733924987,1.968346816788321
2313.TW,2337.TW,2026-04-01,13.01801065407443,1.6145772168664914,1.971307667862849
2313.TW,2337.TW,2026-04-02,3.0456112881866204,1.189651175047669,1.9719977349117075
2313.TW,2337.TW,2026-04-07,3.0109033059532067,1.1774413702052717,1.9727055969172382
2313.TW,2337.TW,2026-04-08,-23.711971372745893,0.09644638350222415,1.9667138423547643
2313.TW,2337.TW,2026-04-09,-0.5346287456580399,1.0395191025322417,1.9665894231098278
2313.TW,2337.TW,2026-04-10,-3.8151194499254757,0.8891376028940976,1.965696953370637
2313.TW,2337.TW,2026-04-13,-13.243605142670617,0.49269718523542066,1.9626395436049704
2313.TW,2337.TW,2026-04-14,-48.44103065784674,-0.9219778515494508,1.9511191203315605
2313.TW,2337.TW,2026-04-15,-16.16921471279204,0.3681554887554741,1.9476964875790812
2313.TW,2337.TW,2026-04-16,-12.930982074715985,0.4757025000665157,1.9450669148669988
2313.TW,2337.TW,2026-04-17,4.01558761895609,1.1325187332835007,1.9458236635868094
2313.TW,2337.TW,2026-04-20,13.281538530988428,1.4535352463548579,1.9480958159302697
2313.TW,2337.TW,2026-04-21,-5.987222790871044,0.6782273671257527,1.9469797539272695
2313.TW,2337.TW,2026-04-22,-16.882985096609275,0.2466089913601368,1.943826249847002
2313.TW,2337.TW,2026-04-23,-24.094358130757882,-0.03153983736923381,1.9396655194064365
2313.TW,2337.TW,2026-04-24,-42.6449582172348,-0.750679995238605,1.9320260229081472
2313.TW,2337.TW,2026-04-27,-45.680106550016546,-0.8614352691178834,1.9231398444720968
2313.TW,2337.TW,2026-04-28,-67.3426671135569,-1.6581030754949013,1.9089551615416969
2313.TW,2337.TW,2026-04-29,-87.8953433961114,-2.302266136022527,1.8899688926109777
2313.TW,2337.TW,2026-04-30,-47.543407012761065,-0.8011053882791241,1.8807125063797898
2313.TW,2337.TW,2026-05-04,-24.008204654901363,0.07558697651915482,1.8761009735071488
2313.TW,2337.TW,2026-05-05,-28.42825793351915,-0.07418132538816198,1.8705197449615678
2313.TW,2337.TW,2026-05-06,-71.65021214034834,-1.605243030978797,1.8557106996429682
2313.TW,2337.TW,2026-05-07,-56.431323783873495,-1.0244688715020502,1.844791979154911
2313.TW,2337.TW,2026-05-08,-30.432369971986702,-0.09579623312046777,1.839410699431388
2313.TW,2337.TW,2026-05-11,-52.25796165129748,-0.8771981703687881,1.8298994943054994
2313.TW,2337.TW,2026-05-12,-21.963052449761676,0.2088038640847001,1.8261200754350233
2313.TW,2337.TW,2026-05-13,-69.93360816335814,-1.4563442180741604,1.813059302247714
2313.TW,2337.TW,2026-05-14,-61.41231339992828,-1.1184132731374008,1.8017086386575822
2313.TW,2337.TW,2026-05-15,-57.955285408052646,-0.9713351299731544,1.7915720388091703
2313.TW,2337.TW,2026-05-18,-29.408520399642384,0.028400964295676377,1.7865731041823354
2313.TW,2337.TW,2026-05-19,-3.712888262532374,0.9005296498446539,1.7860116794557914
2313.TW,2337.TW,2026-05-20,0.641706534822589,1.0294840770088343,1.7861060956085277
2313.TW,2337.TW,2026-05-21,3.539049148258954,1.0949014627988212,1.7866241103389768
2313.TW,2337.TW,2026-05-22,7.971287631559619,1.2091931121641188,1.7878550341325445
2313.TW,2337.TW,2026-05-25,22.371826859243015,1.6246089421521985,1.791353415062341
2313.TW,2337.TW,2026-05-26,-5.6721387329461095,0.6902043363481417,1.7904272616855093
2313.TW,2337.TW,2026-05-27,0.7855554823783564,0.8744564231685951,1.7905502894270284
2313.TW,2337.TW,2026-05-28,-29.29564030982408,-0.10171667509876348,1.7858676036209706
2313.TW,2337.TW,2026-05-29,-15.237368022764542,0.36031250752686983,1.783356184926983
2313.TW,2337.TW,2026-06-01,-18.974710031606605,0.24748460391047855,1.7802437941485842
2313.TW,2337.TW,2026-06-02,-40.717682075179994,-0.4556598209683812,1.7733201257845015
2313.TW,2337.TW,2026-06-03,-20.268994725120933,0.21035585124905268,1.7701789797846972
2313.TW,2337.TW,2026-06-04,-11.271035914789536,0.4991374051454594,1.7685050218197416
2313.TW,2337.TW,2026-06-05,-6.145330265689438,0.6656407925878209,1.7676355351045963
2313.TW,2337.TW,2026-06-08,-1.6242769443906866,0.8036584598703466,1.7674165640724089
2313.TW,2337.TW,2026-06-09,18.474257247807827,1.413828149704394,1.7699363763037264
2313.TW,2337.TW,2026-06-10,19.722512916807858,1.4064226175759547,1.7724258302458678
2313.TW,2337.TW,2026-06-11,26.376931640190094,1.5510516461021586,1.775879059712928
2313.TW,2337.TW,2026-06-12,2.7780238317557746,0.801159695610107,1.7762592229914282
2313.TW,2337.TW,2026-06-15,-25.800419567069014,-0.09943820256647119,1.7724377419091408
2313.TW,2337.TW,2026-06-16,-46.35489628462619,-0.8084174095563373,1.765291367072877
2313.TW,2337.TW,2026-06-17,-22.085688996146757,-0.06055283143549872,1.762015017487751
2313.TW,2337.TW,2026-06-18,-38.764210884809586,-0.6947971607959876,1.7560346546554007
2313.TW,2337.TW,2026-06-22,-64.24276244593005,-1.615374997463925,1.7452440024039355
2313.TW,2337.TW,2026-06-23,-55.708700118937315,-1.2978043663066907,1.7366784890635891
2313.TW,2337.TW,2026-06-24,-57.20801078803993,-1.3046813806099369,1.7279535510932555
2313.TW,2337.TW,2026-06-25,-45.03111423077519,-0.8427701510671209,1.721554886877865
2313.TW,2337.TW,2026-06-26,-55.958381920101544,-1.1964444892860435,1.7135900425852404
2313.TW,2337.TW,2026-06-29,-49.519329882326474,-0.9342401048222542,1.7067465607717758
2337.TW,3105.TWO,2025-09-23,4.148301132715591,2.5787261654336007,0.23544257745935177
2337.TW,3105.TWO,2025-09-24,3.8362742357457016,2.2565748622390456,0.23642755078627573
2337.TW,3105.TWO,2025-09-25,2.4821275310438153,1.4660445239163258,0.237072682986764
2337.TW,3105.TWO,2025-09-26,2.594198763620607,1.4697547394904236,0.2376990414626303
2337.TW,3105.TWO,2025-09-30,2.9930391619272427,1.609471906239432,0.2384244982156302
2337.TW,3105.TWO,2025-10-01,3.48516662172862,1.7790506929772514,0.23925684595457458
2337.TW,3105.TWO,2025-10-02,2.9041674219085145,1.4367817052008636,0.23994954779544891
2337.TW,3105.TWO,2025-10-03,2.9416241307331106,1.403792610717789,0.24064649687231734
2337.TW,3105.TWO,2025-10-07,4.380163911905992,1.984995586190881,0.2416874804700899
2337.TW,3105.TWO,2025-10-08,2.951177576955523,1.2794690209432646,0.24241655655329467
2337.TW,3105.TWO,2025-10-09,2.9236185133368267,1.2275815302634565,0.24314920772065304
2337.TW,3105.TWO,2025-10-13,3.11880310355912,1.2701614255066638,0.24388989398066677
2337.TW,3105.TWO,2025-10-14,2.8582743362550076,1.1156975191243694,0.24453837931061836
2337.TW,3105.TWO,2025-10-15,2.4202750133852824,0.8927549618077875,0.2450975045845713
2337.TW,3105.TWO,2025-10-16,3.372548733731616,1.2670029656073702,0.24587282327432397
2337.TW,3105.TWO,2025-10-17,3.4413479666639297,1.2518439979287743,0.2466447559923545
2337.TW,3105.TWO,2025-10-20,5.81990125417315,2.1496938507417336,0.24794947107212795
2337.TW,3105.TWO,2025-10-21,3.4780528773323134,1.1345902679882267,0.24876031237132012
2337.TW,3105.TWO,2025-10-22,3.0576769529262755,0.9293455247543712,0.24946702476487753
2337.TW,3105.TWO,2025-10-23,5.581792338897216,1.8793113882143728,0.2507259742310569
2337.TW,3105.TWO,2025-10-27,7.629689026220603,2.5282395110416016,0.2524880958754154
2337.TW,3105.TWO,2025-10-28,11.05836035921676,3.4083164249351396,0.25498328279049204
2337.TW,3105.TWO,2025-10-29,12.568497008882119,3.461215765194934,0.257826340088468
2337.TW,3105.TWO,2025-10-30,9.342306355009214,2.29939994750552,0.25985716340466675
2337.TW,3105.TWO,2025-10-31,3.2983715440274857,0.45298871486022346,0.2606405860176904
2337.TW,3105.TWO,2025-11-03,0.3135856854092083,-0.47050586166505726,0.260721531900792
2337.TW,3105.TWO,2025-11-04,-2.1642686467879813,-1.2264044197662431,0.26014759318764913
2337.TW,3105.TWO,2025-11-05,-1.9983845973704817,-1.1794758828706882,0.2596008084758775
2337.TW,3105.TWO,2025-11-06,1.8173449100377326,-0.024228185837163792,0.26007752707040127
2337.TW,3105.TWO,2025-11-07,3.9255172573246107,0.6045876935218275,0.26104646788017366
2337.TW,3105.TWO,2025-11-10,6.3887015348744605,1.3212412347329736,0.2626033326244701
2337.TW,3105.TWO,2025-11-11,8.057851412867251,1.7543750016770325,0.2645672156104109
2337.TW,3105.TWO,2025-11-12,8.006389765947446,1.6674435164931978,0.26651033240717414
2337.TW,3105.TWO,2025-11-13,4.388478656070923,0.5675752965139891,0.2676179837139135
2337.TW,3105.TWO,2025-11-14,5.907525452020941,0.9919922325623325,0.26897939854624675
2337.TW,3105.TWO,2025-11-17,5.642297444995457,0.8823874537490661,0.27029928177257045
2337.TW,3105.TWO,2025-11-18,5.341454566926892,0.7628676543450666,0.27150039461304215
2337.TW,3105.TWO,2025-11-19,4.51634804996046,0.483275227834793,0.27249038428506484
2337.TW,3105.TWO,2025-11-20,5.258822951060438,0.690067571549503,0.273644340712977
2337.TW,3105.TWO,2025-11-21,4.158790110165587,0.3172272722836147,0.2744927489666446
2337.TW,3105.TWO,2025-11-24,0.48874265762525226,-0.884755632355373,0.2746018775691211
2337.TW,3105.TWO,2025-11-25,-2.0753482533601613,-1.7015204002768474,0.27409720930308373
2337.TW,3105.TWO,2025-11-26,-2.951954036273463,-1.9469554351952663,0.2734021515826831
2337.TW,3105.TWO,2025-11-27,-1.644582915868078,-1.5191665138360693,0.27302376546323315
2337.TW,3105.TWO,2025-11-28,-4.614458894325423,-2.350710824590544,0.27186799653365007
2337.TW,3105.TWO,2025-12-01,-4.18031161391184,-2.134861802519174,0.2708517970970953
2337.TW,3105.TWO,2025-12-02,-6.958884588659721,-2.759065274717076,0.26906544101062185
2337.TW,3105.TWO,2025-12-03,-6.102887550337236,-2.3876351228500656,0.2675777134576225
2337.TW,3105.TWO,2025-12-04,-5.290229740966147,-2.07563790722372,0.2663242632721287
2337.TW,3105.TWO,2025-12-05,-5.041076286282603,-1.933481696174039,0.26511658551912193
2337.TW,3105.TWO,2025-12-08,-2.7767753404514934,-1.3417409111402085,0.26444049922738594
2337.TW,3105.TWO,2025-12-09,-5.007373662392588,-1.8290886712927696,0.26312112830311163
2337.TW,3105.TWO,2025-12-10,-7.9629722457723915,-2.3782510777224086,0.2609935926445591
2337.TW,3105.TWO,2025-12-11,-8.316649443088657,-2.306210126900407,0.25881578584872617
2337.TW,3105.TWO,2025-12-12,-8.398276624359738,-2.1887400210953682,0.25655849289110316
2337.TW,3105.TWO,2025-12-15,-8.400063892222988,-2.0707155802980366,0.2543432547235548
2337.TW,3105.TWO,2025-12-16,-5.0746357317472075,-1.3491000955087211,0.2531465763437988
2337.TW,3105.TWO,2025-12-17,-4.644526860015155,-1.2201233877428372,0.2520607678400148
2337.TW,3105.TWO,2025-12-18,-4.182756091952079,-1.091577879993357,0.25109666544012255
2337.TW,3105.TWO,2025-12-19,-6.109376744600944,-1.415554833971368,0.24966173938491998
2337.TW,3105.TWO,2025-12-22,-8.14247787911092,-1.7275038174656026,0.2475934364298869
2337.TW,3105.TWO,2025-12-23,-7.624945705859069,-1.5636801411691743,0.24572281233697507
2337.TW,3105.TWO,2025-12-24,-6.749238947766294,-1.3523515886535944,0.24410242461138607
2337.TW,3105.TWO,2025-12-26,-6.569056585683768,-1.2747856797256805,0.24254018804227984
2337.TW,3105.TWO,2025-12-29,-5.810054620146708,-1.1019775960960627,0.24122822354607087
2337.TW,3105.TWO,2025-12-30,-5.463685304090987,-1.0073708195290805,0.23999707126241968
2337.TW,3105.TWO,2025-12-31,-4.120480806844363,-0.7463364480764827,0.23909045596330544
2337.TW,3105.TWO,2026-01-02,0.7051294962911641,0.11356836734692569,0.23924050907398842
2337.TW,3105.TWO,2026-01-05,3.8989715447139517,0.6814825683069304,0.24008120475572878
2337.TW,3105.TWO,2026-01-06,8.09165045098677,1.38929965837173,0.24181805702802245
2337.TW,3105.TWO,2026-01-07,12.319700422445791,2.0290347321945132,0.2444653319030799
2337.TW,3105.TWO,2026-01-08,14.57260868134611,2.2731878848382263,0.2477576206581044
2337.TW,3105.TWO,2026-01-09,4.6405583304946205,0.6635803551518412,0.2488910089563394
2337.TW,3105.TWO,2026-01-12,3.256578342781097,0.4381460331283553,0.24972911225271832
2337.TW,3105.TWO,2026-01-13,8.285124958925266,1.2201371626277282,0.2515997511190004
2337.TW,3105.TWO,2026-01-14,5.821845768364156,0.8186570928161074,0.2529290572927545
2337.TW,3105.TWO,2026-01-15,5.693288627298756,0.7988443028733352,0.25424719696295583
2337.TW,3105.TWO,2026-01-16,11.136731545538133,1.6070663012438227,0.2567413693619251
2337.TW,3105.TWO,2026-01-19,18.402973204734444,2.5429937878494133,0.26070124851830223
2337.TW,3105.TWO,2026-01-20,16.997141517262527,2.2177222340406577,0.2645556657763644
2337.TW,3105.TWO,2026-01-21,14.132496450045664,1.763146042660352,0.26764014348102017
2337.TW,3105.TWO,2026-01-22,10.350767127887934,1.2464427588185065,0.2699963620691691
2337.TW,3105.TWO,2026-01-23,6.974011615258711,0.8055855812116504,0.27153088324549346
2337.TW,3105.TWO,2026-01-26,12.296323629134179,1.53068180086164,0.274240069835831
2337.TW,3105.TWO,2026-01-27,9.855449466144933,1.1633806190252458,0.27644526368691064
2337.TW,3105.TWO,2026-01-28,12.045769316459612,1.4127690369799375,0.27928574503787446
2337.TW,3105.TWO,2026-01-29,22.744990178949536,2.634382005773241,0.2842710985190298
2337.TW,3105.TWO,2026-01-30,25.200114842066967,2.7061331714056207,0.28948367204091896
2337.TW,3105.TWO,2026-02-02,20.089529634753262,1.990404170275765,0.29337412701702387
2337.TW,3105.TWO,2026-02-03,14.694190411936816,1.3297098089366077,0.2964021720271
2337.TW,3105.TWO,2026-02-04,14.66859833853293,1.2938554401575988,0.29958909882363405
2337.TW,3105.TWO,2026-02-05,15.53990329507667,1.358707537880626,0.30276723302373126
2337.TW,3105.TWO,2026-02-06,14.050815714179109,1.1724062386256886,0.30537424364415866
2337.TW,3105.TWO,2026-02-09,16.122201237319103,1.3551523180784133,0.3085969268614916
2337.TW,3105.TWO,2026-02-10,10.509465015871854,0.7414633762088292,0.3108526388838056
2337.TW,3105.TWO,2026-02-11,21.28625373828396,1.8125039055344576,0.31519583883594665
2337.TW,3105.TWO,2026-02-23,17.544435759248458,1.3798961946094928,0.31910064354386336
2337.TW,3105.TWO,2026-02-24,17.702372500205186,1.3518032962837354,0.3233618229003454
2337.TW,3105.TWO,2026-02-25,3.9885908714510947,-0.02469445149910915,0.3243740217920496
2337.TW,3105.TWO,2026-02-26,0.7549105821626796,-0.34374383856201723,0.3245683692536344
2337.TW,3105.TWO,2026-03-02,8.197505360519955,0.39079174616368323,0.3265624269651339
2337.TW,3105.TWO,2026-03-03,-1.4078180169561278,-0.5752976420000532,0.3262356068865085
2337.TW,3105.TWO,2026-03-04,2.501337281311592,-0.19242470887800453,0.32674587936287447
2337.TW,3105.TWO,2026-03-05,9.311550680890406,0.4770572932392414,0.3286700402204315
2337.TW,3105.TWO,2026-03-06,4.528602109960943,-0.021824841977529326,0.3295914412337497
2337.TW,3105.TWO,2026-03-09,3.824671282328765,-0.10783618947200838,0.330286525885923
2337.TW,3105.TWO,2026-03-10,1.179137332076479,-0.3975428332659015,0.3305036883581339
2337.TW,3105.TWO,2026-03-11,1.219302707539569,-0.41017048190367084,0.3307507893221141
2337.TW,3105.TWO,2026-03-12,-1.8355447593735903,-0.7404417324537625,0.33037268504693246
2337.TW,3105.TWO,2026-03-13,5.189263967933016,-0.01840045931040641,0.33145309070264767
2337.TW,3105.TWO,2026-03-16,17.754140002093266,1.272806175275938,0.33499594893867646
2337.TW,3105.TWO,2026-03-17,30.861458635856295,2.4802950051298702,0.3409103529791125
2337.TW,3105.TWO,2026-03-18,31.867186863259136,2.427505033487579,0.3476026875245083
2337.TW,3105.TWO,2026-03-19,31.737024979161745,2.2856028049118375,0.3548358098499875
2337.TW,3105.TWO,2026-03-20,35.79845889100913,2.5064546071448057,0.3625680131095809
2337.TW,3105.TWO,2026-03-23,32.769543265058616,2.1244156932793468,0.3689419673837745
2337.TW,3105.TWO,2026-03-24,20.11050364969192,0.9584744056302104,0.37281829641648334
2337.TW,3105.TWO,2026-03-25,13.149190400051964,0.3084140043084887,0.37559420871430554
2337.TW,3105.TWO,2026-03-26,-5.6501622583077165,-1.4022081511347202,0.3743702024042233
2337.TW,3105.TWO,2026-03-27,-16.1963586484014,-2.2809109007100186,0.3706918332569245
2337.TW,3105.TWO,2026-03-30,-14.843631991933563,-2.112209208360438,0.36733373282317777
2337.TW,3105.TWO,2026-03-31,-12.227064122929264,-1.857174514562607,0.3649039563237681
2337.TW,3105.TWO,2026-04-01,-9.091011536090235,-1.5764515664305416,0.3629822677613477
2337.TW,3105.TWO,2026-04-02,-6.411080407952596,-1.3480300239465142,0.36164904773115014
2337.TW,3105.TWO,2026-04-07,-9.242861099647484,-1.5740141310971323,0.3595951615857064
2337.TW,3105.TWO,2026-04-08,-6.854541042076164,-1.3657126922014733,0.3579854396820771
2337.TW,3105.TWO,2026-04-09,-12.231948374560972,-1.7793517158439407,0.35522932580901156
2337.TW,3105.TWO,2026-04-10,-16.369368154948205,-2.0326278846599726,0.35140430472505746
2337.TW,3105.TWO,2026-04-13,-11.589836149543856,-1.5929057200186103,0.34881720922105813
2337.TW,3105.TWO,2026-04-14,-2.9508421390417254,-0.8905568586004291,0.3481763765388951
2337.TW,3105.TWO,2026-04-15,-11.7269458371226,-1.517145898459201,0.3457399010020961
2337.TW,3105.TWO,2026-04-16,-26.916919595216086,-2.4921288921476767,0.33968206220804736
2337.TW,3105.TWO,2026-04-17,-45.45433157097,-3.387357047579819,0.32874905856075165
2337.TW,3105.TWO,2026-04-20,-63.77689459960277,-3.8814777876090547,0.3125864324112389
2337.TW,3105.TWO,2026-04-21,-51.62658367610695,-2.906234373252585,0.29967622205972744
2337.TW,3105.TWO,2026-04-22,-39.160063657079064,-2.1316893109139112,0.29064956470265024
2337.TW,3105.TWO,2026-04-23,-32.340529971813254,-1.7152389445543141,0.283938997669626
2337.TW,3105.TWO,2026-04-24,-20.44187621047169,-1.101759287742663,0.2798581104741828
2337.TW,3105.TWO,2026-04-27,7.123654103677836,0.23447923674578133,0.28112823985755736
2337.TW,3105.TWO,2026-04-28,18.025831667719558,0.7600872308867457,0.28442162121959413
2337.TW,3105.TWO,2026-04-29,22.718777790118082,0.9745461774613456,0.2886204186505853
2337.TW,3105.TWO,2026-04-30,-0.04816546864765314,-0.11096178463373242,0.28861086954474097
2337.TW,3105.TWO,2026-05-04,3.5446534165974697,0.06460708088891899,0.2892931741992341
2337.TW,3105.TWO,2026-05-05,0.5520014560555921,-0.0701026780930869,0.28940550872908316
2337.TW,3105.TWO,2026-05-06,25.593262960585264,1.1137760864084831,0.29404379538651576
2337.TW,3105.TWO,2026-05-07,16.584900944013555,0.6785807289035488,0.29707319486046346
2337.TW,3105.TWO,2026-05-08,6.70782853318957,0.2223956669230495,0.29828800873741057
2337.TW,3105.TWO,2026-05-11,2.95525863201766,0.06063723322474164,0.29886407100656587
2337.TW,3105.TWO,2026-05-12,0.5671919759339801,-0.03975883705833772,0.2989712618572983
2337.TW,3105.TWO,2026-05-13,18.782616777713372,0.8450619634438746,0.3024104000435837
2337.TW,3105.TWO,2026-05-14,21.532781765456434,0.9691242835067354,0.306280925932328
2337.TW,3105.TWO,2026-05-15,21.00846605963946,0.9358576210181919,0.309893219868623
2337.TW,3105.TWO,2026-05-18,19.479011796549912,0.8547614403338236,0.3132328882095934
2337.TW,3105.TWO,2026-05-19,1.4881946814575144,-0.0006157010268872129,0.313495293783037
2337.TW,3105.TWO,2026-05-20,1.4942073466963564,0.006958903205099835,0.3137557874354433
2337.TW,3105.TWO,2026-05-21,-9.076600546435117,-0.48390681206440533,0.31202314505043527
2337.TW,3105.TWO,2026-05-22,-13.945028102813495,-0.6968439397189314,0.30909940811885267
2337.TW,3105.TWO,2026-05-25,-13.140561268295556,-0.6341910756955119,0.3063287880267302
2337.TW,3105.TWO,2026-05-26,-9.76499881862918,-0.45694707464283385,0.30423560371248526
2337.TW,3105.TWO,2026-05-27,-12.680358648640492,-0.5868679028832281,0.3015839499268688
2337.TW,3105.TWO,2026-05-28,1.2976314027803255,0.10062426958155035,0.3018355916540385
2337.TW,3105.TWO,2026-05-29,7.353530792517148,0.3887932354416051,0.3032545553788733
2337.TW,3105.TWO,2026-06-01,6.757039482442423,0.35591659170835266,0.3045629364924875
2337.TW,3105.TWO,2026-06-02,16.48246472149151,0.8209336618025567,0.3076795431405045
2337.TW,3105.TWO,2026-06-03,3.8382711950105204,0.20762016803039354,0.3084005525457676
2337.TW,3105.TWO,2026-06-04,6.243633127705692,0.32229225417348156,0.30951323271187453
2337.TW,3105.TWO,2026-06-05,0.899193731632181,0.06314109871107208,0.3096737942699939
2337.TW,3105.TWO,2026-06-08,3.9669760695636,0.2097394870691226,0.31034174911807894
2337.TW,3105.TWO,2026-06-09,-7.2632436421709485,-0.33043582084142525,0.3089730339554066
2337.TW,3105.TWO,2026-06-10,-11.110411702541029,-0.5029785373785406,0.30695464643390974
2337.TW,3105.TWO,2026-06-11,-7.160709894723084,-0.2935308135135647,0.3056297194075246
2337.TW,3105.TWO,2026-06-12,-7.140409457568296,-0.26718654686363746,0.30423843456944216
2337.TW,3105.TWO,2026-06-15,3.21187896035687,0.2778897649114234,0.3048691214083036
2337.TW,3105.TWO,2026-06-16,14.822526942386986,0.9009522913430379,0.30766221715540165
2337.TW,3105.TWO,2026-06-17,1.652906999781436,0.25531572174368333,0.3079905452798046
2337.TW,3105.TWO,2026-06-18,5.769817862737796,0.5165589826229731,0.3091480722296633
2337.TW,3105.TWO,2026-06-22,16.439098848100343,1.116280777863522,0.31249704464306777
2337.TW,3105.TWO,2026-06-23,8.059237621689562,0.6568645941195879,0.3140627631768399
2337.TW,3105.TWO,2026-06-24,20.16877681001148,1.290926003853742,0.3176385422384697
2337.TW,3105.TWO,2026-06-25,13.359611736575346,0.8864668337488486,0.3199576420376342
2337.TW,3105.TWO,2026-06-26,25.12164195871796,1.4736797445024186,0.32400556141811804
2337.TW,3105.TWO,2026-06-29,23.461628711499543,1.3341840828785108,0.3277630371080108
2356.TW,2492.TW,2025-09-23,-3.7257386437615168,-2.557684460946487,0.4761165240543116
2356.TW,2492.TW,2025-09-24,-7.345248648180366,-4.316737516229315,0.4644927816676625
2356.TW,2492.TW,2025-09-25,-0.7141098141405138,-0.11676638798665755,0.4634953944409977
2356.TW,2492.TW,2025-09-26,-4.469178111998673,-2.3353764124385066,0.4570052527889812
2356.TW,2492.TW,2025-09-30,-2.7827500075914244,-1.2694894058949027,0.45307517086770493
2356.TW,2492.TW,2025-10-01,-1.658615796786151,-0.5762714402368242,0.4508379355669611
2356.TW,2492.TW,2025-10-02,-1.468581437467975,-0.4489830546494268,0.4488409473114716
2356.TW,2492.TW,2025-10-03,-1.2729308579002279,-0.31449636143588844,0.44710753139863085
2356.TW,2492.TW,2025-10-07,-0.868705546663513,-0.06465362600968634,0.4459174745251781
2356.TW,2492.TW,2025-10-08,-0.6157886921659639,0.09298949119651026,0.44507403077086066
2356.TW,2492.TW,2025-10-09,-0.813547136693785,-0.020034777544236694,0.4439704896648483
2356.TW,2492.TW,2025-10-13,-0.02143518784325238,0.4738269750502837,0.44394266971297214
2356.TW,2492.TW,2025-10-14,-0.10829572363952167,0.4106293801451285,0.44380775502725606
2356.TW,2492.TW,2025-10-15,0.04832895611400545,0.4887946967902343,0.44386908420323834
2356.TW,2492.TW,2025-10-16,-0.8650043711867994,-0.06621966564931157,0.4427225509299299
2356.TW,2492.TW,2025-10-17,-2.715712354199937,-1.1719336416373194,0.438926038671972
2356.TW,2492.TW,2025-10-20,-5.0118687963869135,-2.3949308567567167,0.4313160758748212
2356.TW,2492.TW,2025-10-21,-4.0475257087843985,-1.7794369919403406,0.42534836302429335
2356.TW,2492.TW,2025-10-22,-3.5136747806559683,-1.4375954139227323,0.42021388082420447
2356.TW,2492.TW,2025-10-23,-5.897349216683615,-2.5451251476528873,0.4111777443597665
2356.TW,2492.TW,2025-10-27,-8.151401815183448,-3.2920809209323236,0.3979055690569585
2356.TW,2492.TW,2025-10-28,-7.473269585508284,-2.728499596310476,0.38607939694996757
2356.TW,2492.TW,2025-10-29,-3.7376524794101513,-1.0578352350727145,0.3806773333918101
2356.TW,2492.TW,2025-10-30,-2.7508344941142084,-0.6055184211406739,0.37686976248978643
2356.TW,2492.TW,2025-10-31,-1.7397820278099232,-0.15206833597999134,0.3745476745952646
2356.TW,2492.TW,2025-11-03,-1.6258067634,-0.09090155096592259,0.3723766773067521
2356.TW,2492.TW,2025-11-04,-0.8548482534749411,0.2535834531830918,0.3712766722482895
2356.TW,2492.TW,2025-11-05,-0.7337152614086193,0.31737528265993414,0.3703364982739011
2356.TW,2492.TW,2025-11-06,-2.193139410161322,-0.3079817847625135,0.3673905969451952
2356.TW,2492.TW,2025-11-07,-1.6647007617435747,-0.05158067546912645,0.3652054124700036
2356.TW,2492.TW,2025-11-10,0.7788685011176568,1.048514141807439,0.3661960617192956
2356.TW,2492.TW,2025-11-11,-1.8321909286736968,-0.11591340875694187,0.3637379339883003
2356.TW,2492.TW,2025-11-12,-1.3779682381212979,0.10002462336171537,0.3618619194665254
2356.TW,2492.TW,2025-11-13,-3.93301223506149,-1.0284024746828675,0.3559989462955498
2356.TW,2492.TW,2025-11-14,-2.7004612382825073,-0.45546867148052195,0.352253185189777
2356.TW,2492.TW,2025-11-17,-1.0631784818042291,0.286522586093879,0.35085748029351205
2356.TW,2492.TW,2025-11-18,-1.5482054181667735,0.08180319359172941,0.34880932321471847
2356.TW,2492.TW,2025-11-19,-1.3573512792951306,0.1727477416834132,0.3470109432459287
2356.TW,2492.TW,2025-11-20,-1.3282853193652002,0.18833911003103088,0.34518933368977855
2356.TW,2492.TW,2025-11-21,-1.0110224413191489,0.3340337504063697,0.343841194250838
2356.TW,2492.TW,2025-11-24,-0.8108725754359156,0.43217729450830394,0.34275134643495
2356.TW,2492.TW,2025-11-25,-0.1117714809409307,0.7497737108210618,0.34260338425707565
2356.TW,2492.TW,2025-11-26,1.8741749676912178,1.608393005571826,0.3450975121693923
2356.TW,2492.TW,2025-11-27,0.9575300203185364,1.1717960216916437,0.3464041416920121
2356.TW,2492.TW,2025-11-28,0.9074908253683276,1.1365736047935975,0.34763994113994084
2356.TW,2492.TW,2025-12-01,2.521983447113321,1.787584174616296,0.3509399450088316
2356.TW,2492.TW,2025-12-02,2.7398748112952234,1.819835122184803,0.35450593178642276
2356.TW,2492.TW,2025-12-03,1.7868859976289286,1.3965314302862466,0.35694512003219153
2356.TW,2492.TW,2025-12-04,2.333979754077191,1.5865474857874726,0.36012359881688544
2356.TW,2492.TW,2025-12-05,2.261393299285544,1.5188271370309816,0.363249918346015
2356.TW,2492.TW,2025-12-08,1.9514638559443398,1.3669449155953126,0.3659445227365472
2356.TW,2492.TW,2025-12-09,0.5662008568900845,0.8102306888456929,0.36671276691797094
2356.TW,2492.TW,2025-12-10,-2.725506721095016,-0.4798704032812447,0.3627687169479415
2356.TW,2492.TW,2025-12-11,-0.8565074367515422,0.27506087411966507,0.36160760693801824
2356.TW,2492.TW,2025-12-12,-0.7619810642498521,0.32886032504763396,0.3605833009740359
2356.TW,2492.TW,2025-12-15,0.02035897355445826,0.6438500484290194,0.3606100353738475
2356.TW,2492.TW,2025-12-16,0.39525651329368827,0.7846580315325652,0.3611172357262065
2356.TW,2492.TW,2025-12-17,0.21799412108214256,0.7006987373644916,0.3614004229703049
2356.TW,2492.TW,2025-12-18,-0.2492379340968256,0.49211928162078356,0.3610707615724817
2356.TW,2492.TW,2025-12-19,0.3002093852491754,0.6923783739442453,0.36147157295507487
2356.TW,2492.TW,2025-12-22,-0.12295206630525968,0.49255873807902784,0.36130481833730727
2356.TW,2492.TW,2025-12-23,0.007198378996633892,0.5252108043823246,0.36131453014293935
2356.TW,2492.TW,2025-12-24,0.2458147219200768,0.6230925011883417,0.36164484527216495
2356.TW,2492.TW,2025-12-26,-0.6424796108100281,0.2015289493702111,0.3607729629030485
2356.TW,2492.TW,2025-12-29,0.2213893439480472,0.5734114626699356,0.3610666335768913
2356.TW,2492.TW,2025-12-30,-0.4424635887004129,0.2612126308426746,0.36046949253354654
2356.TW,2492.TW,2025-12-31,-0.34435442653204973,0.29732463897411276,0.35999865372938994
2356.TW,2492.TW,2026-01-02,-1.2138185605125926,-0.09983417683808711,0.3582377548924709
2356.TW,2492.TW,2026-01-05,-1.4583259764999212,-0.20684526551887486,0.35616759977929235
2356.TW,2492.TW,2026-01-06,-3.395689801277584,-1.0592992186661718,0.3511930720999467
2356.TW,2492.TW,2026-01-07,-3.0528292478970087,-0.8816470246502145,0.34672539727341856
2356.TW,2492.TW,2026-01-08,-0.599268018410605,0.224251226139985,0.3459274257199601
2356.TW,2492.TW,2026-01-09,-0.9557505903163275,0.07047034505568295,0.344632936109379
2356.TW,2492.TW,2026-01-12,-0.4890365122411282,0.2851243632272148,0.3439648238683093
2356.TW,2492.TW,2026-01-13,-2.387718553701397,-0.5583325777057107,0.3405514320677582
2356.TW,2492.TW,2026-01-14,-2.3441872243653847,-0.5424945231998385,0.3371559442375072
2356.TW,2492.TW,2026-01-15,-1.830261471212978,-0.3435816961718439,0.3345583628016618
2356.TW,2492.TW,2026-01-16,-1.239864100491502,-0.09368752564608847,0.3328242360138193
2356.TW,2492.TW,2026-01-19,-4.298266376357461,-1.5126836642761765,0.32627168057467404
2356.TW,2492.TW,2026-01-20,-3.803967406845686,-1.3384713013825262,0.32059415773279476
2356.TW,2492.TW,2026-01-21,-0.5608338129304542,0.1783000945925539,0.31980238331938965
2356.TW,2492.TW,2026-01-22,-0.4113692626262093,0.22058634131928376,0.31917013225878843
2356.TW,2492.TW,2026-01-23,-1.8351464357720673,-0.6800254864104,0.31651237165185303
2356.TW,2492.TW,2026-01-26,-1.6410747092747897,-0.5769018477950144,0.3142315406240385
2356.TW,2492.TW,2026-01-27,-2.960617080555579,-1.3763929280415053,0.3100441616123756
2356.TW,2492.TW,2026-01-28,-0.44212276772790204,0.1760965551469143,0.3094478540365405
2356.TW,2492.TW,2026-01-29,0.3280515731709741,0.6410727296297052,0.30987486133868786
2356.TW,2492.TW,2026-01-30,1.287977730783318,1.2005220180462963,0.3115289956328654
2356.TW,2492.TW,2026-02-02,2.83979181407409,2.0385782450630585,0.3149711316170637
2356.TW,2492.TW,2026-02-03,1.9338442276027905,1.442679809346083,0.3174368752169212
2356.TW,2492.TW,2026-02-04,1.731322766701318,1.3019299956302353,0.3197195511975594
2356.TW,2492.TW,2026-02-05,2.5158135591390973,1.6814096097105424,0.32291437744307083
2356.TW,2492.TW,2026-02-06,2.8073505007685355,1.7628569315313778,0.32645718343523816
2356.TW,2492.TW,2026-02-09,3.2662339662050783,1.9526513931729645,0.3306573782266422
2356.TW,2492.TW,2026-02-10,2.594334734026475,1.5240607160181705,0.3340817864304099
2356.TW,2492.TW,2026-02-11,2.4798302322263552,1.4065343267145158,0.33737924207759373
2356.TW,2492.TW,2026-02-23,-1.6962763010522295,-0.8659251360778062,0.33489109579410653
2356.TW,2492.TW,2026-02-24,-4.939380447393056,-2.4677752156524546,0.32708349800452446
2356.TW,2492.TW,2026-02-25,-4.664566426987797,-2.2054942586605932,0.31968653081957404
2356.TW,2492.TW,2026-02-26,-3.893070376144678,-1.7528645612557492,0.31377849553095877
2356.TW,2492.TW,2026-03-02,-2.3628070277014572,-0.9924488872588051,0.31047594216062285
2356.TW,2492.TW,2026-03-03,-1.464072792376406,-0.5491003757933766,0.3085486784297157
2356.TW,2492.TW,2026-03-04,-0.25920619549977175,0.044871635792238025,0.3082329445268387
2356.TW,2492.TW,2026-03-05,0.2274919618552076,0.28665722256034987,0.30852637602492083
2356.TW,2492.TW,2026-03-06,-0.5404423525100341,-0.0738962423705119,0.3078048626938464
2356.TW,2492.TW,2026-03-09,0.9839770552025584,0.6886122989426224,0.30901856236315717
2356.TW,2492.TW,2026-03-10,0.4959250646809181,0.47572327374813883,0.3096662398653711
2356.TW,2492.TW,2026-03-11,1.1022351572550377,0.7903303586341651,0.3111675430921368
2356.TW,2492.TW,2026-03-12,2.5058833231283657,1.4945035466624241,0.31442530842168404
2356.TW,2492.TW,2026-03-13,0.6872211546288653,0.5992524543473146,0.31536183728945005
2356.TW,2492.TW,2026-03-16,0.6869448217989955,0.616160578041457,0.31630510797083783
2356.TW,2492.TW,2026-03-17,-2.083437839867301,-0.7882767540587763,0.31316571717858754
2356.TW,2492.TW,2026-03-18,-0.931872445891436,-0.21336046927813174,0.31181915482103134
2356.TW,2492.TW,2026-03-19,-0.34337292746505454,0.08821669885106048,0.3113460835963231
2356.TW,2492.TW,2026-03-20,0.6228627725630602,0.5771518287955179,0.3121681751775867
2356.TW,2492.TW,2026-03-23,1.9794954413144765,1.2475327582825941,0.3146445094722321
2356.TW,2492.TW,2026-03-24,1.824718346453821,1.1448428728779423,0.31698644264547166
2356.TW,2492.TW,2026-03-25,0.8830282156756724,0.6599361163385818,0.31817855424488595
2356.TW,2492.TW,2026-03-26,1.3398726101197127,0.8717952736745902,0.31996335045426644
2356.TW,2492.TW,2026-03-27,0.8594353053932906,0.6243609718844932,0.3211281949483951
2356.TW,2492.TW,2026-03-30,0.2843503420912086,0.3325174874640597,0.32150347436876875
2356.TW,2492.TW,2026-03-31,1.2006437166140245,0.7775134852726503,0.32300398466098934
2356.TW,2492.TW,2026-04-01,1.6477222404237608,0.9811594036556575,0.32512242102154953
2356.TW,2492.TW,2026-04-02,2.362159977394654,1.2909785594152443,0.32809457787626906
2356.TW,2492.TW,2026-04-07,2.062725074396198,1.1184111283879425,0.3307351441680917
2356.TW,2492.TW,2026-04-08,1.2896305094183163,0.7282490726034837,0.3325103226598903
2356.TW,2492.TW,2026-04-09,1.3453818326732332,0.7380290875426236,0.33439275914645245
2356.TW,2492.TW,2026-04-10,0.1405949766735759,0.1516647334123793,0.33459578864826744
2356.TW,2492.TW,2026-04-13,-1.7562020347633052,-0.7529919798878529,0.3319548805362982
2356.TW,2492.TW,2026-04-14,-3.2975697719827224,-1.492434805873478,0.32688182635143703
2356.TW,2492.TW,2026-04-15,-3.23254432706419,-1.4568698640694577,0.32202541193916767
2356.TW,2492.TW,2026-04-16,-3.25785223454519,-1.4227968790521162,0.3171290973437728
2356.TW,2492.TW,2026-04-17,-1.698516294383694,-0.6829610355760521,0.31466915545648305
2356.TW,2492.TW,2026-04-20,-1.3636322087118984,-0.518276432334172,0.3126915358531171
2356.TW,2492.TW,2026-04-21,-0.3977703163941797,-0.0834625799046284,0.312125528883723
2356.TW,2492.TW,2026-04-22,1.6857621281566324,0.8680660326550181,0.31439728576781567
2356.TW,2492.TW,2026-04-23,3.6128796592609973,1.7002612330816005,0.31886409857054004
2356.TW,2492.TW,2026-04-24,4.600749641670092,2.040243799943568,0.3247073752775481
2356.TW,2492.TW,2026-04-27,2.920823139523982,1.2602048207048433,0.32847539777786844
2356.TW,2492.TW,2026-04-28,-1.2490930853855176,-0.6757714052143727,0.32668172931394224
2356.TW,2492.TW,2026-04-29,0.9661781413329464,0.3471618511062052,0.32797831526958626
2356.TW,2492.TW,2026-04-30,1.32832997835677,0.5020808069487803,0.32973014167653475
2356.TW,2492.TW,2026-05-04,-0.32387134184939725,-0.2825148212380567,0.329276029500634
2356.TW,2492.TW,2026-05-05,-2.5917288708014823,-1.3297527441043901,0.32540615007782453
2356.TW,2492.TW,2026-05-06,0.06042383350921199,-0.1194481129379526,0.32549326975845355
2356.TW,2492.TW,2026-05-07,-2.7459644262960197,-1.41189604102631,0.3212444106476333
2356.TW,2492.TW,2026-05-08,-1.5134033126337556,-0.8164386809955748,0.3190416816169134
2356.TW,2492.TW,2026-05-11,-4.574154680253038,-2.1123138149606397,0.3118392809066296
2356.TW,2492.TW,2026-05-12,-8.61767704280318,-3.4613916400483453,0.2975321307810803
2356.TW,2492.TW,2026-05-13,-6.053856822009507,-2.2764580921093245,0.2874986317430068
2356.TW,2492.TW,2026-05-14,-8.276916092535046,-2.8616667439406918,0.2732913157542331
2356.TW,2492.TW,2026-05-15,-4.166078131119264,-1.3299208911931761,0.26707614089177917
2356.TW,2492.TW,2026-05-18,-5.6273046034725525,-1.7749334502209186,0.2583657274193222
2356.TW,2492.TW,2026-05-19,-4.851510101050842,-1.4502439525588384,0.25099946199032086
2356.TW,2492.TW,2026-05-20,-7.633164902673236,-2.2875972612218436,0.23852967395084632
2356.TW,2492.TW,2026-05-21,-7.380074301350803,-2.087483400879284,0.2259355544865111
2356.TW,2492.TW,2026-05-22,-5.3685404513149635,-1.3793359687825755,0.21652945550061314
2356.TW,2492.TW,2026-05-25,-3.7594546710278394,-0.8681498953541439,0.20983619776324688
2356.TW,2492.TW,2026-05-26,-5.126677688088421,-1.3093914172793193,0.20124910057743767
2356.TW,2492.TW,2026-05-27,-7.4898190476840085,-2.0032260404204876,0.1880935473047435
2356.TW,2492.TW,2026-05-28,-6.557397792530367,-1.6472806118115226,0.1764474757435069
2356.TW,2492.TW,2026-05-29,-0.6976469168627233,0.16644579971641799,0.17527473761333015
2356.TW,2492.TW,2026-06-01,1.3116278345344483,0.778014068658679,0.17753490515972267
2356.TW,2492.TW,2026-06-02,-1.3474559395104677,-0.034969489114425725,0.1750843359914382
2356.TW,2492.TW,2026-06-03,5.423643230748553,1.9608929227017915,0.18370066704643828
2356.TW,2492.TW,2026-06-04,2.3527168564203436,1.0299840728754968,0.18722487561060355
2356.TW,2492.TW,2026-06-05,-1.8305780188870386,-0.2023552656638979,0.1841921035397013
2356.TW,2492.TW,2026-06-08,-3.85033041448753,-0.7780973835084399,0.17813479653157477
2356.TW,2492.TW,2026-06-09,-5.41904577025133,-1.203028354029303,0.16862320817591536
2356.TW,2492.TW,2026-06-10,-2.5916279153175026,-0.3484131721875113,0.16458233397140284
2356.TW,2492.TW,2026-06-11,-2.9805529615443476,-0.4466587317368816,0.15971089973827812
2356.TW,2492.TW,2026-06-12,-0.5185800137989105,0.2789581708085076,0.1588832516205172
2356.TW,2492.TW,2026-06-15,-3.3764738170511066,-0.5586355164471015,0.1529091994706546
2356.TW,2492.TW,2026-06-16,-5.551586610738255,-1.1662925447340293,0.14257585839572268
2356.TW,2492.TW,2026-06-17,-5.647939801891411,-1.1546324218799886,0.1317448508342685
2356.TW,2492.TW,2026-06-18,-3.9015016296059173,-0.6210131405170173,0.12450043976261581
2356.TW,2492.TW,2026-06-22,-4.859285664348519,-0.8721545848897474,0.1149189488311858
2356.TW,2492.TW,2026-06-23,-0.9672612145087385,0.2841611580368801,0.11323558519094733
2356.TW,2492.TW,2026-06-24,-1.0361791007471624,0.27754831614706527,0.11135313408516441
2356.TW,2492.TW,2026-06-25,-0.8328042871088144,0.348361608736925,0.10982639811763456
2356.TW,2492.TW,2026-06-26,1.2339338234982833,0.9591063896182378,0.11184735173614145
2356.TW,2492.TW,2026-06-29,2.7741246074386936,1.3978983759001748,0.11638706964269731
2360.TW,2368.TW,2025-09-23,42.07419268553804,2.200717900841415,1.2544774464755126
2360.TW,2368.TW,2025-09-24,25.641652673785984,1.7306267480061246,1.255666880251596
2360.TW,2368.TW,2025-09-25,44.05169563105903,2.043230184993314,1.25758069960799
2360.TW,2368.TW,2025-09-26,43.44677146009906,1.9269875689527862,1.2593293419798153
2360.TW,2368.TW,2025-09-30,29.03387674693363,1.5470592126469846,1.2605458367970488
2360.TW,2368.TW,2025-10-01,55.44649911421425,2.0021914704401436,1.2628303647920847
2360.TW,2368.TW,2025-10-02,81.77827407927748,2.3845815708441975,1.2661487685398543
2360.TW,2368.TW,2025-10-03,77.19122686979063,2.1670609592318133,1.26928061339648
2360.TW,2368.TW,2025-10-07,97.71812300876502,2.3913129932380723,1.2730926655236154
2360.TW,2368.TW,2025-10-08,74.90464350917625,1.8757737637531957,1.2760039808586308
2360.TW,2368.TW,2025-10-09,65.80607724450408,1.6408413945510167,1.2785170325731092
2360.TW,2368.TW,2025-10-13,96.90069190693907,2.0638368162011207,1.2820954437197825
2360.TW,2368.TW,2025-10-14,131.66773700740987,2.4631378990377986,1.2867375049809409
2360.TW,2368.TW,2025-10-15,151.3788076858781,2.569421960301888,1.292031700485043
2360.TW,2368.TW,2025-10-16,152.280871263216,2.4082265278662796,1.2973342789648157
2360.TW,2368.TW,2025-10-17,134.20821774219837,2.0339169365808196,1.3018203711429028
2360.TW,2368.TW,2025-10-20,113.74700045430927,1.673784416578049,1.3056754840618467
2360.TW,2368.TW,2025-10-21,124.37564423447463,1.7380135819539662,1.3099097310477952
2360.TW,2368.TW,2025-10-22,164.1625710169202,2.1419046871231346,1.3151725957801
2360.TW,2368.TW,2025-10-23,163.08642733206432,2.0199622256692784,1.320330186894113
2360.TW,2368.TW,2025-10-27,194.3789390631698,2.2710883196429097,1.3265558012649608
2360.TW,2368.TW,2025-10-28,176.80993390255912,1.9600505389662881,1.332361359195558
2360.TW,2368.TW,2025-10-29,228.0113021775211,2.4045749406089993,1.3396537311599632
2360.TW,2368.TW,2025-10-30,230.77269098028387,2.294812786101027,1.3470911120210025
2360.TW,2368.TW,2025-10-31,186.44570995766776,1.727441030831441,1.353626695980761
2360.TW,2368.TW,2025-11-03,139.05539153992822,1.1796270704062364,1.3587218813733317
2360.TW,2368.TW,2025-11-04,115.8749028695596,0.9056425002778397,1.3628206491008796
2360.TW,2368.TW,2025-11-05,125.09140457536057,0.9715268146537384,1.3670178024918846
2360.TW,2368.TW,2025-11-06,95.61207816245656,0.6379263416660748,1.3702822825460035
2360.TW,2368.TW,2025-11-07,101.23418099675348,0.6712256209439906,1.3735944185687536
2360.TW,2368.TW,2025-11-10,79.07032015466586,0.40944171371510135,1.3762473867983143
2360.TW,2368.TW,2025-11-11,71.18037818917401,0.2975332259779768,1.3786861914310635
2360.TW,2368.TW,2025-11-12,40.28188296731139,-0.07581480833274788,1.3801829643995067
2360.TW,2368.TW,2025-11-13,22.684255390927774,-0.30561260078994507,1.3810406368723285
2360.TW,2368.TW,2025-11-14,31.79734172978351,-0.2303918235176733,1.3821738803806425
2360.TW,2368.TW,2025-11-17,29.943834954612953,-0.28510318190715184,1.383210989550893
2360.TW,2368.TW,2025-11-18,42.690942979800184,-0.15765428388320285,1.3845864619030899
2360.TW,2368.TW,2025-11-19,45.100953977877,-0.15576795057469925,1.3860638977614275
2360.TW,2368.TW,2025-11-20,10.990718345640062,-0.6354767966440834,1.386454586321068
2360.TW,2368.TW,2025-11-21,10.131636996698035,-0.684534723297335,1.3867940569858255
2360.TW,2368.TW,2025-11-24,58.581684828026255,-0.04887323791474996,1.3886935674536716
2360.TW,2368.TW,2025-11-25,2.899633506316377,-0.8485296148064871,1.3887956033257336
2360.TW,2368.TW,2025-11-26,-46.91193961706688,-1.559390983341975,1.3871284886797777
2360.TW,2368.TW,2025-11-27,-58.12078932449242,-1.7136371532014265,1.3850421640077963
2360.TW,2368.TW,2025-11-28,-57.16109106595172,-1.6662506890179498,1.3830079412021599
2360.TW,2368.TW,2025-12-01,-74.19599410540991,-1.8372967012611108,1.3804599406855338
2360.TW,2368.TW,2025-12-02,-50.01011005103089,-1.482288767685853,1.378831041488972
2360.TW,2368.TW,2025-12-03,-8.028152434786762,-0.917016853322095,1.378578188706662
2360.TW,2368.TW,2025-12-04,-26.728680492780995,-1.1473042096779915,1.3777579612771769
2360.TW,2368.TW,2025-12-05,-25.580082172836,-1.117925003285616,1.3769647366877056
2360.TW,2368.TW,2025-12-08,-5.618234617289886,-0.8550131221956739,1.376795224128563
2360.TW,2368.TW,2025-12-09,-13.342071771288488,-0.9662793983792527,1.3763924983633653
2360.TW,2368.TW,2025-12-10,-47.71086778850679,-1.420338158240197,1.374923663332199
2360.TW,2368.TW,2025-12-11,-33.33590360418839,-1.2317719733770325,1.3739331630043308
2360.TW,2368.TW,2025-12-12,-44.062815852436074,-1.3674873006767156,1.3726088054631236
2360.TW,2368.TW,2025-12-15,-58.30647310544089,-1.5286645044292733,1.3709220712720247
2360.TW,2368.TW,2025-12-16,-67.73757989494209,-1.6053452365295655,1.3690157284377993
2360.TW,2368.TW,2025-12-17,-61.82490164781075,-1.4750549902769714,1.3673192412062165
2360.TW,2368.TW,2025-12-18,-76.57577074152334,-1.5976551923999711,1.365230454435881
2360.TW,2368.TW,2025-12-19,-87.9629334079724,-1.6728033642729718,1.3627807293512713
2360.TW,2368.TW,2025-12-22,-127.5018041781766,-2.037649774889545,1.3590290315427662
2360.TW,2368.TW,2025-12-23,-119.6617967146725,-1.8615892527205493,1.355551114652879
2360.TW,2368.TW,2025-12-24,-132.0346413229197,-1.905215607740967,1.351666500432636
2360.TW,2368.TW,2025-12-26,-149.9672369045071,-1.9934334751600877,1.3471277630713447
2360.TW,2368.TW,2025-12-29,-154.7094886861396,-1.9446531704735373,1.3425177350787032
2360.TW,2368.TW,2025-12-30,-136.38872405017867,-1.6837618002194636,1.3385434566484289
2360.TW,2368.TW,2025-12-31,-141.85796472124696,-1.6632852845198332,1.3344986936220864
2360.TW,2368.TW,2026-01-02,-61.69209427651322,-0.8595799909455192,1.3328749849559878
2360.TW,2368.TW,2026-01-05,-34.35140670207238,-0.5750894188140109,1.3319934456494387
2360.TW,2368.TW,2026-01-06,-26.304011675869674,-0.48102600362641584,1.3312959676465268
2360.TW,2368.TW,2026-01-07,63.23160642222342,0.3846357291188069,1.3329055835052397
2360.TW,2368.TW,2026-01-08,79.52959102849718,0.5459232437129466,1.3348747292300382
2360.TW,2368.TW,2026-01-09,69.82734441460468,0.46555287768246756,1.3366004937546352
2360.TW,2368.TW,2026-01-12,61.04526103251783,0.39952739642383645,1.3381626027537288
2360.TW,2368.TW,2026-01-13,103.73057032330235,0.8365310739657493,1.3407447331209243
2360.TW,2368.TW,2026-01-14,76.75021800685909,0.5820410106214305,1.3427023301720344
2360.TW,2368.TW,2026-01-15,66.18476943542464,0.48665922834457487,1.344347238477265
2360.TW,2368.TW,2026-01-16,75.70895016122131,0.5952983523221763,1.3462346053565672
2360.TW,2368.TW,2026-01-19,106.38636794388754,0.9286654247357264,1.3486534909971724
2360.TW,2368.TW,2026-01-20,175.18435988638896,1.6301801487249892,1.3526434461795906
2360.TW,2368.TW,2026-01-21,183.81916187846116,1.7263197224679887,1.3565726947241934
2360.TW,2368.TW,2026-01-22,156.11720696564896,1.4525563948140199,1.3600555836453139
2360.TW,2368.TW,2026-01-23,141.90156539122972,1.3566931778673452,1.3632980461387758
2360.TW,2368.TW,2026-01-26,103.31474613756552,1.0069872658826406,1.3657119329689356
2360.TW,2368.TW,2026-01-27,94.48942805016816,0.9499103673032531,1.3679656424742
2360.TW,2368.TW,2026-01-28,47.464165742906175,0.44049289249989304,1.3691423972040173
2360.TW,2368.TW,2026-01-29,64.65160238433441,0.6551276774246217,1.3706659939514476
2360.TW,2368.TW,2026-01-30,17.40923671770429,0.1270750437213147,1.371077674826516
2360.TW,2368.TW,2026-02-02,1.650263823372029,-0.041543335357484126,1.3711165984348066
2360.TW,2368.TW,2026-02-03,3.2972852113975932,-0.0023257039559453296,1.3711989642179607
2360.TW,2368.TW,2026-02-04,-62.51521261453786,-0.7721128548893882,1.3695697629588448
2360.TW,2368.TW,2026-02-05,-66.4972464438465,-0.7932267447894471,1.3679394631347008
2360.TW,2368.TW,2026-02-06,-52.14701377917254,-0.5997374308614793,1.3667003985261066
2360.TW,2368.TW,2026-02-09,-59.06841533831607,-0.6651628199092293,1.365214442817548
2360.TW,2368.TW,2026-02-10,-113.07294683382952,-1.2730157469915229,1.362232836868452
2360.TW,2368.TW,2026-02-11,-78.51588130488472,-0.8350176519738135,1.3602336461210018
2360.TW,2368.TW,2026-02-23,39.66215655775204,0.5709819792034193,1.3612168462355978
2360.TW,2368.TW,2026-02-24,87.00623164100125,1.1175360587723133,1.3633858928054963
2360.TW,2368.TW,2026-02-25,98.44685485892114,1.2199677352039473,1.3658435916102014
2360.TW,2368.TW,2026-02-26,243.35954606349742,2.6817185155380674,1.3717049669432506
2360.TW,2368.TW,2026-03-02,422.85421953567857,3.932874001332187,1.381294214987198
2360.TW,2368.TW,2026-03-03,327.22391344428297,2.7789640823439417,1.3884464320337055
2360.TW,2368.TW,2026-03-04,346.3796104649539,2.7061819825369007,1.3953936484404301
2360.TW,2368.TW,2026-03-05,367.86030185421896,2.655134686767349,1.4030058593698267
2360.TW,2368.TW,2026-03-06,255.6502587391342,1.71227875139909,1.4086585387405364
2360.TW,2368.TW,2026-03-09,162.55821947258482,0.9791095843848373,1.4120804855724487
2360.TW,2368.TW,2026-03-10,199.4030340695051,1.2125821589837116,1.4165523674355291
2360.TW,2368.TW,2026-03-11,214.66442139817332,1.2810640587853381,1.421791848148901
2360.TW,2368.TW,2026-03-12,192.06564079765212,1.079942187413905,1.4264849764664842
2360.TW,2368.TW,2026-03-13,188.44792679747547,1.020664348353808,1.43114775168462
2360.TW,2368.TW,2026-03-16,143.00614763975614,0.6729077747288891,1.4345392433359065
2360.TW,2368.TW,2026-03-17,148.25344545193525,0.6896783532375665,1.4380418330036984
2360.TW,2368.TW,2026-03-18,237.41296895044843,1.2832144498957083,1.4435808681337476
2360.TW,2368.TW,2026-03-19,137.5515210371209,0.5531988469675053,1.4470554127028223
2360.TW,2368.TW,2026-03-20,148.50178548077224,0.6092381080682878,1.4506848602661182
2360.TW,2368.TW,2026-03-23,118.8374479691181,0.3786651428945668,1.4534719107141103
2360.TW,2368.TW,2026-03-24,182.53449669902625,0.80720780039993,1.4573727579793128
2360.TW,2368.TW,2026-03-25,271.64884138966477,1.3945696520160837,1.463344166476892
2360.TW,2368.TW,2026-03-26,286.6756810782467,1.446625193949506,1.4695529360460908
2360.TW,2368.TW,2026-03-27,248.21509936447114,1.1369501710121734,1.4749098008174795
2360.TW,2368.TW,2026-03-30,290.8243595514223,1.3934519461638242,1.4809489078404503
2360.TW,2368.TW,2026-03-31,184.93334352854572,0.6167568839149701,1.484594921761549
2360.TW,2368.TW,2026-04-01,197.93491772107836,0.6848236883099085,1.4888578086028763
2360.TW,2368.TW,2026-04-02,180.86339915621284,0.5336870380461932,1.4925464902335301
2360.TW,2368.TW,2026-04-07,179.5403506408968,0.49805473541791256,1.4962664799202523
2360.TW,2368.TW,2026-04-08,222.8687571204182,0.8143128381961519,1.5011940066337086
2360.TW,2368.TW,2026-04-09,187.42482814000846,0.5028385951844587,1.5056885199751853
2360.TW,2368.TW,2026-04-10,136.87935054395166,0.052057557004687845,1.5089058901884016
2360.TW,2368.TW,2026-04-13,277.0173185007159,1.215593955606977,1.515116378127701
2360.TW,2368.TW,2026-04-14,91.89574545237815,-0.40349098061987126,1.517333941368097
2360.TW,2368.TW,2026-04-15,241.0795366843049,0.8744135874174556,1.5231314091174522
2360.TW,2368.TW,2026-04-16,263.61443730531755,1.0372333515310839,1.5293670850785774
2360.TW,2368.TW,2026-04-17,439.6633816359358,2.3919743161866007,1.5396911743741093
2360.TW,2368.TW,2026-04-20,177.78750551953908,0.21305043932922996,1.5439231999291183
2360.TW,2368.TW,2026-04-21,126.3582464536214,-0.2170623277706051,1.5469178383101045
2360.TW,2368.TW,2026-04-22,90.2510878943217,-0.5194175717870476,1.549064179419587
2360.TW,2368.TW,2026-04-23,-21.42993444778199,-1.417214908185391,1.5485572162521772
2360.TW,2368.TW,2026-04-24,-225.51824541021006,-2.840318762765999,1.5427948982834794
2360.TW,2368.TW,2026-04-27,-257.2588491787101,-2.822589610937848,1.5362277147095273
2360.TW,2368.TW,2026-04-28,-70.29989473688511,-1.4400718346940602,1.5345104832972267
2360.TW,2368.TW,2026-04-29,-33.44634803949839,-1.1455802077489279,1.533727134069116
2360.TW,2368.TW,2026-04-30,-14.218474237678947,-0.9850956703958711,1.5333928435978001
2360.TW,2368.TW,2026-05-04,94.81533354337489,-0.23290746446059965,1.5356598222433453
2360.TW,2368.TW,2026-05-05,-39.16378769713083,-1.1217668098023235,1.53471643304861
2360.TW,2368.TW,2026-05-06,119.30804225700285,-0.051280784975181716,1.5374645622228402
2360.TW,2368.TW,2026-05-07,88.9364180278344,-0.262245146163249,1.539482937326868
2360.TW,2368.TW,2026-05-08,173.48724144315383,0.2996443603105089,1.5430310416361235
2360.TW,2368.TW,2026-05-11,189.5388612694469,0.390646812011272,1.5470627813090745
2360.TW,2368.TW,2026-05-12,276.2901686457685,0.9500780191161906,1.5528151392728595
2360.TW,2368.TW,2026-05-13,295.35934348249293,1.044412155955925,1.558708846472063
2360.TW,2368.TW,2026-05-14,26.954879033758516,-0.7990174327527048,1.5592722631434455
2360.TW,2368.TW,2026-05-15,218.67741105980053,0.4941796701123254,1.5633390996716336
2360.TW,2368.TW,2026-05-18,221.32175119130852,0.48811354763449616,1.5672958256404357
2360.TW,2368.TW,2026-05-19,37.07807121662768,-0.8413479422450507,1.5679729939475604
2360.TW,2368.TW,2026-05-20,122.22997812190351,-0.2657636597442133,1.5701029600591603
2360.TW,2368.TW,2026-05-21,241.98822027531492,0.598126944217576,1.57446746524833
2360.TW,2368.TW,2026-05-22,167.53277736038945,0.015624674824490497,1.5775737952206035
2360.TW,2368.TW,2026-05-25,201.50399431973392,0.2620856602906705,1.5815446574287495
2360.TW,2368.TW,2026-05-26,203.97661620998952,0.26805543189092407,1.585575228715709
2360.TW,2368.TW,2026-05-27,427.2941541951859,1.9067175560277556,1.5935178617882533
2360.TW,2368.TW,2026-05-28,472.7998639620964,2.2120558719390506,1.601788858810073
2360.TW,2368.TW,2026-05-29,390.35926078286,1.578934047749898,1.6086569275768348
2360.TW,2368.TW,2026-06-01,431.8936058565755,1.841544171054273,1.616239078067947
2360.TW,2368.TW,2026-06-02,346.12038579149475,1.2322554912805976,1.622051657007999
2360.TW,2368.TW,2026-06-03,285.7600991623626,0.7915353031692396,1.6272435397330833
2360.TW,2368.TW,2026-06-04,407.0929061175284,1.5983787239161507,1.6343986762704572
2360.TW,2368.TW,2026-06-05,400.4577998615223,1.4985486359773519,1.6412132758407376
2360.TW,2368.TW,2026-06-08,208.16255876404966,0.17354418080707665,1.6448597337502586
2360.TW,2368.TW,2026-06-09,-69.84530667334684,-1.6716472185783355,1.6435227821143035
2360.TW,2368.TW,2026-06-10,-122.82142548207867,-1.928293133245038,1.641312881717137
2360.TW,2368.TW,2026-06-11,-19.969169421281094,-1.2254241276985556,1.640975042428216
2360.TW,2368.TW,2026-06-12,122.23814489053302,-0.3086010004064724,1.642995448086958
2360.TW,2368.TW,2026-06-15,90.53520783086287,-0.49621641797350474,1.644486533857018
2360.TW,2368.TW,2026-06-16,106.82274374520193,-0.38800776362156625,1.6462730630267028
2360.TW,2368.TW,2026-06-17,-9.329576404767067,-1.1043008181556064,1.6461147803347858
2360.TW,2368.TW,2026-06-18,93.09678914292772,-0.45117592300962195,1.6476695760195315
2360.TW,2368.TW,2026-06-22,27.012265705813206,-0.8484349912774689,1.6481321421322004
2360.TW,2368.TW,2026-06-23,176.63657450975052,0.10462770156275625,1.6508801782531617
2360.TW,2368.TW,2026-06-24,86.47238678497706,-0.44633651744850145,1.6522132376215324
2360.TW,2368.TW,2026-06-25,133.73191484644803,-0.13448616704266067,1.6542484557689936
2360.TW,2368.TW,2026-06-26,65.30969874261041,-0.5483807058091894,1.6552019338297392
2360.TW,2368.TW,2026-06-29,165.52977434707395,0.09438375230812453,1.6575499789202823
2360.TW,5274.TWO,2025-09-23,47.81424154495221,0.811773018528063,0.12120940977086901
2360.TW,5274.TWO,2025-09-24,28.235509505534424,0.024936542559130925,0.12165568880066881
2360.TW,5274.TWO,2025-09-25,35.347966414304096,0.28382608489437194,0.12219657748293432
2360.TW,5274.TWO,2025-09-26,15.834711100085087,-0.5250342925350814,0.12243334802670516
2360.TW,5274.TWO,2025-09-30,13.678073511020102,-0.6452843874619064,0.12264472359588131
2360.TW,5274.TWO,2025-10-01,22.14615299790512,-0.31433161837884815,0.12299707540498472
2360.TW,5274.TWO,2025-10-02,10.0976342646087,-0.8558932886504587,0.1231678889382968
2360.TW,5274.TWO,2025-10-03,23.202363057733123,-0.32797635712943646,0.12354929850348326
2360.TW,5274.TWO,2025-10-07,25.56522856801928,-0.2624604093455518,0.12396914779668576
2360.TW,5274.TWO,2025-10-08,-5.534263717842691,-1.7024104213096036,0.12387670273262781
2360.TW,5274.TWO,2025-10-09,-19.390489670292254,-2.313674660545654,0.12355337876527756
2360.TW,5274.TWO,2025-10-13,20.365353602360074,-0.5371188548531645,0.12387911074768287
2360.TW,5274.TWO,2025-10-14,60.569036547850715,1.3235270476235501,0.12480332021411145
2360.TW,5274.TWO,2025-10-15,55.67831504502499,1.0590386382048682,0.12568900909888228
2360.TW,5274.TWO,2025-10-16,47.3721500484254,0.6517404255805692,0.12645341157540857
2360.TW,5274.TWO,2025-10-17,11.810884705383387,-0.9933024835571341,0.12664375443764467
2360.TW,5274.TWO,2025-10-20,36.96148021229112,0.16423784452169815,0.12720506840199913
2360.TW,5274.TWO,2025-10-21,54.919075632616455,0.9641862440108058,0.12803955982554327
2360.TW,5274.TWO,2025-10-22,71.43810820329065,1.6542433268814938,0.12911738205241166
2360.TW,5274.TWO,2025-10-23,71.79772700422325,1.6041809210258262,0.13019278506864349
2360.TW,5274.TWO,2025-10-27,118.67085672460814,3.29132339138424,0.13195018247991971
2360.TW,5274.TWO,2025-10-28,95.86943079058744,2.232359647305315,0.1334235237942836
2360.TW,5274.TWO,2025-10-29,145.12271812891345,3.613500992264109,0.13560717583375873
2360.TW,5274.TWO,2025-10-30,147.37879187103636,3.277195778177391,0.13784317056231843
2360.TW,5274.TWO,2025-10-31,120.3125120007627,2.3149404176237476,0.1397642297426554
2360.TW,5274.TWO,2025-11-03,104.18055539494401,1.7568145037882412,0.14142063493585869
2360.TW,5274.TWO,2025-11-04,60.81389050760197,0.4881110558185891,0.14238927482595937
2360.TW,5274.TWO,2025-11-05,69.56222099889305,0.735215379567503,0.143449787544182
2360.TW,5274.TWO,2025-11-06,-6.903204358072685,-1.4684601707806635,0.14333387454761629
2360.TW,5274.TWO,2025-11-07,-2.3897062070494712,-1.2900391745576982,0.1432950606427125
2360.TW,5274.TWO,2025-11-10,5.935400562936593,-1.0227858083387908,0.1433900680316525
2360.TW,5274.TWO,2025-11-11,21.970333531492088,-0.560875887306741,0.14373921013025326
2360.TW,5274.TWO,2025-11-12,38.81159235701841,-0.0950492520514145,0.1443685476868901
2360.TW,5274.TWO,2025-11-13,-24.857681532466245,-1.849145370759497,0.1439280705657126
2360.TW,5274.TWO,2025-11-14,1.3938060402323345,-1.0874834045506414,0.14395085619969794
2360.TW,5274.TWO,2025-11-17,-27.197634345815572,-1.8000339104665213,0.143498148136674
2360.TW,5274.TWO,2025-11-18,-94.57476985816663,-3.221817977437804,0.1418434999078573
2360.TW,5274.TWO,2025-11-19,-31.303731780488192,-1.6366934193109988,0.14132951189208612
2360.TW,5274.TWO,2025-11-20,-10.520060023332917,-1.1265550761260297,0.14115435437739224
2360.TW,5274.TWO,2025-11-21,-7.794666329869074,-1.041449059868958,0.14103159621146824
2360.TW,5274.TWO,2025-11-24,-12.966423947657404,-1.1331046117052261,0.1408167237714358
2360.TW,5274.TWO,2025-11-25,14.11962988660241,-0.488360372131022,0.14104570350403495
2360.TW,5274.TWO,2025-11-26,-46.91508838738889,-1.818637935638729,0.14025509946223688
2360.TW,5274.TWO,2025-11-27,-36.17607993617753,-1.5144433120128453,0.13965040598901382
2360.TW,5274.TWO,2025-11-28,-100.22014218274876,-2.70644365955911,0.1378284407383928
2360.TW,5274.TWO,2025-12-01,-76.07992404944719,-2.0791714610601115,0.13655544999719227
2360.TW,5274.TWO,2025-12-02,-40.29699241309277,-1.3114228587834487,0.13591933313477747
2360.TW,5274.TWO,2025-12-03,-8.433455515724972,-0.6612697225850107,0.13578716917100128
2360.TW,5274.TWO,2025-12-04,-20.037041513476083,-0.8634586407774278,0.1354793859888608
2360.TW,5274.TWO,2025-12-05,-14.763862796780927,-0.7346328637189062,0.13524749790348045
2360.TW,5274.TWO,2025-12-08,0.8170934141608086,-0.4077926041715108,0.1352602093851311
2360.TW,5274.TWO,2025-12-09,-16.07308864629738,-0.7185126900485331,0.13500335895100618
2360.TW,5274.TWO,2025-12-10,-24.111797599569627,-0.8529844601633917,0.13461840095809355
2360.TW,5274.TWO,2025-12-11,-35.51889976896041,-1.0456521793281235,0.1340458593688654
2360.TW,5274.TWO,2025-12-12,-15.956895363787112,-0.6464225299376357,0.13379282356165534
2360.TW,5274.TWO,2025-12-15,-54.74999442706485,-1.3611963401942608,0.13291786725713053
2360.TW,5274.TWO,2025-12-16,-54.96341763461021,-1.3205032353095871,0.13206154276639692
2360.TW,5274.TWO,2025-12-17,-39.452553298727594,-0.9940877797210426,0.131460592211821
2360.TW,5274.TWO,2025-12-18,-59.491457752713586,-1.3284434704645518,0.13053494457898554
2360.TW,5274.TWO,2025-12-19,-38.88156894221936,-0.9220227694025412,0.12993291930527684
2360.TW,5274.TWO,2025-12-22,-45.39927242817282,-1.008441775814287,0.12920561853595205
2360.TW,5274.TWO,2025-12-23,-42.394812136040514,-0.9258551258443728,0.12852236985316104
2360.TW,5274.TWO,2025-12-24,-29.238623012677067,-0.6656283424606874,0.1280549721356644
2360.TW,5274.TWO,2025-12-26,-18.764220897035898,-0.4640723934786926,0.12775268028946213
2360.TW,5274.TWO,2025-12-29,-41.926701837486235,-0.8619474414410413,0.12706421426022455
2360.TW,5274.TWO,2025-12-30,-75.77941788746159,-1.4185271044738261,0.12575204432483242
2360.TW,5274.TWO,2025-12-31,-52.06053545015493,-0.9718883496644253,0.12490078603522321
2360.TW,5274.TWO,2026-01-02,-27.7204037254661,-0.5283728059031585,0.12445126616406056
2360.TW,5274.TWO,2026-01-05,3.6737280672060706,0.029218411394541018,0.12450925179782701
2360.TW,5274.TWO,2026-01-06,34.04944065355335,0.5502865794096934,0.1250530683889016
2360.TW,5274.TWO,2026-01-07,71.35273350325338,1.1655952757145842,0.1262171208944956
2360.TW,5274.TWO,2026-01-08,38.96075903543601,0.5966799377477865,0.1268712806780021
2360.TW,5274.TWO,2026-01-09,31.61225191613846,0.4807878358923541,0.12739652223711365
2360.TW,5274.TWO,2026-01-12,15.446388111510373,0.2122770377102041,0.1276634128559515
2360.TW,5274.TWO,2026-01-13,45.422514265021846,0.7388091556821292,0.1284293623969939
2360.TW,5274.TWO,2026-01-14,36.584842967421764,0.5749922423135486,0.1290441965602948
2360.TW,5274.TWO,2026-01-15,-56.42787093127072,-1.0189077187776936,0.12803023865122204
2360.TW,5274.TWO,2026-01-16,-23.96848970026133,-0.4340417668004237,0.12761358993757263
2360.TW,5274.TWO,2026-01-19,-62.73868054853335,-1.0764393693328596,0.12653512821460805
2360.TW,5274.TWO,2026-01-20,28.87082898629069,0.5498768349922416,0.12701504795266863
2360.TW,5274.TWO,2026-01-21,26.09840070870939,0.5488707418039168,0.12742923157729694
2360.TW,5274.TWO,2026-01-22,-1.4979193291372894,0.07167580845883129,0.1274044316803916
2360.TW,5274.TWO,2026-01-23,-5.486754558771622,0.046997356412825333,0.12731269457887323
2360.TW,5274.TWO,2026-01-26,-14.612072537467952,-0.0933475299977535,0.12707091612809682
2360.TW,5274.TWO,2026-01-27,16.857709139947133,0.7086854559481844,0.1273435316664327
2360.TW,5274.TWO,2026-01-28,6.760325573149203,0.5396368358758978,0.127453355553207
2360.TW,5274.TWO,2026-01-29,-59.33982739195335,-1.166300077453508,0.12644305929931243
2360.TW,5274.TWO,2026-01-30,-39.234564641951465,-0.6049185772997605,0.12581601177287755
2360.TW,5274.TWO,2026-02-02,-58.59209468538597,-1.111909516071759,0.12486453538576452
2360.TW,5274.TWO,2026-02-03,-64.8614240489394,-1.2422280103947971,0.12372973609151765
2360.TW,5274.TWO,2026-02-04,-50.54948113354931,-0.8227513364784286,0.12287760749984603
2360.TW,5274.TWO,2026-02-05,-43.683676668108205,-0.6101079686178853,0.1221892612920061
2360.TW,5274.TWO,2026-02-06,-22.416359062852166,0.005199431308767256,0.12184441560617505
2360.TW,5274.TWO,2026-02-09,-22.85372932529981,-0.008117699424599778,0.12146678279660252
2360.TW,5274.TWO,2026-02-10,5.54546521673069,0.7921334467219332,0.12155595489229708
2360.TW,5274.TWO,2026-02-11,-24.87621188831463,-0.06829008679668937,0.12113990125909119
2360.TW,5274.TWO,2026-02-23,66.25257609521827,2.394423100543398,0.12223895200576862
2360.TW,5274.TWO,2026-02-24,118.47736312468055,3.387286951698866,0.12418607650175767
2360.TW,5274.TWO,2026-02-25,133.63044555847227,3.3327207003764543,0.12635759491400264
2360.TW,5274.TWO,2026-02-26,223.92554451443834,4.335765459356573,0.12998529777834633
2360.TW,5274.TWO,2026-03-02,338.9374670020816,4.877423935725582,0.13532569098220779
2360.TW,5274.TWO,2026-03-03,221.42040622076934,2.9224844246053983,0.13873175203406762
2360.TW,5274.TWO,2026-03-04,217.5253311664901,2.646452910059341,0.14188301547413823
2360.TW,5274.TWO,2026-03-05,149.95624783077847,1.7326807832871145,0.1443165570494769
2360.TW,5274.TWO,2026-03-06,83.91122201517487,0.9082706389150503,0.14569850296330208
2360.TW,5274.TWO,2026-03-09,8.87581832845467,-0.01736102926759591,0.14583675746676145
2360.TW,5274.TWO,2026-03-10,91.6434272087713,0.9623894759157511,0.147298219253942
2360.TW,5274.TWO,2026-03-11,123.16091003120823,1.3003197102791177,0.149391032110214
2360.TW,5274.TWO,2026-03-12,54.615011869276486,0.46353536057316486,0.15034541803710144
2360.TW,5274.TWO,2026-03-13,76.84146068275754,0.7093218035166322,0.1516594996934568
2360.TW,5274.TWO,2026-03-16,21.633868375216025,0.04572746067384674,0.1520165650528521
2360.TW,5274.TWO,2026-03-17,-84.03269733168872,-1.1902514675773015,0.15050317956393094
2360.TW,5274.TWO,2026-03-18,-106.6996006519505,-1.4194684694158588,0.14846867679346426
2360.TW,5274.TWO,2026-03-19,-31.259926100728308,-0.5427950218258538,0.14791317108481244
2360.TW,5274.TWO,2026-03-20,-0.8659535008202965,-0.1920727510917084,0.14789855214297548
2360.TW,5274.TWO,2026-03-23,-23.251572288784246,-0.4608274059296743,0.1475201402561679
2360.TW,5274.TWO,2026-03-24,9.694523371647847,-0.08858442543856174,0.14766989146616555
2360.TW,5274.TWO,2026-03-25,63.73118813558858,0.5277690842158402,0.1487178847029207
2360.TW,5274.TWO,2026-03-26,61.34349439243192,0.4784979931677993,0.1497256621398831
2360.TW,5274.TWO,2026-03-27,30.636624524818217,0.10139116305413183,0.15022670078242037
2360.TW,5274.TWO,2026-03-30,74.17823241950009,0.5972527889820267,0.15140026250289457
2360.TW,5274.TWO,2026-03-31,-11.543468957229607,-0.43305644545367267,0.15122532699077268
2360.TW,5274.TWO,2026-04-01,41.219865988588936,0.18529027421357494,0.1518953066619365
2360.TW,5274.TWO,2026-04-02,-71.94686790999071,-1.1530615808058435,0.15069012793972789
2360.TW,5274.TWO,2026-04-07,-6.19454405907004,-0.3789918712261629,0.15058933153030343
2360.TW,5274.TWO,2026-04-08,-7.081734567726926,-0.40789594070154583,0.15046291499282324
2360.TW,5274.TWO,2026-04-09,95.06137575644902,0.7994344825547128,0.1521075767267694
2360.TW,5274.TWO,2026-04-10,32.2197959928335,0.025775280683834643,0.15265557116010614
2360.TW,5274.TWO,2026-04-13,154.0833506226063,1.452518032468143,0.15515929669818607
2360.TW,5274.TWO,2026-04-14,-1.1764235063719752,-0.3964242037945291,0.15513890488848708
2360.TW,5274.TWO,2026-04-15,44.93404491782121,0.159716825336025,0.1559546594777899
2360.TW,5274.TWO,2026-04-16,-8.625358056012146,-0.47056962450502243,0.15579642331924767
2360.TW,5274.TWO,2026-04-17,239.34462332601106,2.3311785176487723,0.15983681583707107
2360.TW,5274.TWO,2026-04-20,-43.65551542261255,-0.8689458039945127,0.1590740463113673
2360.TW,5274.TWO,2026-04-21,-149.21211155763376,-1.957075873591582,0.15637230839221833
2360.TW,5274.TWO,2026-04-22,-207.23587655294523,-2.4150063491911165,0.15253312965506077
2360.TW,5274.TWO,2026-04-23,-191.92442803706354,-2.155347235231602,0.1491992743099611
2360.TW,5274.TWO,2026-04-24,-242.19786393745517,-2.483159257100738,0.14487429988361503
2360.TW,5274.TWO,2026-04-27,-151.41057743001784,-1.5828345542909463,0.1422965474134028
2360.TW,5274.TWO,2026-04-28,-19.896800822307796,-0.35038996616655466,0.1419586820475879
2360.TW,5274.TWO,2026-04-29,-70.5747210561949,-0.8023581881841184,0.1407351122230438
2360.TW,5274.TWO,2026-04-30,3.2454527090244483,-0.1202164126848919,0.1407903313416689
2360.TW,5274.TWO,2026-05-04,43.039051431198914,0.24042122579498174,0.1415644662520098
2360.TW,5274.TWO,2026-05-05,-48.76690330500924,-0.6020980548006913,0.1406978963086284
2360.TW,5274.TWO,2026-05-06,-42.42113875752602,-0.5331107504648693,0.13992200958973677
2360.TW,5274.TWO,2026-05-07,31.621958521630404,0.14466065465604525,0.140458486058809
2360.TW,5274.TWO,2026-05-08,45.15536108819151,0.25410840259244577,0.14118227942319073
2360.TW,5274.TWO,2026-05-11,49.30390488784951,0.2792771701382942,0.1420261263100054
2360.TW,5274.TWO,2026-05-12,82.43275746621703,0.5650498240969555,0.14344183883920106
2360.TW,5274.TWO,2026-05-13,56.39733855644772,0.3064375250920657,0.1443932811295758
2360.TW,5274.TWO,2026-05-14,-67.70306443611116,-0.8449254810779739,0.14325303003104747
2360.TW,5274.TWO,2026-05-15,-6.234839529121018,-0.2801885175064411,0.1431517005611714
2360.TW,5274.TWO,2026-05-18,60.865694229885776,0.33238696929795625,0.14409123038384206
2360.TW,5274.TWO,2026-05-19,-31.591893026001344,-0.5280500794238042,0.1435975522557858
2360.TW,5274.TWO,2026-05-20,21.11658784118572,-0.03931274521386636,0.14392688683865698
2360.TW,5274.TWO,2026-05-21,87.8093177312694,0.5643436840341982,0.1454040249650864
2360.TW,5274.TWO,2026-05-22,-68.51686190428836,-0.8659551623228228,0.1441616399276888
2360.TW,5274.TWO,2026-05-25,99.13611810391558,0.691676418572213,0.1459028409785335
2360.TW,5274.TWO,2026-05-26,160.7122758142259,1.2531817772223945,0.14860289492415038
2360.TW,5274.TWO,2026-05-27,117.21730142517708,0.8880012660955824,0.15068321703205748
2360.TW,5274.TWO,2026-05-28,91.4219323544039,0.7389472411057567,0.15223947925630954
2360.TW,5274.TWO,2026-05-29,-85.39809271468903,-1.0473874012653102,0.15070184401041983
2360.TW,5274.TWO,2026-06-01,27.552912700256456,0.18253453361550917,0.15117456752241837
2360.TW,5274.TWO,2026-06-02,-59.459985005492854,-0.7451751583015178,0.15018270053513308
2360.TW,5274.TWO,2026-06-03,63.05012180753192,0.6254978254537064,0.15123187674549918
2360.TW,5274.TWO,2026-06-04,76.8489609536432,0.7631736978405971,0.15253686170034642
2360.TW,5274.TWO,2026-06-05,101.19375258605987,1.030256611618828,0.1541795848854991
2360.TW,5274.TWO,2026-06-08,-12.396671802975561,-0.20821363818301986,0.15397556935868512
2360.TW,5274.TWO,2026-06-09,-92.59955313654064,-1.0750433475469918,0.1524112947240793
2360.TW,5274.TWO,2026-06-10,-105.52108214142027,-1.1779588774967107,0.15073266761105966
2360.TW,5274.TWO,2026-06-11,-180.38833406519007,-1.909461738299142,0.1476793053657024
2360.TW,5274.TWO,2026-06-12,-146.06945504560053,-1.5090836330376138,0.14509571275738503
2360.TW,5274.TWO,2026-06-15,-72.77129776155289,-0.741809013794939,0.14387513745873828
2360.TW,5274.TWO,2026-06-16,-45.42000829629933,-0.44713703908476343,0.14309773622039856
2360.TW,5274.TWO,2026-06-17,-126.88135541462407,-1.2745714422205319,0.14089950626834696
2360.TW,5274.TWO,2026-06-18,-82.52935190445442,-0.7941338642075512,0.13944730932070937
2360.TW,5274.TWO,2026-06-22,-93.52999433135255,-0.8853059934530954,0.13779909279980557
2360.TW,5274.TWO,2026-06-23,-33.2369156354257,-0.24354187484878145,0.13724510990193467
2360.TW,5274.TWO,2026-06-24,-90.87461038342008,-0.8173172317620323,0.13573707397873822
2360.TW,5274.TWO,2026-06-25,35.72537738117944,0.5004644743333355,0.13630453222846248
2360.TW,5274.TWO,2026-06-26,82.91650083379614,0.9889194018621225,0.13751469204154146
2360.TW,5274.TWO,2026-06-29,148.12373157921638,1.6025856460686396,0.1397149201969078
2368.TW,3036.TW,2025-09-23,-19.339030246522725,0.41259853927649537,3.5242479947427583
2368.TW,3036.TW,2025-09-24,-18.477488971392916,0.39249522806970294,3.5219003310761945
2368.TW,3036.TW,2025-09-25,-40.357645575606284,0.1848966211841885,3.5168363961134212
2368.TW,3036.TW,2025-09-26,-59.5765901929264,-0.022068172899358383,3.50955858293406
2368.TW,3036.TW,2025-09-30,-46.199035868068165,0.05846593708748303,3.50387947236045
2368.TW,3036.TW,2025-10-01,-54.282736687368924,-0.05882972550089372,3.4971940871847735
2368.TW,3036.TW,2025-10-02,-41.71321445832393,0.02783616971002947,3.492262359675546
2368.TW,3036.TW,2025-10-03,-16.3460214781191,0.25914772361334404,3.4904335805579496
2368.TW,3036.TW,2025-10-07,-33.06960204605815,0.03864766228100832,3.486729032408471
2368.TW,3036.TW,2025-10-08,-38.18840968826288,-0.06423301883760997,3.4824164131135786
2368.TW,3036.TW,2025-10-09,-35.761680030893274,-0.07870278288801387,3.47846335888272
2368.TW,3036.TW,2025-10-13,-46.88803593623783,-0.2675594284491502,3.473314112304764
2368.TW,3036.TW,2025-10-14,-63.22765487291156,-0.5465523958326896,3.4664159328065254
2368.TW,3036.TW,2025-10-15,-62.50125438133006,-0.5915492648703844,3.4596660047349244
2368.TW,3036.TW,2025-10-16,-48.75175437456528,-0.4358770343712306,3.4545831279901216
2368.TW,3036.TW,2025-10-17,-41.665899822204494,-0.37330880326404403,3.450465867812466
2368.TW,3036.TW,2025-10-20,-36.302804723292525,-0.335086523248814,3.4468794930784923
2368.TW,3036.TW,2025-10-21,-26.170470349940388,-0.21373080918189727,3.4443432715221194
2368.TW,3036.TW,2025-10-22,-57.009339843852786,-0.8139535590806858,3.4387364013093924
2368.TW,3036.TW,2025-10-23,-59.40146154930255,-0.9118817059266815,3.4329417979441117
2368.TW,3036.TW,2025-10-27,-61.32134020934433,-1.000748032299224,3.4268783095831825
2368.TW,3036.TW,2025-10-28,-49.586339589329725,-0.8200032307432723,3.422000341857109
2368.TW,3036.TW,2025-10-29,-56.94028134769724,-1.0224320256318746,3.416447654179783
2368.TW,3036.TW,2025-10-30,-60.27991765367051,-1.1215076253244631,3.4104968836129435
2368.TW,3036.TW,2025-10-31,-11.78575499996947,-0.12363730112420733,3.4093639018417687
2368.TW,3036.TW,2025-11-03,3.865650991839402,0.191953510066372,3.409740024182789
2368.TW,3036.TW,2025-11-04,-14.15160926059383,-0.2547024215960722,3.4083571095656238
2368.TW,3036.TW,2025-11-05,-61.38126913898236,-1.361274690118256,3.4020778312883277
2368.TW,3036.TW,2025-11-06,-33.7521453460011,-0.6989346507230475,3.3987604676811127
2368.TW,3036.TW,2025-11-07,-32.34104297163037,-0.6451358272913303,3.3957156959430015
2368.TW,3036.TW,2025-11-10,-6.623677426742404,-0.024565909689713023,3.395110058031944
2368.TW,3036.TW,2025-11-11,9.635930634226554,0.3777016971321949,3.395980851211709
2368.TW,3036.TW,2025-11-12,62.9532965223558,1.6313358400258113,3.4015471258739662
2368.TW,3036.TW,2025-11-13,67.70688597475947,1.7137241258151255,3.407630119534635
2368.TW,3036.TW,2025-11-14,52.49614311338706,1.3585246582547077,3.4122138449427757
2368.TW,3036.TW,2025-11-17,58.13657750297796,1.4786377304632343,3.41709749740496
2368.TW,3036.TW,2025-11-18,64.2597826450708,1.588015119998701,3.4220293157865584
2368.TW,3036.TW,2025-11-19,81.69567532306883,1.9235196274912574,3.428199382312701
2368.TW,3036.TW,2025-11-20,122.11194616726976,2.6526716829591885,3.437555851373813
2368.TW,3036.TW,2025-11-21,108.95552532173633,2.2713747271420663,3.4456168185619442
2368.TW,3036.TW,2025-11-24,93.11352428260551,1.8832030372711972,3.45252960815458
2368.TW,3036.TW,2025-11-25,138.66996623452275,2.628108711251016,3.4628962324971377
2368.TW,3036.TW,2025-11-26,132.95472454746994,2.403610088451455,3.473194861473018
2368.TW,3036.TW,2025-11-27,141.55997146003767,2.4556091956977544,3.484216185618343
2368.TW,3036.TW,2025-11-28,142.59022251508532,2.3336658212782595,3.4952927625226544
2368.TW,3036.TW,2025-12-01,147.19237431111333,2.2670978121648946,3.5062248404197205
2368.TW,3036.TW,2025-12-02,102.08279286125264,1.4911751987747865,3.5140967764266873
2368.TW,3036.TW,2025-12-03,76.62506275275189,1.059874745426535,3.5201128591553856
2368.TW,3036.TW,2025-12-04,68.90082517394325,0.918358403004022,3.525469756677327
2368.TW,3036.TW,2025-12-05,81.89202253615048,1.0890113622051043,3.5317754110277386
2368.TW,3036.TW,2025-12-08,59.52181285408426,0.7333793873924386,3.5364372833288655
2368.TW,3036.TW,2025-12-09,71.81362658921626,0.9091713745639901,3.541950997654101
2368.TW,3036.TW,2025-12-10,92.37056081242565,1.2008385637281842,3.548951503264526
2368.TW,3036.TW,2025-12-11,78.59852938322422,0.977127212663454,3.5548520707403624
2368.TW,3036.TW,2025-12-12,90.77060690453175,1.1308744526888246,3.561625363605851
2368.TW,3036.TW,2025-12-15,85.37433395251253,1.0243758661853664,3.567811517733237
2368.TW,3036.TW,2025-12-16,80.8223448018939,0.9328115420515937,3.573557813341514
2368.TW,3036.TW,2025-12-17,73.87897099617697,0.8065415391281492,3.5787483762247128
2368.TW,3036.TW,2025-12-18,72.65001262953842,0.7620266783645585,3.583845059280171
2368.TW,3036.TW,2025-12-19,73.31490751535955,0.7486288716722662,3.5891191453413875
2368.TW,3036.TW,2025-12-22,117.28966012727119,1.3367216708911638,3.5974266619583344
2368.TW,3036.TW,2025-12-23,134.47483841027667,1.5201750767956783,3.606556390898695
2368.TW,3036.TW,2025-12-24,162.15124697848483,1.8223631836862524,3.6172165009512875
2368.TW,3036.TW,2025-12-26,198.01160449210983,2.190925527051847,3.6299117347622807
2368.TW,3036.TW,2025-12-29,210.4077553813845,2.2217891196908135,3.642925036589937
2368.TW,3036.TW,2025-12-30,200.24988539754008,1.9898046168816341,3.6553211539010397
2368.TW,3036.TW,2025-12-31,193.69817561922008,1.8215340254833408,3.667234141419951
2368.TW,3036.TW,2026-01-02,136.36074829233462,1.0745768080306974,3.6757798846936427
2368.TW,3036.TW,2026-01-05,129.90889949478958,0.9624092471699134,3.6838087305941816
2368.TW,3036.TW,2026-01-06,131.43369878245176,0.9491311744646054,3.692283386901614
2368.TW,3036.TW,2026-01-07,107.97943332748105,0.6339136573165516,3.699241781873269
2368.TW,3036.TW,2026-01-08,103.32769372793757,0.5513186563556682,3.7057615932404366
2368.TW,3036.TW,2026-01-09,103.75728345722507,0.5314758016505364,3.712306930776944
2368.TW,3036.TW,2026-01-12,140.36690423423386,0.97279585067752,3.720948720469688
2368.TW,3036.TW,2026-01-13,101.3508270555119,0.4389179952371876,3.727469204825632
2368.TW,3036.TW,2026-01-14,112.21939442558198,0.5581104120217911,3.7347761691226973
2368.TW,3036.TW,2026-01-15,110.33127699162856,0.507765588230273,3.7417884423615475
2368.TW,3036.TW,2026-01-16,129.02617123718198,0.7372581373717833,3.7497670990176557
2368.TW,3036.TW,2026-01-19,77.53639016381976,-0.008737290401528661,3.7545121348770927
2368.TW,3036.TW,2026-01-20,88.21126726721525,0.1125790258069007,3.7598191338341276
2368.TW,3036.TW,2026-01-21,39.47239004859955,-0.6570314567866169,3.762242314104881
2368.TW,3036.TW,2026-01-22,77.73345220917736,-0.10625554098247607,3.7669023053510022
2368.TW,3036.TW,2026-01-23,104.04707311059929,0.2822656078804493,3.773014721392835
2368.TW,3036.TW,2026-01-26,119.23323596204216,0.5114433652318644,3.7800221514126386
2368.TW,3036.TW,2026-01-27,101.37318813661818,0.16967911138835204,3.7863430153391717
2368.TW,3036.TW,2026-01-28,106.41763741762827,0.23493051588649913,3.7932422052580077
2368.TW,3036.TW,2026-01-29,99.7868162252513,0.08039945322504645,3.7994243516205963
2368.TW,3036.TW,2026-01-30,118.71936046502674,0.41792473648879225,3.8065865117403312
2368.TW,3036.TW,2026-02-02,135.4615407123374,0.7540716487252451,3.8145188753146937
2368.TW,3036.TW,2026-02-03,167.75853454573348,1.4852817007582686,3.824533663650296
2368.TW,3036.TW,2026-02-04,196.4673548371294,2.1294679341617506,3.8364037386704615
2368.TW,3036.TW,2026-02-05,173.1168044921949,1.546725639162247,3.8465268747720454
2368.TW,3036.TW,2026-02-06,160.57007727361656,1.1945503418771022,3.8557933621770055
2368.TW,3036.TW,2026-02-09,204.78335004309736,2.166710069893929,3.8676482590636803
2368.TW,3036.TW,2026-02-10,204.3550092407969,2.0577791298445756,3.880341668096694
2368.TW,3036.TW,2026-02-11,161.1967007581934,1.0055220499840893,3.8906576063095715
2368.TW,3036.TW,2026-02-23,139.27061635768598,0.45914069445097816,3.8996194134581437
2368.TW,3036.TW,2026-02-24,141.18394732864715,0.4840565370075033,3.908776110032403
2368.TW,3036.TW,2026-02-25,141.95309842859092,0.49366382732958086,3.9180252318518054
2368.TW,3036.TW,2026-02-26,117.90827509040219,-0.09257974088068882,3.9256779048442723
2368.TW,3036.TW,2026-03-02,74.49922946150775,-1.1296628564717197,3.9304943010733973
2368.TW,3036.TW,2026-03-03,79.54863176447509,-0.9776718345936609,3.935396608677962
2368.TW,3036.TW,2026-03-04,-43.45540548593408,-3.4373522773610072,3.9324797899830686
2368.TW,3036.TW,2026-03-05,-74.80740685998069,-3.5684436886302637,3.927116532111696
2368.TW,3036.TW,2026-03-06,-35.83968702098446,-2.6134397024985545,3.924524305510768
2368.TW,3036.TW,2026-03-09,-65.63968322592757,-2.8650333480563006,3.9198366381031495
2368.TW,3036.TW,2026-03-10,-34.2679201252065,-2.2088390248480065,3.917346864045725
2368.TW,3036.TW,2026-03-11,9.81523601062463,-1.467102639454362,3.9180807915008695
2368.TW,3036.TW,2026-03-12,22.352991067169455,-1.2459152618457825,3.9197285540924094
2368.TW,3036.TW,2026-03-13,30.425232517401582,-1.0977501374688379,3.9219784172286953
2368.TW,3036.TW,2026-03-16,6.407997343914872,-1.430297866812217,3.9224445558144514
2368.TW,3036.TW,2026-03-17,-40.20314743132997,-2.030925886258121,3.9193826122952333
2368.TW,3036.TW,2026-03-18,-63.75177546935265,-2.232854772506819,3.9144784326620443
2368.TW,3036.TW,2026-03-19,45.645252622479234,-0.7029810267009058,3.917851845354698
2368.TW,3036.TW,2026-03-20,13.28537415793835,-1.1206808352595132,3.918834414006432
2368.TW,3036.TW,2026-03-23,36.41013614310668,-0.7887996952688263,3.921350386973137
2368.TW,3036.TW,2026-03-24,-2.716491767687671,-1.2843887693450924,3.9211720772462764
2368.TW,3036.TW,2026-03-25,9.924271959360453,-1.0896472923593574,3.921831038234473
2368.TW,3036.TW,2026-03-26,45.36171969022371,-0.6107824554143979,3.9246743300469533
2368.TW,3036.TW,2026-03-27,43.08790329052681,-0.6323794401263511,3.927369339865848
2368.TW,3036.TW,2026-03-30,32.117267459656205,-0.7557113169790869,3.9293215572644256
2368.TW,3036.TW,2026-03-31,24.645168888880903,-0.827606051677363,3.9307514996192037
2368.TW,3036.TW,2026-04-01,78.4443061193283,-0.10363346230162829,3.935427292331964
2368.TW,3036.TW,2026-04-02,41.0336185452486,-0.5736552763170077,3.9378380521472143
2368.TW,3036.TW,2026-04-07,48.84055717544845,-0.44285556925663944,3.9407240780221904
2368.TW,3036.TW,2026-04-08,95.05738897454103,0.22368182023892455,3.9464320011273224
2368.TW,3036.TW,2026-04-09,225.03319123579195,2.02315072101409,3.9592594448945246
2368.TW,3036.TW,2026-04-10,211.65589600944202,1.7786693314378674,3.97129308368421
2368.TW,3036.TW,2026-04-13,165.1637068063461,1.1295663915333505,3.9806997285076924
2368.TW,3036.TW,2026-04-14,258.21605237798224,2.261005378906313,3.9952362077304175
2368.TW,3036.TW,2026-04-15,262.05154891130394,2.183692278571276,4.009981731227321
2368.TW,3036.TW,2026-04-16,237.51064116587656,1.7993778064904933,4.023540063159475
2368.TW,3036.TW,2026-04-17,263.7368326786933,2.0105403332610807,4.0381323425891615
2368.TW,3036.TW,2026-04-20,345.7566357131441,2.7383157653715813,4.056018790879616
2368.TW,3036.TW,2026-04-21,354.81847319315375,2.6207617342259044,4.074277307228478
2368.TW,3036.TW,2026-04-22,391.414538566386,2.7494565248219276,4.0939003202130735
2368.TW,3036.TW,2026-04-23,432.00557154406,2.8601293692566823,4.114651011875632
2368.TW,3036.TW,2026-04-24,578.9652515100873,3.6071030892506855,4.141348712419997
2368.TW,3036.TW,2026-04-27,595.3127459233665,3.306355810048821,4.16892338780996
2368.TW,3036.TW,2026-04-28,536.0861492142233,2.6603811211146313,4.1943522686990615
2368.TW,3036.TW,2026-04-29,517.8831338474256,2.3718529072888574,4.218296420912394
2368.TW,3036.TW,2026-04-30,538.6353468639966,2.3385771888469216,4.243181307892074
2368.TW,3036.TW,2026-05-04,556.0738334549053,2.288467589347446,4.269540148781983
2368.TW,3036.TW,2026-05-05,596.3513841056056,2.3530880741054427,4.2974334050850125
2368.TW,3036.TW,2026-05-06,535.4029147968682,1.920247463929913,4.32292211674998
2368.TW,3036.TW,2026-05-07,514.054008082657,1.7275650499155668,4.3478076045171195
2368.TW,3036.TW,2026-05-08,300.3044846705575,0.6118049083800408,4.363665564180218
2368.TW,3036.TW,2026-05-11,264.0800962987869,0.41349853135101616,4.378869160216601
2368.TW,3036.TW,2026-05-12,204.07713693131836,0.10036560643924458,4.390971788246051
2368.TW,3036.TW,2026-05-13,125.96950542012769,-0.2960796156778957,4.398580016219489
2368.TW,3036.TW,2026-05-14,255.02715148968286,0.3593615655717752,4.4131169910686205
2368.TW,3036.TW,2026-05-15,120.67121230977,-0.32310081316721784,4.4198812214550705
2368.TW,3036.TW,2026-05-18,107.39574319879239,-0.3859659797828755,4.425693030637597
2368.TW,3036.TW,2026-05-19,133.83722441449095,-0.24485938401936722,4.432904770202244
2368.TW,3036.TW,2026-05-20,23.491536031540136,-0.7883399205012899,4.434224286298006
2368.TW,3036.TW,2026-05-21,18.938597353831938,-0.7951020461233516,4.435323309383071
2368.TW,3036.TW,2026-05-22,73.23363661103758,-0.5144333397091557,4.439484849121613
2368.TW,3036.TW,2026-05-25,111.69381083304552,-0.3179910074326865,4.446028386539652
2368.TW,3036.TW,2026-05-26,163.50826534506905,-0.05892178985859597,4.455232922698027
2368.TW,3036.TW,2026-05-27,81.84946935565154,-0.46659687696910884,4.459825055640425
2368.TW,3036.TW,2026-05-28,39.9169471248631,-0.6734611446590077,4.461989525590245
2368.TW,3036.TW,2026-05-29,58.276022942137615,-0.5789373850456562,4.465104238011441
2368.TW,3036.TW,2026-06-01,66.60105236006098,-0.5506049542139438,4.46861396215603
2368.TW,3036.TW,2026-06-02,3.8610657075214476,-0.8807992796950596,4.468817436778069
2368.TW,3036.TW,2026-06-03,102.8622506170725,-0.39187616558671334,4.474218699268837
2368.TW,3036.TW,2026-06-04,112.24249805463296,-0.36349350616274595,4.479841792265766
2368.TW,3036.TW,2026-06-05,80.75283136908206,-0.5419163222887821,4.483835889211811
2368.TW,3036.TW,2026-06-08,226.9390622566857,0.20769757012381712,4.494015235348257
2368.TW,3036.TW,2026-06-09,357.01365937874857,0.8656670112740155,4.509922413266255
2368.TW,3036.TW,2026-06-10,326.5781008809222,0.6803754004539224,4.523770936757631
2368.TW,3036.TW,2026-06-11,281.09620279605474,0.41828675613993227,4.535278008807292
2368.TW,3036.TW,2026-06-12,271.9254380808359,0.3462751311286729,4.546164380492786
2368.TW,3036.TW,2026-06-15,280.7895061206218,0.3696877865066662,4.557232269481485
2368.TW,3036.TW,2026-06-16,334.7264662615173,0.6427083990300734,4.5699628930695555
2368.TW,3036.TW,2026-06-17,333.8029917742233,0.6129318380512807,4.58290039682964
2368.TW,3036.TW,2026-06-18,323.02678684417447,0.5299788092750229,4.595286474155396
2368.TW,3036.TW,2026-06-22,348.2311852231494,0.6457723978758623,4.608737050049892
2368.TW,3036.TW,2026-06-23,246.72240579654817,0.04789610814467667,4.618038975979373
2368.TW,3036.TW,2026-06-24,241.67472391343438,1.1929873342124683e-06,4.627056055189797
2368.TW,3036.TW,2026-06-25,231.75390989830407,-0.07691423756982217,4.635614207364119
2368.TW,3036.TW,2026-06-26,189.53560949015298,-0.34524677196266484,4.642526174059615
2368.TW,3036.TW,2026-06-29,183.36084872050685,-0.4034566826687414,4.6489911544473355
2368.TW,3105.TWO,2025-09-23,67.88475673805385,-1.3251978722224993,3.9992835402730296
2368.TW,3105.TWO,2025-09-24,75.48937308738442,-1.0426168975949472,4.011375717471614
2368.TW,3105.TWO,2025-09-25,44.746954305657766,-1.96710619442205,4.018610269789848
2368.TW,3105.TWO,2025-09-26,42.06128330404067,-1.9677776731733958,4.0249102828849015
2368.TW,3105.TWO,2025-09-30,59.26877496954455,-1.3889406894440879,4.033786842872212
2368.TW,3105.TWO,2025-10-01,59.969602668940524,-1.330620501512333,4.042602329410761
2368.TW,3105.TWO,2025-10-02,56.38729651181421,-1.3895663340971816,4.050846711447902
2368.TW,3105.TWO,2025-10-03,61.212235967737,-1.2070070985313064,4.059700341787489
2368.TW,3105.TWO,2025-10-07,45.7181136281057,-1.5998254463435768,4.066305589185613
2368.TW,3105.TWO,2025-10-08,31.101180814259067,-1.9277209054581537,4.070957267235706
2368.TW,3105.TWO,2025-10-09,19.183730679779558,-2.1355814363469428,4.073857751410136
2368.TW,3105.TWO,2025-10-13,27.402789208557692,-1.831067948683628,4.077771802386225
2368.TW,3105.TWO,2025-10-14,27.366310866994525,-1.7635170195986227,4.081490629346631
2368.TW,3105.TWO,2025-10-15,18.852525039425245,-1.8973988072894499,4.084086563728656
2368.TW,3105.TWO,2025-10-16,20.344663471697345,-1.785147111207117,4.086861664713276
2368.TW,3105.TWO,2025-10-17,14.755837168125652,-1.836369105356704,4.088816551341201
2368.TW,3105.TWO,2025-10-20,21.967302277791248,-1.6081837736906217,4.09171067568584
2368.TW,3105.TWO,2025-10-21,9.95090414993632,-1.8062778035429858,4.093067252006078
2368.TW,3105.TWO,2025-10-22,-9.777526888519617,-2.124561970187309,4.091751391153387
2368.TW,3105.TWO,2025-10-23,-4.687522203352444,-1.9251066842415754,4.091138481525143
2368.TW,3105.TWO,2025-10-27,-8.26885112233606,-1.909994296254514,4.0900366832020785
2368.TW,3105.TWO,2025-10-28,12.082673394296876,-1.4536446331340103,4.091602745868809
2368.TW,3105.TWO,2025-10-29,1.5339417903520598,-1.5949668783739475,4.091801115526642
2368.TW,3105.TWO,2025-10-30,21.75809240509068,-1.1690299757611224,4.094492428267899
2368.TW,3105.TWO,2025-10-31,23.573319319966743,-1.1002521658887034,4.097661325394881
2368.TW,3105.TWO,2025-11-03,7.899536338093128,-1.3448959648475027,4.098811161792412
2368.TW,3105.TWO,2025-11-04,-22.03560294043558,-1.8078897377812873,4.095521884879458
2368.TW,3105.TWO,2025-11-05,-63.61864644285515,-2.3821034693220065,4.085734558319611
2368.TW,3105.TWO,2025-11-06,-36.829707586142604,-1.8365492697474133,4.080303889185435
2368.TW,3105.TWO,2025-11-07,-27.919362675601008,-1.6280404316734438,4.07643564019412
2368.TW,3105.TWO,2025-11-10,-10.37260023248001,-1.302949185372403,4.075021021792894
2368.TW,3105.TWO,2025-11-11,-0.07428516866713153,-1.0994882616745036,4.0750109226306845
2368.TW,3105.TWO,2025-11-12,44.287926325958324,-0.31383991859707683,4.080986951901285
2368.TW,3105.TWO,2025-11-13,36.08810924544616,-0.43175287156834335,4.086034207400197
2368.TW,3105.TWO,2025-11-14,51.12633214550158,-0.13562953018992155,4.092547610206612
2368.TW,3105.TWO,2025-11-17,31.453334451512603,-0.47229641333577005,4.096596356560902
2368.TW,3105.TWO,2025-11-18,15.711825817876445,-0.7399380122292262,4.098532256208102
2368.TW,3105.TWO,2025-11-19,38.234656999570575,-0.2912829797066181,4.103101031899824
2368.TW,3105.TWO,2025-11-20,84.59593317131544,0.6256536386742019,4.113163048308994
2368.TW,3105.TWO,2025-11-21,90.38563691954448,0.7611922718124704,4.123101835640992
2368.TW,3105.TWO,2025-11-24,34.786477073279855,-0.3168579791591309,4.127258887835611
2368.TW,3105.TWO,2025-11-25,38.42325395229898,-0.21776492072008286,4.132234082361983
2368.TW,3105.TWO,2025-11-26,63.55774534372301,0.33378366412940447,4.140179691753747
2368.TW,3105.TWO,2025-11-27,85.27898471860283,0.8565574564835116,4.150558167027597
2368.TW,3105.TWO,2025-11-28,36.81383050658144,-0.18960323392756745,4.155414170953938
2368.TW,3105.TWO,2025-12-01,33.564993089796985,-0.24158516292821502,4.159702963130604
2368.TW,3105.TWO,2025-12-02,-29.11437028656178,-1.6098521695704815,4.155785752450915
2368.TW,3105.TWO,2025-12-03,-18.992630995400418,-1.333347719433847,4.153361793866301
2368.TW,3105.TWO,2025-12-04,-17.36351059478602,-1.2538307924045466,4.151213949452291
2368.TW,3105.TWO,2025-12-05,-17.60804840567357,-1.219245713116971,4.149019745695327
2368.TW,3105.TWO,2025-12-08,-43.31667895310147,-1.74123363437971,4.143551988980259
2368.TW,3105.TWO,2025-12-09,-95.11156913353932,-2.76594030135903,4.130596246653908
2368.TW,3105.TWO,2025-12-10,-97.60941141913963,-2.7241379153210783,4.117114297928993
2368.TW,3105.TWO,2025-12-11,-109.99404274374604,-2.8390386371772998,4.102216882681688
2368.TW,3105.TWO,2025-12-12,-126.63299778695625,-2.967795626349847,4.084618799294571
2368.TW,3105.TWO,2025-12-15,-142.0626959484906,-3.0033179658296882,4.065235109147236
2368.TW,3105.TWO,2025-12-16,-86.49207936329117,-1.8488024334512652,4.054683905752963
2368.TW,3105.TWO,2025-12-17,-96.5234425321787,-1.9386539396305091,4.043062024271738
2368.TW,3105.TWO,2025-12-18,-91.7259776663492,-1.7664516244570538,4.032224261851389
2368.TW,3105.TWO,2025-12-19,-93.01358423126248,-1.7133370162232322,4.021083455675556
2368.TW,3105.TWO,2025-12-22,-116.52315129669057,-2.0247051401537584,4.006057058264404
2368.TW,3105.TWO,2025-12-23,-103.1488099715092,-1.7216935653484373,3.993228367276298
2368.TW,3105.TWO,2025-12-24,-82.40767206896214,-1.3176094343501907,3.983227387692213
2368.TW,3105.TWO,2025-12-26,-58.24501206932587,-0.8782443538347746,3.9762519365662046
2368.TW,3105.TWO,2025-12-29,-31.850217045065392,-0.4090751055926128,3.9726451712523096
2368.TW,3105.TWO,2025-12-30,-43.82046263907398,-0.5893608682201664,3.967723660284666
2368.TW,3105.TWO,2025-12-31,-40.08690729405009,-0.5017677359705776,3.9633546134473683
2368.TW,3105.TWO,2026-01-02,-66.74529346391796,-0.9347212875346447,3.956368211265272
2368.TW,3105.TWO,2026-01-05,-89.72125616924575,-1.290995001689788,3.9469298592300595
2368.TW,3105.TWO,2026-01-06,-64.61796683635112,-0.8254760209015768,3.9402142886719123
2368.TW,3105.TWO,2026-01-07,-89.61824202053674,-1.2180169812425847,3.930962016178998
2368.TW,3105.TWO,2026-01-08,-142.53793102713928,-2.019460560529284,3.9156073380017835
2368.TW,3105.TWO,2026-01-09,-206.50248157642568,-2.825728705708139,3.8916926748523735
2368.TW,3105.TWO,2026-01-12,-235.00997804771202,-2.9650086649368386,3.8630725707321165
2368.TW,3105.TWO,2026-01-13,-154.01047958898732,-1.714258645251729,3.8466071586220854
2368.TW,3105.TWO,2026-01-14,-148.80760204923888,-1.573629552063977,3.830612967817706
2368.TW,3105.TWO,2026-01-15,-179.23672622071854,-1.8991504748743844,3.811183060545481
2368.TW,3105.TWO,2026-01-16,-153.53005435859689,-1.4904675463539259,3.7951590739837395
2368.TW,3105.TWO,2026-01-19,-181.53444606047503,-1.7780237564256143,3.777068712786249
2368.TW,3105.TWO,2026-01-20,-222.98291426473486,-2.1791867350633263,3.753837527640535
2368.TW,3105.TWO,2026-01-21,-232.9185530599908,-2.1677387967623116,3.730610837373798
2368.TW,3105.TWO,2026-01-22,-243.6914029460919,-2.1641936358160576,3.7054500380932613
2368.TW,3105.TWO,2026-01-23,-204.4138682478333,-1.6382562574286874,3.6851557218702427
2368.TW,3105.TWO,2026-01-26,-192.95940633890768,-1.4518499599911319,3.6661053063029483
2368.TW,3105.TWO,2026-01-27,-194.01828614000874,-1.4100387403416466,3.6467839867197878
2368.TW,3105.TWO,2026-01-28,-216.19836476725175,-1.5885567997336159,3.624229001678904
2368.TW,3105.TWO,2026-01-29,-192.54227855980753,-1.2839300312290267,3.6056146846500132
2368.TW,3105.TWO,2026-01-30,-142.88251784858232,-0.7309323528844832,3.5926714508353554
2368.TW,3105.TWO,2026-02-02,-89.74613758700343,-0.1513201276998361,3.5851356967798838
2368.TW,3105.TWO,2026-02-03,-92.71639415329594,-0.17198148115506678,3.576957128672817
2368.TW,3105.TWO,2026-02-04,-102.0867333232436,-0.2574137801784388,3.5675554247381758
2368.TW,3105.TWO,2026-02-05,-95.99627513887174,-0.1753316437018583,3.559290846340792
2368.TW,3105.TWO,2026-02-06,-37.595307813095246,0.4812460116712659,3.556383782131864
2368.TW,3105.TWO,2026-02-09,-45.290379058981785,0.4167877826978848,3.5526647033489014
2368.TW,3105.TWO,2026-02-10,-62.466516174661365,0.25077066299741846,3.547215595033425
2368.TW,3105.TWO,2026-02-11,-44.88395175700475,0.4717397424009675,3.5435189519600274
2368.TW,3105.TWO,2026-02-23,-138.92947119515645,-0.5891467454161953,3.531156236401039
2368.TW,3105.TWO,2026-02-24,-212.9330902478689,-1.4046606390385685,3.510754668771613
2368.TW,3105.TWO,2026-02-25,-277.66999209304527,-2.087685934322211,3.4826836265088215
2368.TW,3105.TWO,2026-02-26,-340.2250026782515,-2.6734714911466373,3.4476221382902783
2368.TW,3105.TWO,2026-03-02,-345.4652436490876,-2.563120587514601,3.413785185023299
2368.TW,3105.TWO,2026-03-03,-337.3731457804731,-2.3445400190468124,3.3822198354052038
2368.TW,3105.TWO,2026-03-04,-277.85264176344845,-1.6620675666617657,3.3594404280372525
2368.TW,3105.TWO,2026-03-05,-266.2586633980269,-1.5123530805335872,3.337587027163476
2368.TW,3105.TWO,2026-03-06,-200.89272899141156,-0.7625786402441364,3.3215262230130147
2368.TW,3105.TWO,2026-03-09,-131.61133688465134,0.05862475388134825,3.3122362181935876
2368.TW,3105.TWO,2026-03-10,-84.29558028702536,0.631835036009503,3.3063132245600944
2368.TW,3105.TWO,2026-03-11,-90.70818650919637,0.5782075102814423,3.2994163722124075
2368.TW,3105.TWO,2026-03-12,-100.1055820268474,0.48973988342245517,3.291762528895368
2368.TW,3105.TWO,2026-03-13,-95.30725978511464,0.5739976271656407,3.2844671094778404
2368.TW,3105.TWO,2026-03-16,-88.11566578558484,0.6789829979637584,3.2780581420565915
2368.TW,3105.TWO,2026-03-17,-46.588247856856924,1.1799458669817153,3.274840924349817
2368.TW,3105.TWO,2026-03-18,-137.85692694357635,0.051726361278845744,3.2645521518997223
2368.TW,3105.TWO,2026-03-19,-150.23972930045443,-0.0946349797086497,3.2524729694251944
2368.TW,3105.TWO,2026-03-20,-129.72872257622907,0.16246635040691704,3.2425958119104803
2368.TW,3105.TWO,2026-03-23,-60.60771160698971,1.0010155536528527,3.2384626327389254
2368.TW,3105.TWO,2026-03-24,-126.61388333643026,0.19183384872994974,3.2300178086996105
2368.TW,3105.TWO,2026-03-25,-187.91823767365554,-0.5519921193362577,3.216474473920985
2368.TW,3105.TWO,2026-03-26,-230.68166319281772,-1.0489891279842642,3.199525527697844
2368.TW,3105.TWO,2026-03-27,-292.642560250732,-1.7340288320140012,3.177082467683177
2368.TW,3105.TWO,2026-03-30,-333.8538907232546,-2.105954207785662,3.1515820997751756
2368.TW,3105.TWO,2026-03-31,-243.47533444341934,-1.0210406337783224,3.1352574852742734
2368.TW,3105.TWO,2026-04-01,-230.05506992497476,-0.8374787724349948,3.119045925833865
2368.TW,3105.TWO,2026-04-02,-262.44718661102024,-1.1720910834712228,3.100973640929454
2368.TW,3105.TWO,2026-04-07,-326.66657877394823,-1.8382052742185908,3.0771313820463124
2368.TW,3105.TWO,2026-04-08,-345.6273198204492,-1.9633142663320846,3.0505230901414597
2368.TW,3105.TWO,2026-04-09,-229.76176726470862,-0.6351357907643487,3.033488243871013
2368.TW,3105.TWO,2026-04-10,-308.3649122831191,-1.4775744617517066,3.0098029881437887
2368.TW,3105.TWO,2026-04-13,-314.57901588950995,-1.4894808852641304,2.986656308162119
2368.TW,3105.TWO,2026-04-14,-210.43489742286147,-0.29727057552837205,2.9716318916428976
2368.TW,3105.TWO,2026-04-15,-159.6478399324012,0.29723194739594605,2.960789459195569
2368.TW,3105.TWO,2026-04-16,-279.43978575677465,-1.0459642499848805,2.940443857429973
2368.TW,3105.TWO,2026-04-17,-395.0520465850052,-2.2284005739726407,2.909753590818213
2368.TW,3105.TWO,2026-04-20,-490.06996290113784,-2.9703405771977915,2.8693823340581246
2368.TW,3105.TWO,2026-04-21,-520.2788379170534,-2.9642303291289784,2.826527413236166
2368.TW,3105.TWO,2026-04-22,-427.9868952144145,-1.9954156218952237,2.7936940015528196
2368.TW,3105.TWO,2026-04-23,-290.6438190284755,-0.7413669015784727,2.773666752142475
2368.TW,3105.TWO,2026-04-24,-126.13258303445764,0.7247707164878707,2.765436715625612
2368.TW,3105.TWO,2026-04-27,52.27776759772951,2.1872698121722625,2.7684228948702474
2368.TW,3105.TWO,2026-04-28,3.1031339178837243,1.6915202572156758,2.768598997037314
2368.TW,3105.TWO,2026-04-29,-32.66629493460732,1.344737606564338,2.766774084834619
2368.TW,3105.TWO,2026-04-30,-93.63258762267697,0.8195574587671741,2.7613010190427003
2368.TW,3105.TWO,2026-05-04,-10.675819223456074,1.445045440311556,2.7607049917989843
2368.TW,3105.TWO,2026-05-05,-54.43876222325298,1.0644825036292567,2.7575531064482615
2368.TW,3105.TWO,2026-05-06,60.30844145769447,1.8830184327771518,2.7606251296893225
2368.TW,3105.TWO,2026-05-07,63.68545783273453,1.8198123525209078,2.763814127663003
2368.TW,3105.TWO,2026-05-08,-34.020037902659396,1.0582728597804831,2.762163714547276
2368.TW,3105.TWO,2026-05-11,-55.182248488105415,0.8849750169214643,2.759348043618316
2368.TW,3105.TWO,2026-05-12,-25.996326607734318,1.0847872390637272,2.7580799655738826
2368.TW,3105.TWO,2026-05-13,-19.940212480551963,1.1116508976657087,2.757153669787945
2368.TW,3105.TWO,2026-05-14,90.49750655051162,1.8386822116446861,2.761198502871885
2368.TW,3105.TWO,2026-05-15,19.843253818416997,1.309294732133952,2.7620290302242565
2368.TW,3105.TWO,2026-05-18,2.089978377221996,1.1751070471553664,2.7621141120856296
2368.TW,3105.TWO,2026-05-19,19.969650018080756,1.2811890607677592,2.7629303315934837
2368.TW,3105.TWO,2026-05-20,-2.127860463480147,1.114947007425724,2.762846064692046
2368.TW,3105.TWO,2026-05-21,-51.84191371660654,0.7761625727055087,2.760643822577783
2368.TW,3105.TWO,2026-05-22,-135.79805352659582,0.2011032404579758,2.7543717666342946
2368.TW,3105.TWO,2026-05-25,-72.55429561652727,0.6165094315399678,2.75099551785439
2368.TW,3105.TWO,2026-05-26,-102.03674259427157,0.396772813628894,2.7461564315309506
2368.TW,3105.TWO,2026-05-27,-161.87977065188966,-0.03432010926356867,2.738632667592669
2368.TW,3105.TWO,2026-05-28,-140.9223950455655,0.08891806945630656,2.7325543557237943
2368.TW,3105.TWO,2026-05-29,-120.61580638803912,0.20962850060901392,2.7274266180561386
2368.TW,3105.TWO,2026-06-01,-121.09913932673317,0.1887909043454538,2.722311232396061
2368.TW,3105.TWO,2026-06-02,-138.01212963854755,0.05188074527344487,2.7166702349639182
2368.TW,3105.TWO,2026-06-03,-17.6017307594459,0.8976589797249076,2.715963936345123
2368.TW,3105.TWO,2026-06-04,21.625906730221004,1.1488187920605792,2.7167771532206677
2368.TW,3105.TWO,2026-06-05,-2.2661495191509857,0.9623131183407712,2.716693284724518
2368.TW,3105.TWO,2026-06-08,127.02836311961983,1.8012121037660909,2.721051888694189
2368.TW,3105.TWO,2026-06-09,136.60846180921703,1.7893847430530863,2.726181739769136
2368.TW,3105.TWO,2026-06-10,110.4724310528054,1.5584913404083576,2.7301445571041376
2368.TW,3105.TWO,2026-06-11,20.625620533329084,0.9504792128501464,2.730888305940646
2368.TW,3105.TWO,2026-06-12,-67.101315324511,0.38198473284552487,2.7283669591048487
2368.TW,3105.TWO,2026-06-15,-81.89304902308845,0.2793408683027141,2.725277980521577
2368.TW,3105.TWO,2026-06-16,-7.873596845454813,0.7425711240190281,2.7249937863878393
2368.TW,3105.TWO,2026-06-17,-52.86348385957808,0.4418534542681929,2.7229983902189607
2368.TW,3105.TWO,2026-06-18,-90.44646494191738,0.2020186776043171,2.719553962662249
2368.TW,3105.TWO,2026-06-22,-84.31721955072226,0.2370480156483051,2.7162924972922315
2368.TW,3105.TWO,2026-06-23,-150.00957606008933,-0.19268922113441897,2.710746314291359
2368.TW,3105.TWO,2026-06-24,-40.09291806540023,0.5005507813568622,2.7093994101786616
2368.TW,3105.TWO,2026-06-25,-14.23837396982276,0.6433927551744736,2.7089381727209996
2368.TW,3105.TWO,2026-06-26,40.897560342907354,0.9734900943924303,2.7101472633421997
2368.TW,3105.TWO,2026-06-29,37.97036771019589,0.9228665942555229,2.7112369715771947
2382.TW,4958.TW,2025-09-23,2.7158093734431077,1.0256156789859678,1.5971608577228311
2382.TW,4958.TW,2025-09-24,3.59927091529147,1.0747249004250596,1.5983832012239798
2382.TW,4958.TW,2025-09-25,-0.48941667429363633,0.9568899722501395,1.5982134651174593
2382.TW,4958.TW,2025-09-26,10.828133666494864,1.2978186598462718,1.6017994584215283
2382.TW,4958.TW,2025-09-30,13.299683886763944,1.3586000220991121,1.6062439962985169
2382.TW,4958.TW,2025-10-01,15.508836356074653,1.3959966910115815,1.6113125552175847
2382.TW,4958.TW,2025-10-02,24.633567933440816,1.6185689579504259,1.6192976640049814
2382.TW,4958.TW,2025-10-03,22.71896430210313,1.5124209062045268,1.62688394155219
2382.TW,4958.TW,2025-10-07,26.95115768311979,1.5813712632536658,1.6359850674545562
2382.TW,4958.TW,2025-10-08,20.93193978036504,1.3745615854946514,1.643124837301104
2382.TW,4958.TW,2025-10-09,14.103112753932692,1.1620178474718947,1.647906520091522
2382.TW,4958.TW,2025-10-13,20.33500450199267,1.3016368924109432,1.6545351692393575
2382.TW,4958.TW,2025-10-14,31.894518824500636,1.5698304576549513,1.66406115146703
2382.TW,4958.TW,2025-10-15,31.596770003160373,1.5116105453211857,1.6736433423806731
2382.TW,4958.TW,2025-10-16,26.46278236853263,1.3386380530077606,1.6820585664031664
2382.TW,4958.TW,2025-10-17,28.139594407402342,1.3452454471586237,1.6908565671626052
2382.TW,4958.TW,2025-10-20,30.97927726885635,1.375794008706034,1.7007501678835664
2382.TW,4958.TW,2025-10-21,0.34638385498982416,0.5897018422725977,1.7008725758025922
2382.TW,4958.TW,2025-10-22,3.7662962441536934,0.6642024328423267,1.70217453261761
2382.TW,4958.TW,2025-10-23,5.597169815151119,0.6991261907293531,1.7041185411391775
2382.TW,4958.TW,2025-10-27,7.770797519380096,0.7419119125559179,1.7069362882041923
2382.TW,4958.TW,2025-10-28,8.767281124709257,0.7446286500621968,1.7100208286796752
2382.TW,4958.TW,2025-10-29,7.886267846452256,0.7056234811051163,1.712827984970253
2382.TW,4958.TW,2025-10-30,10.470831212425765,0.7544382682745389,1.7164726572780107
2382.TW,4958.TW,2025-10-31,9.771012951088778,0.7264589227042753,1.7198052012110119
2382.TW,4958.TW,2025-11-03,3.29135342140097,0.5648755481167816,1.7209414708338318
2382.TW,4958.TW,2025-11-04,1.3218042051220777,0.5148962023724316,1.7213847839181966
2382.TW,4958.TW,2025-11-05,7.9585946831447245,0.670093359429073,1.724008240746292
2382.TW,4958.TW,2025-11-06,11.576381564458075,0.744309315084568,1.7278243826329045
2382.TW,4958.TW,2025-11-07,9.631317142242722,0.6755260617642622,1.730958766236001
2382.TW,4958.TW,2025-11-10,11.636647319883195,0.6990662690968986,1.7347868774941322
2382.TW,4958.TW,2025-11-11,11.895621967188163,0.6801275268966593,1.738700647188352
2382.TW,4958.TW,2025-11-12,25.543191213749907,0.9889500331471271,1.7465612642404347
2382.TW,4958.TW,2025-11-13,10.86184873354972,0.5938404778814437,1.7500858584485688
2382.TW,4958.TW,2025-11-14,21.190371857304598,0.8367063626982182,1.7565582799634767
2382.TW,4958.TW,2025-11-17,16.2520897746752,0.680482555863275,1.7615872370939099
2382.TW,4958.TW,2025-11-18,15.95357751488595,0.6469414186150851,1.7664424554616713
2382.TW,4958.TW,2025-11-19,16.77872541888121,0.6458631519191522,1.7715047051662909
2382.TW,4958.TW,2025-11-20,14.072045364410116,0.5435550651492244,1.7759510580972169
2382.TW,4958.TW,2025-11-21,9.799426691185545,0.3884741774776914,1.7790672961502019
2382.TW,4958.TW,2025-11-24,12.06445744288331,0.436449514848448,1.7829126033685299
2382.TW,4958.TW,2025-11-25,17.713353049157888,0.6147147961471737,1.7885093281216096
2382.TW,4958.TW,2025-11-26,18.536160252559398,0.6376317415365241,1.7944666759966275
2382.TW,4958.TW,2025-11-27,14.43130442130385,0.4577674856262075,1.7992271864224476
2382.TW,4958.TW,2025-11-28,9.958954430327253,0.21474825150549387,1.8025786933321417
2382.TW,4958.TW,2025-12-01,10.641213154438447,0.21115199639847204,1.8062123186059855
2382.TW,4958.TW,2025-12-02,14.080888087930589,0.3998601797706353,1.8109696802319302
2382.TW,4958.TW,2025-12-03,19.67055973962971,0.7872895180883862,1.8175509424010254
2382.TW,4958.TW,2025-12-04,18.863793574986744,0.7260658523136839,1.8239149592539883
2382.TW,4958.TW,2025-12-05,17.252888308144634,0.571946206031258,1.8298195302308051
2382.TW,4958.TW,2025-12-08,17.300591395068864,0.5532314901903715,1.835716766298517
2382.TW,4958.TW,2025-12-09,14.237150480948912,0.24190165126533641,1.8405850875201955
2382.TW,4958.TW,2025-12-10,12.110399238141383,0.0024955253175864326,1.8446959246523975
2382.TW,4958.TW,2025-12-11,8.303388169805658,-0.4135389606545223,1.8475052395404308
2382.TW,4958.TW,2025-12-12,11.813424463527724,-0.07563115674414683,1.851421662189516
2382.TW,4958.TW,2025-12-15,13.436120706775114,0.05152242336248166,1.8558234331321264
2382.TW,4958.TW,2025-12-16,8.027391270716777,-0.6113131734300505,1.8583962012252377
2382.TW,4958.TW,2025-12-17,-4.07373664871983,-1.9960307087977431,1.85706020740287
2382.TW,4958.TW,2025-12-18,-5.840842889854827,-2.1413928177081387,1.8551593839843745
2382.TW,4958.TW,2025-12-19,-1.8817044735889112,-1.7475346216720882,1.854542526899071
2382.TW,4958.TW,2025-12-22,-8.747174862204417,-2.420447862584543,1.8515627625748954
2382.TW,4958.TW,2025-12-23,-10.62716809677488,-2.484354202353933,1.8479433930271452
2382.TW,4958.TW,2025-12-24,-13.203329490662952,-2.6141627463497557,1.843400739973006
2382.TW,4958.TW,2025-12-26,-11.755664561457479,-2.3149170812133275,1.8393884355483483
2382.TW,4958.TW,2025-12-29,-8.602769015996273,-1.91192400488278,1.8364838666849375
2382.TW,4958.TW,2025-12-30,-4.733914837414602,-1.4905964888367444,1.8349070160165997
2382.TW,4958.TW,2025-12-31,1.9812545476498826,-0.8447360292572396,1.8355727924824305
2382.TW,4958.TW,2026-01-02,9.08907269272072,-0.1683768622395549,1.8385977195935017
2382.TW,4958.TW,2026-01-05,9.601438607206092,-0.09542089742787503,1.8417988834081505
2382.TW,4958.TW,2026-01-06,4.086907335268734,-0.5968112688576046,1.843212269108947
2382.TW,4958.TW,2026-01-07,-1.3357543381636106,-1.0813124130176153,1.8427415446419222
2382.TW,4958.TW,2026-01-08,0.09448053326866557,-0.9145734165946253,1.8427735002128491
2382.TW,4958.TW,2026-01-09,6.615018598745621,-0.2657524664593763,1.8450352384747701
2382.TW,4958.TW,2026-01-12,-20.243262277000156,-2.757315780676308,1.837447501276831
2382.TW,4958.TW,2026-01-13,-29.851254036527507,-3.3187990614060787,1.8259798264399776
2382.TW,4958.TW,2026-01-14,-29.381820294174133,-3.01920901888656,1.8145242729815199
2382.TW,4958.TW,2026-01-15,-28.636217232714046,-2.7779944737124564,1.80358092391731
2382.TW,4958.TW,2026-01-16,-31.884490904670656,-2.793649280240253,1.7910732669266822
2382.TW,4958.TW,2026-01-19,-30.871740692288085,-2.5225973285031738,1.7793842453266506
2382.TW,4958.TW,2026-01-20,-23.213447782911373,-1.8811446694108005,1.7709975403085823
2382.TW,4958.TW,2026-01-21,-15.93704015444564,-1.330074347065655,1.7654478869116441
2382.TW,4958.TW,2026-01-22,-16.0898700903939,-1.2945556243687122,1.7596820135608044
2382.TW,4958.TW,2026-01-23,-27.718879914562194,-1.9695969037722267,1.7494391132838971
2382.TW,4958.TW,2026-01-26,-10.002411285963262,-0.7922689827393063,1.7459030771137385
2382.TW,4958.TW,2026-01-27,-9.821294150881613,-0.7571530983940981,1.7424334532373313
2382.TW,4958.TW,2026-01-28,-28.332696477712545,-1.862038832850157,1.7317656304745368
2382.TW,4958.TW,2026-01-29,-32.58477385425152,-2.018417432403602,1.7195243327876757
2382.TW,4958.TW,2026-01-30,-60.549010461508715,-3.2888241127499254,1.6948025720725757
2382.TW,4958.TW,2026-02-02,-44.0509494989318,-2.2416111713351428,1.678276867878673
2382.TW,4958.TW,2026-02-03,-34.27121303716132,-1.6550535300153832,1.6657283766292434
2382.TW,4958.TW,2026-02-04,-58.03040967757016,-2.649662050816486,1.6425471238580254
2382.TW,4958.TW,2026-02-05,-44.96715742786506,-1.9181749738895666,1.6257172343228403
2382.TW,4958.TW,2026-02-06,-24.260098667167824,-0.9157847097224076,1.6171105848105052
2382.TW,4958.TW,2026-02-09,-18.747128545527744,-0.6318966945595267,1.6104874038580523
2382.TW,4958.TW,2026-02-10,-13.734186959196279,-0.3709617566382546,1.6057062678383942
2382.TW,4958.TW,2026-02-11,-9.036678579824411,-0.12602555670973364,1.6026017278131195
2382.TW,4958.TW,2026-02-23,-36.60883679662584,-1.4123487878996945,1.5887965213486193
2382.TW,4958.TW,2026-02-24,-56.58420368290217,-2.2403087716685968,1.5659784006247133
2382.TW,4958.TW,2026-02-25,-31.81342973661151,-1.0496633643848698,1.5537717456857991
2382.TW,4958.TW,2026-02-26,-39.7910919499742,-1.3700027055210677,1.5384622680326665
2382.TW,4958.TW,2026-03-02,-12.24711139749661,-0.07971568337615029,1.5340743004617903
2382.TW,4958.TW,2026-03-03,-10.897097051208902,0.005522608735704507,1.530279508125445
2382.TW,4958.TW,2026-03-04,-2.4268222755031843,0.42954684781182173,1.5294972377033378
2382.TW,4958.TW,2026-03-05,7.57422960021762,0.9213286800467514,1.5319340909503727
2382.TW,4958.TW,2026-03-06,10.325482930567091,1.0537514053141726,1.5352311360042072
2382.TW,4958.TW,2026-03-09,21.629510839875394,1.572658500666325,1.5416915393616013
2382.TW,4958.TW,2026-03-10,13.007999092758666,1.162815896490363,1.5457626010678231
2382.TW,4958.TW,2026-03-11,8.764341165874612,0.9792196652918165,1.5486375305019622
2382.TW,4958.TW,2026-03-12,12.224922405188067,1.16018993380668,1.5525959622264704
2382.TW,4958.TW,2026-03-13,-12.662034321271506,-0.027992558117004816,1.548064106489512
2382.TW,4958.TW,2026-03-16,-23.276372159429798,-0.528924206019817,1.5394248829563428
2382.TW,4958.TW,2026-03-17,-23.83382567671299,-0.5323165557122123,1.5305971927714848
2382.TW,4958.TW,2026-03-18,-31.217654395559293,-0.879569240144256,1.5186230484398504
2382.TW,4958.TW,2026-03-19,-38.18152751167361,-1.1970951972596295,1.5040095163900742
2382.TW,4958.TW,2026-03-20,-38.06904798051255,-1.154227253964567,1.4896415830136627
2382.TW,4958.TW,2026-03-23,-26.926804791057123,-0.5531057273327332,1.4800093003095716
2382.TW,4958.TW,2026-03-24,-18.355720730940106,-0.08040374064793597,1.4736072258168302
2382.TW,4958.TW,2026-03-25,-28.233752424779652,-0.5865146028044075,1.463256944017739
2382.TW,4958.TW,2026-03-26,-39.05750159449968,-1.1261223600694377,1.4483054809879212
2382.TW,4958.TW,2026-03-27,-49.21614271256095,-1.5963869769920513,1.4287568152881183
2382.TW,4958.TW,2026-03-30,-47.7993085284445,-1.464162054365005,1.410431144201643
2382.TW,4958.TW,2026-03-31,-20.716630013902773,-0.06696528679018134,1.4032970504942848
2382.TW,4958.TW,2026-04-01,-25.30816313318411,-0.2924666594576266,1.3940367257717312
2382.TW,4958.TW,2026-04-02,-21.170535756155118,-0.0719650120721451,1.386564429655569
2382.TW,4958.TW,2026-04-07,-30.191128666007103,-0.5177316035741336,1.375373335605849
2382.TW,4958.TW,2026-04-08,-39.28650520003771,-0.9538371300843411,1.3595165750544178
2382.TW,4958.TW,2026-04-09,-50.11149165991844,-1.4551357449677988,1.3384826629968074
2382.TW,4958.TW,2026-04-10,-39.67877535576946,-0.8946480685660165,1.3222408859317638
2382.TW,4958.TW,2026-04-13,-29.32295971724443,-0.3328969247700645,1.3108863266785598
2382.TW,4958.TW,2026-04-14,-16.173440247326084,0.3878200902833345,1.3048758344661966
2382.TW,4958.TW,2026-04-15,-27.55022703458195,-0.20376978278932445,1.2947493341604985
2382.TW,4958.TW,2026-04-16,-22.28129210472906,0.10526475777752747,1.2864740576032336
2382.TW,4958.TW,2026-04-17,-45.41108735463132,-1.1423318875079909,1.268133922829624
2382.TW,4958.TW,2026-04-20,-66.11416196118017,-2.168807144427349,1.2395226558148358
2382.TW,4958.TW,2026-04-21,-54.51447575254974,-1.493457261045384,1.2164912323538624
2382.TW,4958.TW,2026-04-22,-52.601692486655,-1.3506191114054014,1.1950503011363331
2382.TW,4958.TW,2026-04-23,-67.97489947268986,-2.03853594365398,1.1672806551011843
2382.TW,4958.TW,2026-04-24,-81.21805327053369,-2.5127904791317603,1.1328503887431336
2382.TW,4958.TW,2026-04-27,-79.31517755022219,-2.2759921389633315,1.0994802122502656
2382.TW,4958.TW,2026-04-28,-104.23621638499452,-3.0603560120529516,1.0530704569648648
2382.TW,4958.TW,2026-04-29,-79.37766486212666,-1.929368764881136,1.0204880506606664
2382.TW,4958.TW,2026-04-30,-107.40864456702138,-2.7937200490139937,0.9736251468012408
2382.TW,4958.TW,2026-05-04,-95.72271430927873,-2.2142954865838753,0.9328121014467268
2382.TW,4958.TW,2026-05-05,-74.58528639236329,-1.4025656894472711,0.9028280163476938
2382.TW,4958.TW,2026-05-06,-32.16635976948521,0.11587159092129225,0.8907047539762433
2382.TW,4958.TW,2026-05-07,-41.118056957746376,-0.19621990842810472,0.8748693590757387
2382.TW,4958.TW,2026-05-08,-19.173599026001966,0.5779745996768334,0.8680675679335175
2382.TW,4958.TW,2026-05-11,-22.434839370937823,0.4415163194675077,0.8598919524629339
2382.TW,4958.TW,2026-05-12,-18.80192400338558,0.5555764565591984,0.853164826461095
2382.TW,4958.TW,2026-05-13,-41.34879912552759,-0.2460143130264267,0.8371116201797678
2382.TW,4958.TW,2026-05-14,-36.22668787699831,-0.07646807069273255,0.8235305746516313
2382.TW,4958.TW,2026-05-15,-30.404420245205188,0.12423455617548948,0.8131898098344374
2382.TW,4958.TW,2026-05-18,-23.0977682060838,0.3863839563379247,0.805505536136438
2382.TW,4958.TW,2026-05-19,-42.56384148005924,-0.30021549101650397,0.7904085542303996
2382.TW,4958.TW,2026-05-20,-57.02817087230363,-0.7949324416302934,0.7686676318334184
2382.TW,4958.TW,2026-05-21,-53.11880664248264,-0.6302761427385679,0.7473695448553394
2382.TW,4958.TW,2026-05-22,-65.58726602599359,-1.053503261809217,0.7193189871328614
2382.TW,4958.TW,2026-05-25,-61.01231357632696,-0.8850781013663698,0.6938472066166119
2382.TW,4958.TW,2026-05-26,-56.26396477830326,-0.6980154116663736,0.6708599711046109
2382.TW,4958.TW,2026-05-27,-45.842572375273335,-0.32320617389362094,0.6530573019959172
2382.TW,4958.TW,2026-05-28,-16.58117175235725,0.7216350041377232,0.6472951057480872
2382.TW,4958.TW,2026-05-29,-5.01978079017897,1.1261174417979385,0.6454293778994155
2382.TW,4958.TW,2026-06-01,4.906504502771384,1.4656048977467404,0.647353935449073
2382.TW,4958.TW,2026-06-02,41.89559478548972,2.6370052871454788,0.6625868295336907
2382.TW,4958.TW,2026-06-03,54.477178055289244,2.8747915917261437,0.681980645125944
2382.TW,4958.TW,2026-06-04,46.08334419618478,2.5201583195659008,0.6978850890353899
2382.TW,4958.TW,2026-06-05,21.34694265004032,1.733676801308415,0.7055121416113247
2382.TW,4958.TW,2026-06-08,-0.11616642356722195,1.081072273888025,0.7054695809702546
2382.TW,4958.TW,2026-06-09,-20.49657431485582,0.4725490107317673,0.6975086875509109
2382.TW,4958.TW,2026-06-10,12.560810311201635,1.4820516385818927,0.7019116750601686
2382.TW,4958.TW,2026-06-11,-13.752003504630977,0.6559349082932538,0.69679093825456
2382.TW,4958.TW,2026-06-12,-22.97291520566216,0.36898926793552234,0.6879373348876918
2382.TW,4958.TW,2026-06-15,-41.19745740828921,-0.19184467061189536,0.6712675597293567
2382.TW,4958.TW,2026-06-16,-56.588225384756186,-0.6578319515160681,0.6478296411664762
2382.TW,4958.TW,2026-06-17,-43.858918052561535,-0.26087346454296095,0.6299617105521063
2382.TW,4958.TW,2026-06-18,-34.95595964286258,0.018582504153210062,0.6161381557180492
2382.TW,4958.TW,2026-06-22,-15.249130953423503,0.6261463898496638,0.6104342113179286
2382.TW,4958.TW,2026-06-23,-0.892865949463328,1.0462911120808875,0.6101208054931232
2382.TW,4958.TW,2026-06-24,-1.1353717375822043,1.010619294096536,0.6097169768141839
2382.TW,4958.TW,2026-06-25,-12.73437812815223,0.6388029636684992,0.6050300523373064
2382.TW,4958.TW,2026-06-26,-3.1022568261094534,0.9031797107005467,0.6039313876278557
2382.TW,4958.TW,2026-06-29,4.923659622138871,1.1212390781453425,0.6056711631096781
3036.TW,3105.TWO,2025-09-23,-1.1365866328044945,0.08718446102712415,1.4044479716455542
3036.TW,3105.TWO,2025-09-24,1.4761584754502621,0.4748444739797037,1.4048467819413943
3036.TW,3105.TWO,2025-09-25,-1.222842740667403,0.1801895780012471,1.4045119929763556
3036.TW,3105.TWO,2025-09-26,5.307470157965952,1.041298177647777,1.4058631799730075
3036.TW,3105.TWO,2025-09-30,6.392943629196509,1.1770583874994658,1.4074988771838086
3036.TW,3105.TWO,2025-10-01,9.30823733871648,1.5294785315008208,1.4098481246352004
3036.TW,3105.TWO,2025-10-02,4.810042014442303,0.959242958061517,1.4110618823126242
3036.TW,3105.TWO,2025-10-03,-0.7997747915253228,0.25559858346789815,1.4108612014004775
3036.TW,3105.TWO,2025-10-07,-0.3914386647764161,0.3391634862349962,1.4107625731526185
3036.TW,3105.TWO,2025-10-08,-3.837812144873311,-0.10097953065195807,1.4097563637988877
3036.TW,3105.TWO,2025-10-09,-8.101738223615257,-0.6698006510562251,1.4075997694503826
3036.TW,3105.TWO,2025-10-13,-1.2126420521744308,0.34394100128698707,1.407293607890633
3036.TW,3105.TWO,2025-10-14,4.561671881573801,1.1832234900123075,1.4083949034476169
3036.TW,3105.TWO,2025-10-15,1.6430694802069468,0.7496757453042545,1.4087992321577636
3036.TW,3105.TWO,2025-10-16,-1.6555827641389271,0.27355966344129723,1.4083934210016031
3036.TW,3105.TWO,2025-10-17,-4.653734017419453,-0.15020593066725368,1.4072793490181719
3036.TW,3105.TWO,2025-10-20,-3.9462987214470786,-0.025043308853581137,1.4063342521740079
3036.TW,3105.TWO,2025-10-21,-10.948785497897802,-1.02671405858074,1.4036048668585752
3036.TW,3105.TWO,2025-10-22,-7.364482723852888,-0.4795771437139471,1.401783300732392
3036.TW,3105.TWO,2025-10-23,-4.537475490734153,-0.053802318607435416,1.4006871938161427
3036.TW,3105.TWO,2025-10-27,-5.325270820196579,-0.16754221096328567,1.3993687943242163
3036.TW,3105.TWO,2025-10-28,-2.2094862490901903,0.3063047479808336,1.3988339717345133
3036.TW,3105.TWO,2025-10-29,-3.042025777674098,0.2036768139462194,1.398095181374337
3036.TW,3105.TWO,2025-10-30,4.708947710143718,1.3892809204831886,1.3991950310661687
3036.TW,3105.TWO,2025-10-31,-10.46483500029791,-0.893217380946382,1.3965220472080104
3036.TW,3105.TWO,2025-11-03,-20.979348480779805,-2.390719074763938,1.3906951263219263
3036.TW,3105.TWO,2025-11-04,-24.612679574516335,-2.7480455395746706,1.3836705910648175
3036.TW,3105.TWO,2025-11-05,-23.250052137691426,-2.3797052401472034,1.3768234599677014
3036.TW,3105.TWO,2025-11-06,-22.238128112314087,-2.1168024642918586,1.3705450367106469
3036.TW,3105.TWO,2025-11-07,-18.51647147060416,-1.5589171012726304,1.3656251701872164
3036.TW,3105.TWO,2025-11-10,-20.307625541278895,-1.713716015597698,1.3602958613951628
3036.TW,3105.TWO,2025-11-11,-21.648916571317528,-1.8005154368487217,1.3546112415233884
3036.TW,3105.TWO,2025-11-12,-23.696972366091245,-1.9577373708028971,1.3484123705631048
3036.TW,3105.TWO,2025-11-13,-27.56834930430159,-2.2720108099048555,1.3409091580316153
3036.TW,3105.TWO,2025-11-14,-16.814216370647756,-1.0599644211483994,1.3367297164601326
3036.TW,3105.TWO,2025-11-17,-23.95586053692901,-1.8183017855491241,1.3306815921053643
3036.TW,3105.TWO,2025-11-18,-29.16992871550994,-2.2754657164659116,1.3235984543615593
3036.TW,3105.TWO,2025-11-19,-26.764282044932884,-1.93693926908821,1.3172588681261097
3036.TW,3105.TWO,2025-11-20,-24.473931405189234,-1.6388194514747891,1.3114513113909136
3036.TW,3105.TWO,2025-11-21,-17.65137107260668,-0.9404825118123535,1.3075544261016598
3036.TW,3105.TWO,2025-11-24,-29.64481233907091,-2.060007091842795,1.300384375168604
3036.TW,3105.TWO,2025-11-25,-41.77056553909415,-2.9632458290707993,1.2893752582217743
3036.TW,3105.TWO,2025-11-26,-31.668552295343375,-1.9586078978416694,1.2812920461583646
3036.TW,3105.TWO,2025-11-27,-26.940017122417828,-1.4932503258427847,1.274570591855875
3036.TW,3105.TWO,2025-11-28,-40.88584216217379,-2.502385097046938,1.2634611747608258
3036.TW,3105.TWO,2025-12-01,-41.68718781258889,-2.394398406307962,1.2524676980703386
3036.TW,3105.TWO,2025-12-02,-45.916765186093784,-2.522468584573327,1.2396790230722157
3036.TW,3105.TWO,2025-12-03,-34.527726527234904,-1.6217476043344312,1.2305480829725577
3036.TW,3105.TWO,2025-12-04,-30.936512417945863,-1.3182684173334285,1.2225951799922172
3036.TW,3105.TWO,2025-12-05,-33.90294474155584,-1.468021957848784,1.213780388075874
3036.TW,3105.TWO,2025-12-08,-34.089283810863066,-1.4251051468055758,1.2047704532341728
3036.TW,3105.TWO,2025-12-09,-51.11212577610502,-2.413197448955559,1.1901494363569534
3036.TW,3105.TWO,2025-12-10,-55.916041655875574,-2.5332880588546764,1.1739357187423407
3036.TW,3105.TWO,2025-12-11,-53.85718073236015,-2.259862664120271,1.1586362172015658
3036.TW,3105.TWO,2025-12-12,-60.007909501278306,-2.4464036404840357,1.141143485592665
3036.TW,3105.TWO,2025-12-15,-60.88872491367084,-2.3342659301402846,1.1237355759315828
3036.TW,3105.TWO,2025-12-16,-43.16204623618822,-1.326148112073315,1.1127039992439023
3036.TW,3105.TWO,2025-12-17,-42.93012675967873,-1.267682350827377,1.1018211690240116
3036.TW,3105.TWO,2025-12-18,-40.268253628510934,-1.0896653135397432,1.091751656014575
3036.TW,3105.TWO,2025-12-19,-39.635523290105226,-1.0217790611994444,1.08164647002513
3036.TW,3105.TWO,2025-12-22,-55.981697345784085,-1.7983877525370346,1.0662041223301293
3036.TW,3105.TWO,2025-12-23,-55.41754058078945,-1.6971338238429154,1.0514416200675083
3036.TW,3105.TWO,2025-12-24,-55.58376787201817,-1.6367118294305176,1.0369492892830792
3036.TW,3105.TWO,2025-12-26,-56.79455090850186,-1.6359062420264292,1.0222768868892138
3036.TW,3105.TWO,2025-12-29,-51.75239042575021,-1.34179168249147,1.009577874042054
3036.TW,3105.TWO,2025-12-30,-50.5108071074105,-1.2451666271865236,0.9972015622229716
3036.TW,3105.TWO,2025-12-31,-46.49623217040764,-1.0105049422511956,0.9860702316044021
3036.TW,3105.TWO,2026-01-02,-37.61204941031352,-0.5287769171511306,0.9773549991315001
3036.TW,3105.TWO,2026-01-05,-40.733031290329194,-0.6654943211294515,0.9677830480169538
3036.TW,3105.TWO,2026-01-06,-33.45582081258607,-0.2582453478660467,0.95995065299078
3036.TW,3105.TWO,2026-01-07,-32.96342960828477,-0.21178333306691613,0.9522193470753854
3036.TW,3105.TWO,2026-01-08,-43.692164996397,-0.7657363559882395,0.941437630022886
3036.TW,3105.TWO,2026-01-09,-57.23928343967327,-1.4721725954346978,0.9261631218507934
3036.TW,3105.TWO,2026-01-12,-70.30221666598712,-2.1092313482737763,0.9064002887427988
3036.TW,3105.TWO,2026-01-13,-40.17950347783358,-0.42523483815881963,0.8964979537303314
3036.TW,3105.TWO,2026-01-14,-40.030867360120936,-0.39161244751268,0.8865166660063162
3036.TW,3105.TWO,2026-01-15,-45.647560373025584,-0.6889227421200452,0.8749719868086795
3036.TW,3105.TWO,2026-01-16,-43.21397376446686,-0.5214645910537362,0.8643978569135566
3036.TW,3105.TWO,2026-01-19,-37.114242503331525,-0.13181368352921335,0.8556685491318307
3036.TW,3105.TWO,2026-01-20,-47.8205009236753,-0.7589834147329282,0.8438067292336526
3036.TW,3105.TWO,2026-01-21,-37.73783515977448,-0.09844920144769861,0.83479494022798
3036.TW,3105.TWO,2026-01-22,-47.7793105139082,-0.7246159299256331,0.822888160712047
3036.TW,3105.TWO,2026-01-23,-44.01213214122831,-0.4458952968684747,0.8122845464977654
3036.TW,3105.TWO,2026-01-26,-43.42855357697513,-0.3782326421517509,0.8018029611848403
3036.TW,3105.TWO,2026-01-27,-37.11115973193478,0.141700443894752,0.7927029392309644
3036.TW,3105.TWO,2026-01-28,-40.54609789410742,-0.10639867982693871,0.7822223143727406
3036.TW,3105.TWO,2026-01-29,-34.24627096577595,0.4188047390208768,0.7739959223576088
3036.TW,3105.TWO,2026-01-30,-27.607956982615804,0.9722479846378698,0.7677345478053429
3036.TW,3105.TWO,2026-02-02,-20.128508768667302,1.5760390340998351,0.7634567907757221
3036.TW,3105.TWO,2026-02-03,-26.24383761813479,1.1036941639769537,0.757514078581549
3036.TW,3105.TWO,2026-02-04,-32.68641004194973,0.5980032468175884,0.7497047869908999
3036.TW,3105.TWO,2026-02-05,-26.561882483016944,1.133380638764937,0.7437296627835878
3036.TW,3105.TWO,2026-02-06,-11.823660253523315,2.301381413840506,0.7413148919389811
3036.TW,3105.TWO,2026-02-09,-21.784469326934783,1.454910571727481,0.7365150188614233
3036.TW,3105.TWO,2026-02-10,-22.227493952759204,1.4439646925757488,0.7312524318697909
3036.TW,3105.TWO,2026-02-11,-8.520183357418233,2.4586183071840253,0.7293346831094131
3036.TW,3105.TWO,2026-02-23,-22.401192291768808,1.330665809256508,0.7238318843721558
3036.TW,3105.TWO,2026-02-24,-36.10527923980587,0.263805295968346,0.7142427885405457
3036.TW,3105.TWO,2026-02-25,-46.89479689285071,-0.569853027347996,0.7011271474033612
3036.TW,3105.TWO,2026-02-26,-52.12398129958535,-0.9625486870727161,0.6863622739645039
3036.TW,3105.TWO,2026-03-02,-42.92278019202783,-0.19208248738361944,0.6748926529144544
3036.TW,3105.TWO,2026-03-03,-42.51500175818745,-0.15742898046267806,0.6640583181745298
3036.TW,3105.TWO,2026-03-04,-3.7626171651011475,2.800948549554342,0.6632157793688107
3036.TW,3105.TWO,2026-03-05,6.568866504866122,3.2440558053175335,0.6647076556049489
3036.TW,3105.TWO,2026-03-06,11.192213194385033,3.1865276884326112,0.6672130098005375
3036.TW,3105.TWO,2026-03-09,29.225618600698255,3.7205644287402717,0.6730628212403347
3036.TW,3105.TWO,2026-03-10,31.784859185149116,3.399023098094246,0.6795226458665438
3036.TW,3105.TWO,2026-03-11,21.328451481184146,2.652957070333852,0.6843002667686169
3036.TW,3105.TWO,2026-03-12,15.163293246298764,2.227214473662137,0.6877547670629173
3036.TW,3105.TWO,2026-03-13,13.622562518622232,2.0447707069734817,0.6908927006580317
3036.TW,3105.TWO,2026-03-16,18.44164993362088,2.1269043196419055,0.6949651329467664
3036.TW,3105.TWO,2026-03-17,37.15542310384765,2.673980829099008,0.7028500591963219
3036.TW,3105.TWO,2026-03-18,21.56559837090677,1.962971243048956,0.7078700207889862
3036.TW,3105.TWO,2026-03-19,-6.266257780907438,0.875901608456019,0.7062871734873054
3036.TW,3105.TWO,2026-03-20,4.628582345268484,1.2468711875086904,0.7073940585012565
3036.TW,3105.TWO,2026-03-23,11.632196106586036,1.4589926111203486,0.7098985261975299
3036.TW,3105.TWO,2026-03-24,3.6958538419572164,1.1212863520133087,0.7106878356980861
3036.TW,3105.TWO,2026-03-25,-11.937082624739986,0.5170744163965789,0.7078930269672832
3036.TW,3105.TWO,2026-03-26,-29.486211418061004,-0.1478902535854447,0.700809995998267
3036.TW,3105.TWO,2026-03-27,-40.41564956518886,-0.5579461173228623,0.6906364532646762
3036.TW,3105.TWO,2026-03-30,-45.38559361549676,-0.7561321130997654,0.6792673346635364
3036.TW,3105.TWO,2026-03-31,-24.869153698773005,0.00033097611247093927,0.6737994170933664
3036.TW,3105.TWO,2026-04-01,-31.133052673177815,-0.25769363106232585,0.6665111750956076
3036.TW,3105.TWO,2026-04-02,-29.250816943897604,-0.2053613974161504,0.6597738820163926
3036.TW,3105.TWO,2026-04-07,-42.02222348350671,-0.7164622454646254,0.6494281296487349
3036.TW,3105.TWO,2026-04-08,-51.645768356988185,-1.0942269199551353,0.6359983808931907
3036.TW,3105.TWO,2026-04-09,-52.65255895425349,-1.1251804284637759,0.6228785373104215
3036.TW,3105.TWO,2026-04-10,-61.25144694198133,-1.4250257847974264,0.6070572804685402
3036.TW,3105.TWO,2026-04-13,-49.61490912534583,-0.9652738841507441,0.594825331782263
3036.TW,3105.TWO,2026-04-14,-44.63638437599826,-0.7635826305502745,0.5841190121558365
3036.TW,3105.TWO,2026-04-15,-33.19577564765484,-0.32525534062847183,0.5764981183834302
3036.TW,3105.TWO,2026-04-16,-47.35074093613048,-0.8633833193110139,0.5647109778326265
3036.TW,3105.TWO,2026-04-17,-69.55612519689089,-1.6846499739143803,0.546210951073588
3036.TW,3105.TWO,2026-04-20,-95.29935041902849,-2.5540582475403975,0.5195381809195049
3036.TW,3105.TWO,2026-04-21,-92.1410105849157,-2.300435671156275,0.49413804056424226
3036.TW,3105.TWO,2026-04-22,-76.12065580967231,-1.68104739113227,0.4748168938459619
3036.TW,3105.TWO,2026-04-23,-57.2053794858698,-1.0233721064318055,0.4617371178163212
3036.TW,3105.TWO,2026-04-24,-51.811063402429966,-0.8326262749972728,0.45031328893730355
3036.TW,3105.TWO,2026-04-27,-23.182651416286973,0.12773929958970276,0.44573677498929676
3036.TW,3105.TWO,2026-04-28,-18.580031257280666,0.2680079458794008,0.44196491348364886
3036.TW,3105.TWO,2026-04-29,-21.37001807274393,0.16413480370892228,0.43756535521189427
3036.TW,3105.TWO,2026-04-30,-31.493322351498847,-0.19016381662215787,0.43059698635197813
3036.TW,3105.TWO,2026-05-04,-18.008401448904777,0.25628819775628114,0.4267264524227212
3036.TW,3105.TWO,2026-05-05,-28.99544939229611,-0.12862136497403648,0.4201321671115605
3036.TW,3105.TWO,2026-05-06,-1.0206488176948767,0.8083277035719838,0.4199254927222175
3036.TW,3105.TWO,2026-05-07,3.485834558827179,0.9327097670518449,0.4206381028467287
3036.TW,3105.TWO,2026-05-08,25.038910808952807,1.5980686632062835,0.42571942473578867
3036.TW,3105.TWO,2026-05-11,30.659509142674892,1.708653453247612,0.43242373968619097
3036.TW,3105.TWO,2026-05-12,42.761909932005665,1.9954712910772323,0.4414871484155963
3036.TW,3105.TWO,2026-05-13,52.91671320239172,2.1780220344760752,0.4523570082089954
3036.TW,3105.TWO,2026-05-14,42.08038366995808,1.7678692941407441,0.46084886072422554
3036.TW,3105.TWO,2026-05-15,47.8721067994384,1.8453142688405013,0.4700978696919012
3036.TW,3105.TWO,2026-05-18,41.689734477041526,1.6076676051036103,0.4781397650467703
3036.TW,3105.TWO,2026-05-19,36.95494327908136,1.4237726479757302,0.4854790522418035
3036.TW,3105.TWO,2026-05-20,50.9504818026908,1.7267283399784592,0.49548862263609844
3036.TW,3105.TWO,2026-05-21,40.863757740749634,1.412095711049717,0.5042837749660908
3036.TW,3105.TWO,2026-05-22,12.738011924212003,0.6598690668973782,0.5072921911524589
3036.TW,3105.TWO,2026-05-25,16.690719365455607,0.7387813321855429,0.5112469821408193
3036.TW,3105.TWO,2026-05-26,-0.6702170903626552,0.26913833095529155,0.5110858568745469
3036.TW,3105.TWO,2026-05-27,2.4575398386120924,0.33020648565336863,0.5116611304235338
3036.TW,3105.TWO,2026-05-28,11.168986699332208,0.5386719971806684,0.514083177579685
3036.TW,3105.TWO,2026-05-29,9.618893440486318,0.4768164567622464,0.5161597063714627
3036.TW,3105.TWO,2026-06-01,6.375395264406848,0.3854281354805773,0.5175414298300659
3036.TW,3105.TWO,2026-06-02,13.48575308533151,0.5707745271925831,0.5203964565006044
3036.TW,3105.TWO,2026-06-03,15.798062960132938,0.6294496021644858,0.5237212262917423
3036.TW,3105.TWO,2026-06-04,18.169260354737276,0.700229844645502,0.5273510927725481
3036.TW,3105.TWO,2026-06-05,17.59919757054746,0.6952559010734923,0.5308785143325573
3036.TW,3105.TWO,2026-06-08,10.424522179849447,0.5094159378663738,0.5328507240663835
3036.TW,3105.TWO,2026-06-09,-12.176644147748164,-0.08654847934521201,0.5302683501819467
3036.TW,3105.TWO,2026-06-10,-11.763345151165623,-0.06417728802817052,0.527864170485642
3036.TW,3105.TWO,2026-06-11,-19.69229669388281,-0.2627912578426832,0.5237638560620619
3036.TW,3105.TWO,2026-06-12,-32.41193974940239,-0.5838036921582904,0.5166573064344602
3036.TW,3105.TWO,2026-06-15,-34.15840417427239,-0.6086311435272453,0.5091162508302787
3036.TW,3105.TWO,2026-06-16,-28.970954970707737,-0.4542338311792939,0.5029836814821658
3036.TW,3105.TWO,2026-06-17,-33.20332524792309,-0.553138527250191,0.49557480779946644
3036.TW,3105.TWO,2026-06-18,-35.002164135515955,-0.5819228226934474,0.48769349268090145
3036.TW,3105.TWO,2026-06-22,-34.56962940902133,-0.552072838404596,0.479795987817045
3036.TW,3105.TWO,2026-06-23,-26.897500506608537,-0.3334207693728178,0.4739415718517405
3036.TW,3105.TWO,2026-06-24,-6.889879124751872,0.20740904541567082,0.47257296888023403
3036.TW,3105.TWO,2026-06-25,-1.1936442972475447,0.3476007797367572,0.47234048444329924
3036.TW,3105.TWO,2026-06-26,14.14201141013578,0.7457233693371657,0.47490091648552885
3036.TW,3105.TWO,2026-06-29,12.41818086007018,0.6786812529546913,0.47714033771827624
3036.TW,6515.TW,2025-09-23,-4.660231850204411,-0.36484517057723775,0.06916574178474104
3036.TW,6515.TW,2025-09-24,-3.120465661810897,-0.15228558288428787,0.06837303773747369
3036.TW,6515.TW,2025-09-25,-1.3031790174274533,0.09555297258561206,0.06804765376451428
3036.TW,6515.TW,2025-09-26,-5.514677387981948,-0.4566607707615091,0.06661744702974685
3036.TW,6515.TW,2025-09-30,-8.160647158765158,-0.7969244105334741,0.06438570226121547
3036.TW,6515.TW,2025-10-01,-3.801596898707686,-0.21346381501042716,0.0633880833114409
3036.TW,6515.TW,2025-10-02,-4.558444852244065,-0.2871317801880344,0.06221379828474817
3036.TW,6515.TW,2025-10-03,-4.9690186429932055,-0.3162985504419501,0.06096284877412171
3036.TW,6515.TW,2025-10-07,2.4101967468693033,0.7494451726248731,0.061542158683973
3036.TW,6515.TW,2025-10-08,1.2717161413685858,0.6210815695942165,0.061863451335300856
3036.TW,6515.TW,2025-10-09,-4.212791570891568,-0.1547791006604121,0.06074420240253004
3036.TW,6515.TW,2025-10-13,-1.0984434034170647,0.3346819361785812,0.06046255978603745
3036.TW,6515.TW,2025-10-14,-0.27019874270737887,0.4883327095300111,0.06039345075065732
3036.TW,6515.TW,2025-10-15,-6.329843171522441,-0.4304739417151874,0.05865143178917572
3036.TW,6515.TW,2025-10-16,-4.771990216395238,-0.1685041500372629,0.057399816686892764
3036.TW,6515.TW,2025-10-17,-5.888571926646108,-0.3169022910118438,0.055875792780524985
3036.TW,6515.TW,2025-10-20,-1.8927378939282846,0.39128246274296535,0.05539173509819459
3036.TW,6515.TW,2025-10-21,-3.593146070555264,0.14494822987614914,0.05444765043359714
3036.TW,6515.TW,2025-10-22,-0.6099782606243878,0.7270312779540387,0.05428786532134237
3036.TW,6515.TW,2025-10-23,0.5864563827449558,0.9265930310037578,0.05443927811954811
3036.TW,6515.TW,2025-10-27,1.44132479409231,1.0690739837171452,0.05481653212445819
3036.TW,6515.TW,2025-10-28,4.2318226915063235,1.5297208674178477,0.05588276565403241
3036.TW,6515.TW,2025-10-29,-4.802257596770602,-0.08697416598979575,0.05453606031758004
3036.TW,6515.TW,2025-10-30,2.0974364712651834,1.1493237511271486,0.055081572742457965
3036.TW,6515.TW,2025-10-31,-2.7964955762873274,0.29360412982928585,0.0543263947782842
3036.TW,6515.TW,2025-11-03,6.794607776303337,2.0054131505927106,0.05600182695991571
3036.TW,6515.TW,2025-11-04,6.439674397190458,1.8602694696316369,0.05762423255400728
3036.TW,6515.TW,2025-11-05,9.601135483973422,2.2672768848572433,0.06007488612219541
3036.TW,6515.TW,2025-11-06,0.3874359094958493,0.6911272659563362,0.060177950504332334
3036.TW,6515.TW,2025-11-07,2.0003770192471677,0.9337224176505554,0.06067751528343912
3036.TW,6515.TW,2025-11-10,0.4868339277061011,0.65788658118169,0.060800255849669894
3036.TW,6515.TW,2025-11-11,6.4695336136295225,1.5988948759149688,0.06234089251710507
3036.TW,6515.TW,2025-11-12,3.875842567274276,1.1383678261265144,0.06329012092842294
3036.TW,6515.TW,2025-11-13,5.248219135437608,1.3214540735685538,0.06459525925589779
3036.TW,6515.TW,2025-11-14,1.4050834696854224,0.6591762830089289,0.06494923127694899
3036.TW,6515.TW,2025-11-17,-2.0123811861675733,0.08423415556029593,0.06443923242312236
3036.TW,6515.TW,2025-11-18,-6.417696330763505,-0.6296796208229377,0.06284836044232554
3036.TW,6515.TW,2025-11-19,-4.024268287969647,-0.21861054620638926,0.06185134584825084
3036.TW,6515.TW,2025-11-20,-8.538831088224413,-0.9403451721557355,0.05950985873151203
3036.TW,6515.TW,2025-11-21,-6.012067240518576,-0.5007332205468102,0.057954393810505135
3036.TW,6515.TW,2025-11-24,-8.381813753583941,-0.8708942525134213,0.055648930083840226
3036.TW,6515.TW,2025-11-25,-5.169123357133003,-0.3495634960792147,0.05425588238862871
3036.TW,6515.TW,2025-11-26,-3.666317769749611,-0.10722767637651881,0.05323868637751305
3036.TW,6515.TW,2025-11-27,-4.126152874552048,-0.22032455302570997,0.05208671260169554
3036.TW,6515.TW,2025-11-28,-4.089461684575497,-0.2838268530153856,0.050947329505790395
3036.TW,6515.TW,2025-12-01,3.2157994657350457,1.0861696099333806,0.05173506781389522
3036.TW,6515.TW,2025-12-02,5.463168605785313,1.5029084585290562,0.05313548652198929
3036.TW,6515.TW,2025-12-03,4.801683925311977,1.3242868132809988,0.054394979614259896
3036.TW,6515.TW,2025-12-04,3.369563961182166,1.039390440154331,0.05527382575302985
3036.TW,6515.TW,2025-12-05,2.3574076451204746,0.791345197493586,0.05588803452635244
3036.TW,6515.TW,2025-12-08,5.1511752237787505,1.3546959940287349,0.057212994846300096
3036.TW,6515.TW,2025-12-09,-2.951747383333128,-0.4126482198893033,0.0564001535513845
3036.TW,6515.TW,2025-12-10,-2.3272717063508708,-0.26999706601788553,0.055773406857212944
3036.TW,6515.TW,2025-12-11,-0.7178365498317589,0.10430630920572685,0.055583584155885886
3036.TW,6515.TW,2025-12-12,-4.333885501204776,-0.6720686069942096,0.054379559169364516
3036.TW,6515.TW,2025-12-15,-3.690080809139488,-0.5300321059686811,0.05338450740021221
3036.TW,6515.TW,2025-12-16,-2.511384266265736,-0.2691076479755974,0.052714536786955354
3036.TW,6515.TW,2025-12-17,4.576016519631736,1.2671933236070068,0.05384814620248802
3036.TW,6515.TW,2025-12-18,3.6867576331722205,1.0510209835821396,0.05479102142934051
3036.TW,6515.TW,2025-12-19,2.9600432429487284,0.8698971923164367,0.055578802950234964
3036.TW,6515.TW,2025-12-22,2.34574459931207,0.7045764128457588,0.0561906333831098
3036.TW,6515.TW,2025-12-23,-1.3387280737481717,-0.14572174142816277,0.05584070324656016
3036.TW,6515.TW,2025-12-24,-4.42316769707287,-0.836378039757402,0.054659351078578985
3036.TW,6515.TW,2025-12-26,-11.415463086856079,-2.3178888146253516,0.05133774743088515
3036.TW,6515.TW,2025-12-29,-5.309887007041397,-1.0022387552575869,0.049929462003239354
3036.TW,6515.TW,2025-12-30,-5.19737821457349,-0.9678579605213213,0.04849403751440542
3036.TW,6515.TW,2025-12-31,-1.9990968463984586,-0.27003202172738566,0.04795719368407723
3036.TW,6515.TW,2026-01-02,-0.6794385134787717,0.00807479713803165,0.047771015267612925
3036.TW,6515.TW,2026-01-05,-5.062634051163769,-0.9444745852347163,0.04631805140186514
3036.TW,6515.TW,2026-01-06,-0.7828760716902536,0.02046662364794428,0.04609520111422503
3036.TW,6515.TW,2026-01-07,-3.97649104210268,-0.6965501472380055,0.04492425532573125
3036.TW,6515.TW,2026-01-08,-0.06644612728069887,0.1763511210657702,0.044906079694030966
3036.TW,6515.TW,2026-01-09,-6.397887611689072,-1.204999336932165,0.04296117881529158
3036.TW,6515.TW,2026-01-12,-3.997443623231135,-0.6878113801649919,0.0418062536957992
3036.TW,6515.TW,2026-01-13,2.087766334159113,0.6469052551825126,0.04240097193530554
3036.TW,6515.TW,2026-01-14,1.5537495909195513,0.5041620640782518,0.04284968987767327
3036.TW,6515.TW,2026-01-15,0.5264437011780956,0.26298967447911314,0.04299882484883766
3036.TW,6515.TW,2026-01-16,-2.9741803739833585,-0.5309600607703223,0.04213129067235405
3036.TW,6515.TW,2026-01-19,-0.1643039900236829,0.10306346140008717,0.04208489398080932
3036.TW,6515.TW,2026-01-20,-6.217667219277104,-1.2253132031185,0.040171839604713495
3036.TW,6515.TW,2026-01-21,-2.6586253571161365,-0.4151178765743999,0.03936604451851707
3036.TW,6515.TW,2026-01-22,-1.0355819914884137,-0.03303673495442592,0.039064387231032616
3036.TW,6515.TW,2026-01-23,-4.119854175403731,-0.7342672952754331,0.037807844044848805
3036.TW,6515.TW,2026-01-26,-4.055304441814712,-0.6962355559648449,0.03654466342302403
3036.TW,6515.TW,2026-01-27,-0.8277244766662193,0.02722338618866368,0.036280021626928984
3036.TW,6515.TW,2026-01-28,7.323416998360017,1.8667709362673546,0.03841383682656548
3036.TW,6515.TW,2026-01-29,2.7666255671758506,0.8665422684999134,0.03921675492827445
3036.TW,6515.TW,2026-01-30,-0.160477516405507,0.24328801112219117,0.0391692040714792
3036.TW,6515.TW,2026-02-02,-4.269732774131569,-0.7327031409441249,0.037849093367621364
3036.TW,6515.TW,2026-02-03,-6.291348504682304,-1.1801752778798071,0.03574953677744235
3036.TW,6515.TW,2026-02-04,-2.66793144372474,-0.29737448681719636,0.034886897504919814
3036.TW,6515.TW,2026-02-05,-0.8729166180897039,0.1689909350485574,0.03461779021081183
3036.TW,6515.TW,2026-02-06,-1.967788253735364,-0.07989143739547647,0.03399273696987059
3036.TW,6515.TW,2026-02-09,-2.983094420366257,-0.30930038129032106,0.03300831191792722
3036.TW,6515.TW,2026-02-10,1.309278731818722,0.8024963534701323,0.03344601326944888
3036.TW,6515.TW,2026-02-11,1.4936529198686515,0.8301569409600527,0.03394583860107593
3036.TW,6515.TW,2026-02-23,5.882171615721376,1.872161915969738,0.03576710581920198
3036.TW,6515.TW,2026-02-24,2.4966827764250468,0.9842678959257644,0.03657407019508357
3036.TW,6515.TW,2026-02-25,-1.3454241499478883,-0.012316464107763313,0.036118914242985085
3036.TW,6515.TW,2026-02-26,-1.6552147910520034,-0.11268562278399802,0.03555935586029101
3036.TW,6515.TW,2026-03-02,4.573254762529274,1.4805853318441415,0.0369824150179538
3036.TW,6515.TW,2026-03-03,-0.233005370985353,0.18596939182603475,0.03690838898226402
3036.TW,6515.TW,2026-03-04,10.215768177961706,2.7407765736028433,0.04004221308123113
3036.TW,6515.TW,2026-03-05,5.973362295235745,1.606453186458528,0.04202015623922998
3036.TW,6515.TW,2026-03-06,-3.314265640629401,-0.6936772514977274,0.04084001800718078
3036.TW,6515.TW,2026-03-09,2.94652689278675,0.8594366942616797,0.041787751883345825
3036.TW,6515.TW,2026-03-10,-3.810080844242833,-0.7888232738834712,0.04041570520760438
3036.TW,6515.TW,2026-03-11,-3.655802511814926,-0.7232622324143131,0.03905514096198192
3036.TW,6515.TW,2026-03-12,-5.954962211172159,-1.2637680634035524,0.0367680077397583
3036.TW,6515.TW,2026-03-13,-0.128400731682774,0.2250920160475033,0.036720707577607696
3036.TW,6515.TW,2026-03-16,1.2289289125578478,0.5988893178937853,0.03716437637502811
3036.TW,6515.TW,2026-03-17,-0.4601704342062476,0.14961766147201347,0.036984313481178886
3036.TW,6515.TW,2026-03-18,-4.073059300248303,-0.7796882649058267,0.03529670104688558
3036.TW,6515.TW,2026-03-19,-2.4800249882732146,-0.3589018378946068,0.03430799980201408
3036.TW,6515.TW,2026-03-20,-5.199528377913168,-1.0553392987034609,0.03203254406917093
3036.TW,6515.TW,2026-03-23,-3.8277822011993123,-0.700642715988958,0.03042528278314985
3036.TW,6515.TW,2026-03-24,-4.792922659315593,-0.9336410940838187,0.02833462628774202
3036.TW,6515.TW,2026-03-25,-1.4304189936536886,-0.04751409677988641,0.02769943150675538
3036.TW,6515.TW,2026-03-26,-0.7356508703820168,0.15530030274516646,0.02738809862143095
3036.TW,6515.TW,2026-03-27,1.7474042548254545,0.8225687409454927,0.028115420487806235
3036.TW,6515.TW,2026-03-30,1.1092042784380851,0.6611814842073276,0.028567905592625863
3036.TW,6515.TW,2026-03-31,2.204158207667831,0.9312004156803032,0.0294153898911389
3036.TW,6515.TW,2026-04-01,1.5055447249025349,0.7205692718928803,0.03002186561805744
3036.TW,6515.TW,2026-04-02,6.198011409200149,1.9549662695170502,0.03227143009585958
3036.TW,6515.TW,2026-04-07,-1.622005746878159,-0.21491333090252304,0.03161390209685258
3036.TW,6515.TW,2026-04-08,-4.1359729190197925,-0.9246748441008501,0.02981663879099598
3036.TW,6515.TW,2026-04-09,-4.2844335207201425,-0.9489946466004348,0.027981581007671168
3036.TW,6515.TW,2026-04-10,-0.23683281977602633,0.17403617752679432,0.02788201570077423
3036.TW,6515.TW,2026-04-13,-3.1331174140765086,-0.6451173976858221,0.02645686028441633
3036.TW,6515.TW,2026-04-14,-0.26795246675206386,0.1553144748174942,0.026339390126730883
3036.TW,6515.TW,2026-04-15,-2.6529317702336357,-0.5213433206364549,0.025091686656095475
3036.TW,6515.TW,2026-04-16,-2.750066291019209,-0.5349637131773263,0.023721075655078156
3036.TW,6515.TW,2026-04-17,-3.0607458088136354,-0.6492535895339108,0.02215979676708153
3036.TW,6515.TW,2026-04-20,-3.9849275415080285,-0.9135346149108798,0.02006066528097023
3036.TW,6515.TW,2026-04-21,-0.29359201099654797,0.15387951384703732,0.019909097610755835
3036.TW,6515.TW,2026-04-22,-0.6874581291312438,0.051596797603386355,0.01955311732242752
3036.TW,6515.TW,2026-04-23,-1.2250320123751521,-0.0952700057311737,0.018918976238703186
3036.TW,6515.TW,2026-04-24,0.7785498839826062,0.46631539661339927,0.019296826585202504
3036.TW,6515.TW,2026-04-27,2.1778896308294975,0.8548078755761621,0.020321010912609457
3036.TW,6515.TW,2026-04-28,-0.5237954154718807,0.05146588037002022,0.020056600719219574
3036.TW,6515.TW,2026-04-29,-0.8941098551925393,-0.06618866040285368,0.019610103908410174
3036.TW,6515.TW,2026-04-30,-0.6114308557184529,0.015036378977641263,0.01929933386385244
3036.TW,6515.TW,2026-05-04,-0.04996615779975855,0.16194634360186336,0.01927330746845359
3036.TW,6515.TW,2026-05-05,1.8527450002132468,0.701883332216638,0.020172892955587236
3036.TW,6515.TW,2026-05-06,0.8685370925557265,0.3988259559542168,0.02060485590986781
3036.TW,6515.TW,2026-05-07,1.9635780246703405,0.7857705314966795,0.02155388299056092
3036.TW,6515.TW,2026-05-08,5.009860326175868,1.6961762493161505,0.023936721429201474
3036.TW,6515.TW,2026-05-11,2.889397907837804,1.020963679939779,0.02538687375843593
3036.TW,6515.TW,2026-05-12,2.938073329465624,1.0021521980905466,0.026821956663146188
3036.TW,6515.TW,2026-05-13,2.2880103154289486,0.7787256997156703,0.027935054618384587
3036.TW,6515.TW,2026-05-14,-4.391858203089441,-1.286052560559184,0.025649410513752025
3036.TW,6515.TW,2026-05-15,2.408744541213082,0.7966785066503161,0.02679189697970285
3036.TW,6515.TW,2026-05-18,-2.6246231023263817,-0.7473498495468403,0.025461805704118972
3036.TW,6515.TW,2026-05-19,3.312840839272752,1.0405060422064245,0.026998600645812595
3036.TW,6515.TW,2026-05-20,5.486946268821441,1.6474867015808832,0.02948665399420855
3036.TW,6515.TW,2026-05-21,0.9110413945171558,0.2808247871251448,0.029925515732576985
3036.TW,6515.TW,2026-05-22,4.741447844507547,1.4479702732844764,0.0319867044052059
3036.TW,6515.TW,2026-05-25,2.4302273788055118,0.7493238324028165,0.03309104198312396
3036.TW,6515.TW,2026-05-26,-1.4240078640260663,-0.41647164611781023,0.03244277195633377
3036.TW,6515.TW,2026-05-27,-4.720769729435176,-1.3781563827486936,0.030083988799521677
3036.TW,6515.TW,2026-05-28,1.7909895322019906,0.5853640043522257,0.03089323628309472
3036.TW,6515.TW,2026-05-29,3.097516008669402,0.9560255966761526,0.03225051114833434
3036.TW,6515.TW,2026-06-01,0.17346837360895506,0.14119239719439172,0.03232818827999045
3036.TW,6515.TW,2026-06-02,5.344347931024231,1.854255852411226,0.034547787143105926
3036.TW,6515.TW,2026-06-03,0.5485519389461047,0.2503556498276752,0.034785435973566516
3036.TW,6515.TW,2026-06-04,-5.005488388158653,-1.538567502956945,0.03251412612466673
3036.TW,6515.TW,2026-06-05,0.2772395108456749,0.18140100186297384,0.03263453498094776
3036.TW,6515.TW,2026-06-08,-4.64472367840645,-1.4424596677958192,0.030611902663470216
3036.TW,6515.TW,2026-06-09,-2.407482266468776,-0.7414194194225228,0.029532396690517503
3036.TW,6515.TW,2026-06-10,0.2990686788533594,0.1754143265634088,0.029657814388605173
3036.TW,6515.TW,2026-06-11,-4.8714807387795815,-1.5179738960681666,0.027422792858057855
3036.TW,6515.TW,2026-06-12,-5.716977545147898,-1.7247327844960936,0.024603643324716738
3036.TW,6515.TW,2026-06-15,-2.7907486916555797,-0.7867381984150155,0.0232224266107397
3036.TW,6515.TW,2026-06-16,-1.7547287007338923,-0.45286491166825277,0.022361702664174827
3036.TW,6515.TW,2026-06-17,2.6512549029648937,0.9620491939732267,0.023596352877043363
3036.TW,6515.TW,2026-06-18,0.21187052215674385,0.13025822464399445,0.023696493699287533
3036.TW,6515.TW,2026-06-22,0.4548134649471365,0.18645394416899022,0.023911797960748705
3036.TW,6515.TW,2026-06-23,-0.7006528027042691,-0.21515263790147093,0.02358056585266304
3036.TW,6515.TW,2026-06-24,-0.6148019494908112,-0.18632483515738432,0.023288291967599607
3036.TW,6515.TW,2026-06-25,1.396524075942665,0.5086396242018215,0.023923241434537963
3036.TW,6515.TW,2026-06-26,4.806568298205121,1.6266100620568582,0.025915926368840977
3036.TW,6515.TW,2026-06-29,0.6467345770496422,0.2338189349292382,0.026187643576051297
