stock1,stock2,date,spread,zscore,beta
2313.TW,2337.TW,2025-07-28,17.24514044286896,-1.04184776293396,2.272961895629413
2313.TW,2337.TW,2025-07-29,20.887977093501327,0.6186712630013078,2.3003348585864702
2313.TW,2337.TW,2025-07-30,19.57107251774157,0.13357975064722818,2.325477314649586
2313.TW,2337.TW,2025-07-31,20.5125507846829,0.7883875034284347,2.3503357209445563
2313.TW,2337.TW,2025-08-04,20.75095791185234,1.0240671682071956,2.374275934131528
2313.TW,2337.TW,2025-08-05,20.047095083618885,0.5947347383010301,2.39717346398344
2313.TW,2337.TW,2025-08-06,19.60125398234127,0.3634343543144399,2.418689073195941
2313.TW,2337.TW,2025-08-07,18.8342228321916,-0.12014118018687828,2.438961086934029
2313.TW,2337.TW,2025-08-08,18.789862932991277,-0.1224559587746735,2.4596132019556753
2313.TW,2337.TW,2025-08-11,21.154493357896982,1.4699846162401764,2.4823340352083414
2313.TW,2337.TW,2025-08-12,20.314780854603065,0.8724200660960498,2.504004161418753
2313.TW,2337.TW,2025-08-13,21.508222861222656,1.5491290992304707,2.5266090755032367
2313.TW,2337.TW,2025-08-14,27.115062893316562,3.2401382601256223,2.5547635891047595
2313.TW,2337.TW,2025-08-15,24.747784782902485,1.8949829086790464,2.580151538778206
2313.TW,2337.TW,2025-08-18,23.816184069067127,1.3691062756238088,2.6042303241581912
2313.TW,2337.TW,2025-08-19,23.004498982155035,0.9710398879280552,2.626809345876361
2313.TW,2337.TW,2025-08-20,22.17356078413828,0.6018071471290264,2.647568970088528
2313.TW,2337.TW,2025-08-21,20.833849451522617,0.04171801356672246,2.667849545947611
2313.TW,2337.TW,2025-08-22,20.53223296222329,-0.15298905439743535,2.687069226751394
2313.TW,2337.TW,2025-08-25,21.308572702300204,0.07677324944406601,2.7069594416672165
2313.TW,2337.TW,2025-08-26,20.715072502146853,-0.29260444977523387,2.726090254981226
2313.TW,2337.TW,2025-08-27,21.51183740739777,0.08340200377884602,2.7458428718079597
2313.TW,2337.TW,2025-08-28,22.916499466719237,0.6970325225472604,2.7662018898686203
2313.TW,2337.TW,2025-08-29,24.272740567747178,1.2294948629185978,2.7873951960072993
2313.TW,2337.TW,2025-09-01,19.118221530579397,-1.1540986725191118,2.8036836273941135
2313.TW,2337.TW,2025-09-02,18.09528486068828,-1.5016176675012003,2.818696545077888
2313.TW,2337.TW,2025-09-03,19.312509596363533,-0.9555712980552232,2.8344271349999772
2313.TW,2337.TW,2025-09-04,18.155887173931355,-1.4166738864800523,2.8491355469651904
2313.TW,2337.TW,2025-09-05,16.510156292178763,-1.9191725042748788,2.862667655741416
2313.TW,2337.TW,2025-09-08,15.14257161454588,-2.0511299483907055,2.875028440995294
2313.TW,2337.TW,2025-09-09,18.75195564351455,-0.7608329028563793,2.889650838447958
2313.TW,2337.TW,2025-09-10,17.502372165846467,-1.0835698751920937,2.903227544249333
2313.TW,2337.TW,2025-09-11,10.995071863601865,-2.661921776166464,2.912455411471215
2313.TW,2337.TW,2025-09-12,10.516876018544863,-2.3086507697515652,2.921240099488413
2313.TW,2337.TW,2025-09-15,7.999483029144457,-2.3853895759325945,2.9278591400915754
2313.TW,2337.TW,2025-09-16,7.100473830861247,-2.1441544882687626,2.933830502833295
2313.TW,2337.TW,2025-09-17,2.141094123311845,-2.459983268813011,2.935671725478035
2313.TW,2337.TW,2025-09-18,-4.0584799618794705,-2.6282545359436926,2.9319118362270644
2313.TW,2337.TW,2025-09-19,-5.952636398434748,-2.3034714451709015,2.9263702369832743
2313.TW,2337.TW,2025-09-22,1.51125675468856,-1.2939922701013136,2.9276560372733806
2313.TW,2337.TW,2025-09-23,-2.02862359273972,-1.4924538528318492,2.925924640276923
2313.TW,2337.TW,2025-09-24,-1.9107470746229325,-1.3258955355283795,2.9243592589067666
2313.TW,2337.TW,2025-09-25,-1.082152324299841,-1.1254383615483852,2.9235157295528125
2313.TW,2337.TW,2025-09-26,-0.04839318882449106,-0.9306218447473796,2.923480464603644
2313.TW,2337.TW,2025-09-30,-0.5476444306383996,-0.8929819338295946,2.9230760107958638
2313.TW,2337.TW,2025-10-01,-2.5088811570947485,-1.0100684033475724,2.9212230820069327
2313.TW,2337.TW,2025-10-02,-1.4601819793702049,-0.8086331726171448,2.9201785497976918
2313.TW,2337.TW,2025-10-03,1.2478810278544614,-0.41147405430172024,2.921061166762756
2313.TW,2337.TW,2025-10-07,0.9219976430205747,-0.3776998956686645,2.9217477999322243
2313.TW,2337.TW,2025-10-08,4.631831238771852,0.20992224157048922,2.9250997673664645
2313.TW,2337.TW,2025-10-09,5.589082520040122,0.520972373935422,2.9291658646832
2313.TW,2337.TW,2025-10-13,8.713292224033353,1.337505684799079,2.9352147073083326
2313.TW,2337.TW,2025-10-14,7.607637473549303,1.214698738119942,2.9401992759398876
2313.TW,2337.TW,2025-10-15,9.045645276872179,1.5822347306395161,2.9460769504778823
2313.TW,2337.TW,2025-10-16,8.231156122637898,1.3955645047061123,2.9515637728920283
2313.TW,2337.TW,2025-10-17,5.993591093081122,0.9301089448994563,2.9554546115904254
2313.TW,2337.TW,2025-10-20,-1.122118788869443,-0.606415762587982,2.954667150180337
2313.TW,2337.TW,2025-10-21,4.275162391885772,0.5065810157960958,2.9574935818483468
2313.TW,2337.TW,2025-10-22,6.676016191555988,0.9811817366768758,2.9617756269527846
2313.TW,2337.TW,2025-10-23,-1.4435208847651069,-0.956609543723122,2.9607919765611665
2313.TW,2337.TW,2025-10-27,-10.467027470240112,-2.5193547082374783,2.9531021771688737
2313.TW,2337.TW,2025-10-28,-21.76448243112486,-3.141777504448636,2.9359262197193154
2313.TW,2337.TW,2025-10-29,-26.46197309129252,-2.756121015224001,2.9144692828729593
2313.TW,2337.TW,2025-10-30,-14.489643665877637,-1.3524704688110902,2.904207302546525
2313.TW,2337.TW,2025-10-31,-4.093523967404295,-0.30200340396477343,2.90165732048472
2313.TW,2337.TW,2025-11-03,-3.208846871485619,-0.21079127535674888,2.8997106813220133
2313.TW,2337.TW,2025-11-04,-1.7330636724755095,-0.06338470192037295,2.898719564574464
2313.TW,2337.TW,2025-11-05,-7.174431075404357,-0.5561871399774851,2.894457434742157
2313.TW,2337.TW,2025-11-06,-16.76687865141308,-1.3416603358299293,2.8837027429827597
2313.TW,2337.TW,2025-11-07,-19.32903651828049,-1.4034201648798177,2.8712802047240475
2313.TW,2337.TW,2025-11-10,-25.492416059575348,-1.6956291992766017,2.854039816129719
2313.TW,2337.TW,2025-11-11,-30.216238452205047,-1.8114786180751674,2.8328870940552346
2313.TW,2337.TW,2025-11-12,-31.210783259022122,-1.6612563229542137,2.811378248348616
2313.TW,2337.TW,2025-11-13,-24.201168556678127,-1.0350978253127772,2.795838109561811
2313.TW,2337.TW,2025-11-14,-24.71335173502689,-0.9814803680463288,2.780679252450343
2313.TW,2337.TW,2025-11-17,-26.91368852518184,-1.057261318255546,2.7642339856296925
2313.TW,2337.TW,2025-11-18,-26.269235739260836,-0.9091345976358608,2.7489832574446162
2313.TW,2337.TW,2025-11-19,-23.064467226384366,-0.5696832631437138,2.7363012756172425
2313.TW,2337.TW,2025-11-20,-23.34687140505943,-0.5240661063414545,2.723304433837239
2313.TW,2337.TW,2025-11-21,-17.996811362611737,0.10341171323678772,2.714278303266939
2313.TW,2337.TW,2025-11-24,-15.386243419528185,0.42278478575938533,2.706827417562393
2313.TW,2337.TW,2025-11-25,-14.623130440991474,0.46612830979681685,2.699718520269341
2313.TW,2337.TW,2025-11-26,-7.189578695746377,1.1604133209399783,2.696441696398593
2313.TW,2337.TW,2025-11-27,-6.314019834293873,1.168770081397445,2.693529652755149
2313.TW,2337.TW,2025-11-28,-9.226923968856852,0.9206770901319755,2.6892845883865406
2313.TW,2337.TW,2025-12-01,-9.011367534968144,1.0194645278051497,2.6852278384207637
2313.TW,2337.TW,2025-12-02,-5.515047787417686,1.4933533982389335,2.682804698338844
2313.TW,2337.TW,2025-12-03,-4.173053562006359,1.5908969774360309,2.6810333774340176
2313.TW,2337.TW,2025-12-04,-5.064205830518802,1.348879022795036,2.6789042118239283
2313.TW,2337.TW,2025-12-05,-7.534812863006195,0.9891516518187434,2.6756805276885003
2313.TW,2337.TW,2025-12-08,-15.926038684308054,0.0508425993350057,2.6682910775674142
2313.TW,2337.TW,2025-12-09,-19.373794335777973,-0.4062310630751222,2.6590869477655406
2313.TW,2337.TW,2025-12-10,-15.552874213440163,-0.06130988599381438,2.6521501961587504
2313.TW,2337.TW,2025-12-11,-14.135245233899226,0.05689494840403811,2.6460405148704313
2313.TW,2337.TW,2025-12-12,-15.98555831809712,-0.257420707889783,2.638910774701893
2313.TW,2337.TW,2025-12-15,-9.880982127086128,0.5149151696031435,2.634588515672964
2313.TW,2337.TW,2025-12-16,-12.235182018561375,0.058422659301294706,2.629427647063377
2313.TW,2337.TW,2025-12-17,-4.956149062151695,1.2139853448151372,2.627338717316323
2313.TW,2337.TW,2025-12-18,-9.06570820552976,0.3923531837751978,2.6235419600939847
2313.TW,2337.TW,2025-12-19,-10.375557424215103,0.044329523704256836,2.619348690569375
2313.TW,2337.TW,2025-12-22,-6.37249942101495,0.8392201551533837,2.6166844853887836
2313.TW,2337.TW,2025-12-23,-0.24057964677038512,1.8894258357994393,2.6165865128676153
2313.TW,2337.TW,2025-12-24,-3.8327175598663388,1.0837756030962205,2.6150294673863566
2313.TW,2337.TW,2025-12-26,-4.611623509983318,0.8985553052384148,2.613170478856512
2313.TW,2337.TW,2025-12-29,-3.9872484905442462,0.9459025278666774,2.611628163554337
2313.TW,2337.TW,2025-12-30,-4.106330753995977,0.8576189440298513,2.6100357517538275
2313.TW,2337.TW,2025-12-31,-10.621744760342608,-0.3271676403098504,2.6058977499141815
2313.TW,2337.TW,2026-01-02,-18.952591443748986,-1.6668847271566707,2.5978941226055303
2313.TW,2337.TW,2026-01-05,-29.7728204303949,-2.6769187169423834,2.5843000226004147
2313.TW,2337.TW,2026-01-06,-32.11081161227571,-2.3678262364110023,2.5684935862338065
2313.TW,2337.TW,2026-01-07,-37.3978355445289,-2.385533053983099,2.548732573487892
2313.TW,2337.TW,2026-01-08,-55.39187863564197,-2.920864282720016,2.5174617397648285
2313.TW,2337.TW,2026-01-09,-31.48505870736693,-1.0969504960556982,2.5016270194280636
2313.TW,2337.TW,2026-01-12,-26.519299065476446,-0.6976174764817683,2.4879994508718584
2313.TW,2337.TW,2026-01-13,-17.32769952561108,-0.05963245772077219,2.4793923334259422
2313.TW,2337.TW,2026-01-14,-17.323142753253478,-0.03387238876463862,2.4711334001513996
2313.TW,2337.TW,2026-01-15,-12.97103844909148,0.2704672700768007,2.4649288761235724
2313.TW,2337.TW,2026-01-16,-23.750180138524883,-0.4178721783326134,2.4529607529274937
2313.TW,2337.TW,2026-01-19,-37.22552449754747,-1.2259234078832877,2.432956868447343
2313.TW,2337.TW,2026-01-20,-38.70730190287546,-1.1929052204438664,2.4120605498740546
2313.TW,2337.TW,2026-01-21,-32.54745055909896,-0.7077282567189004,2.395920328690771
2313.TW,2337.TW,2026-01-22,-21.14998611587353,0.1305533981363491,2.385761614706206
2313.TW,2337.TW,2026-01-23,3.861114737987407,1.7965041817615726,2.3874571844631753
2313.TW,2337.TW,2026-01-26,-6.4409772235104015,1.1118902924914311,2.384431165200824
2313.TW,2337.TW,2026-01-27,-13.880969325005822,0.6597389342014922,2.3781184562036857
2313.TW,2337.TW,2026-01-28,-24.047039785472265,0.010545237863905876,2.366462712269816
2313.TW,2337.TW,2026-01-29,-39.82539242941172,-1.0569802949880285,2.3460173057623512
2313.TW,2337.TW,2026-01-30,-48.164529323589335,-1.4815354887180407,2.3221570260474347
2313.TW,2337.TW,2026-02-02,-25.671804972143832,0.0867559620808687,2.3110121508278016
2313.TW,2337.TW,2026-02-03,-15.04031318322319,0.7654576206143784,2.304716747175718
2313.TW,2337.TW,2026-02-04,-16.01014615350573,0.6277556049087727,2.2978233240237396
2313.TW,2337.TW,2026-02-05,-26.75740542286883,-0.25890707702081184,2.286916321478053
2313.TW,2337.TW,2026-02-06,-14.068169951199877,0.6934627786719232,2.2818093497323453
2313.TW,2337.TW,2026-02-09,-30.76487484908077,-0.6288719523857029,2.2698420248187903
2313.TW,2337.TW,2026-02-10,-21.4524395207946,0.1319926479625619,2.2616727526872618
2313.TW,2337.TW,2026-02-11,-36.64888430669973,-0.9883863452478195,2.2467794322559143
2313.TW,2337.TW,2026-02-23,-28.35566059515841,-0.2820724090976441,2.2350909943901174
2313.TW,2337.TW,2026-02-24,-28.977177652761583,-0.3101423661219487,2.222476278921977
2313.TW,2337.TW,2026-02-25,-31.25729995727025,-0.5259612583015435,2.2100846198752597
2313.TW,2337.TW,2026-02-26,-38.96120459779152,-1.1505464968494918,2.194930961542423
2313.TW,2337.TW,2026-03-02,-30.911300052247384,-0.5048042340751998,2.182715969772876
2313.TW,2337.TW,2026-03-03,-5.609565099274903,1.4147344325439652,2.180797297040011
2313.TW,2337.TW,2026-03-04,-4.659005354568421,1.6276319647166788,2.179347225098434
2313.TW,2337.TW,2026-03-05,-30.221689959943433,-0.40830027908903094,2.169283230550346
2313.TW,2337.TW,2026-03-06,-20.701631600076126,0.4671964120890652,2.1629037443643098
2313.TW,2337.TW,2026-03-09,-17.993409725624872,0.6750146399289415,2.1580372568663395
2313.TW,2337.TW,2026-03-10,-6.4665772189341055,1.5159866093060694,2.1563512153819477
2313.TW,2337.TW,2026-03-11,-12.647059641519775,0.9271167396087554,2.1527903307127048
2313.TW,2337.TW,2026-03-12,-14.702512756224792,0.6671279223388149,2.1487690127581893
2313.TW,2337.TW,2026-03-13,-22.99683915525617,-0.0965424139924288,2.1420178181702036
2313.TW,2337.TW,2026-03-16,-34.78244785084573,-1.1251845262033648,2.1310988357099037
2313.TW,2337.TW,2026-03-17,-42.108146334893604,-1.6220884530296236,2.1170378911632772
2313.TW,2337.TW,2026-03-18,-72.38699749961171,-2.957129588933636,2.091403896651802
2313.TW,2337.TW,2026-03-19,-101.16150564899533,-3.1205217684600868,2.0538543345664015
2313.TW,2337.TW,2026-03-20,-102.88261914128014,-2.4666336933953805,2.0168191268961846
2313.TW,2337.TW,2026-03-23,-81.76565767441463,-1.5196517522990827,1.990796858287304
2313.TW,2337.TW,2026-03-24,-61.93226287671661,-0.7856645812789396,1.9733633836335123
2313.TW,2337.TW,2026-03-25,-50.4517735306037,-0.37035121626457373,1.9590227831022928
2313.TW,2337.TW,2026-03-26,-7.441944605808828,0.9842161393070361,1.9571749307735309
2313.TW,2337.TW,2026-03-27,22.034972338923495,1.6840721025571175,1.962396979101112
2313.TW,2337.TW,2026-03-30,8.944704781416533,1.1895661176782593,1.9645232948595388
2313.TW,2337.TW,2026-03-31,18.207715732238,1.366198899174362,1.968346816788321
2313.TW,2337.TW,2026-04-01,13.01801065407443,1.171725003591131,1.971307667862849
2313.TW,2337.TW,2026-04-02,3.0456112881866204,0.8442672971882517,1.9719977349117075
2313.TW,2337.TW,2026-04-07,3.0109033059532067,0.7989865132389341,1.9727055969172382
2313.TW,2337.TW,2026-04-08,-23.711971372745893,0.1196191639079369,1.9667138423547643
2313.TW,2337.TW,2026-04-09,-0.5346287456580399,0.7050202877757598,1.9665894231098278
2313.TW,2337.TW,2026-04-10,-3.8151194499254757,0.6060792085838215,1.965696953370637
2313.TW,2337.TW,2026-04-13,-13.243605142670617,0.36392989766399436,1.9626395436049704
2313.TW,2337.TW,2026-04-14,-48.44103065784674,-0.4959795829510832,1.9511191203315605
2313.TW,2337.TW,2026-04-15,-16.16921471279204,0.29572392585227647,1.9476964875790812
2313.TW,2337.TW,2026-04-16,-12.930982074715985,0.3407416669682236,1.9450669148669988
2313.TW,2337.TW,2026-04-17,4.01558761895609,0.6893567058724692,1.9458236635868094
2313.TW,2337.TW,2026-04-20,13.281538530988428,0.8707740053298668,1.9480958159302697
2313.TW,2337.TW,2026-04-21,-5.987222790871044,0.21509331288711533,1.9469797539272695
2313.TW,2337.TW,2026-04-22,-16.882985096609275,-0.3521214562213354,1.943826249847002
2313.TW,2337.TW,2026-04-23,-24.094358130757882,-0.8736646587620466,1.9396655194064365
2313.TW,2337.TW,2026-04-24,-42.6449582172348,-1.9194595454960808,1.9320260229081472
2313.TW,2337.TW,2026-04-27,-45.680106550016546,-1.7941264969381423,1.9231398444720968
2313.TW,2337.TW,2026-04-28,-67.3426671135569,-2.334507185586442,1.9089551615416969
2313.TW,2337.TW,2026-04-29,-87.8953433961114,-2.495785185557944,1.8899688926109777
2313.TW,2337.TW,2026-04-30,-47.543407012761065,-0.9634177504526447,1.8807125063797898
2313.TW,2337.TW,2026-05-04,-24.008204654901363,-0.04289840174824024,1.8761009735071488
2313.TW,2337.TW,2026-05-05,-28.42825793351915,-0.15511549939477684,1.8705197449615678
2313.TW,2337.TW,2026-05-06,-71.65021214034834,-1.619962968653052,1.8557106996429682
2313.TW,2337.TW,2026-05-07,-56.431323783873495,-0.9665116192390548,1.844791979154911
2313.TW,2337.TW,2026-05-08,-30.432369971986702,0.03315749752203987,1.839410699431388
2313.TW,2337.TW,2026-05-11,-52.25796165129748,-0.7062400818164658,1.8298994943054994
2313.TW,2337.TW,2026-05-12,-21.963052449761676,0.47084053686447375,1.8261200754350233
2313.TW,2337.TW,2026-05-13,-69.93360816335814,-1.2854986113070748,1.813059302247714
2313.TW,2337.TW,2026-05-14,-61.41231339992828,-0.8789339087761369,1.8017086386575822
2313.TW,2337.TW,2026-05-15,-57.955285408052646,-0.6759747879963586,1.7915720388091703
2313.TW,2337.TW,2026-05-18,-29.408520399642384,0.480547400620811,1.7865731041823354
2313.TW,2337.TW,2026-05-19,-3.712888262532374,1.655608547885002,1.7860116794557914
2313.TW,2337.TW,2026-05-20,0.641706534822589,1.7836325028457503,1.7861060956085277
2313.TW,2337.TW,2026-05-21,3.539049148258954,1.750984818807247,1.7866241103389768
2313.TW,2337.TW,2026-05-22,7.971287631559619,1.7233794262747655,1.7878550341325445
2313.TW,2337.TW,2026-05-25,22.371826859243015,1.9044529518927706,1.791353415062341
2313.TW,2337.TW,2026-05-26,-5.6721387329461095,0.9066458317610834,1.7904272616855093
2313.TW,2337.TW,2026-05-27,0.7855554823783564,1.0073798890727739,1.7905502894270284
2313.TW,2337.TW,2026-05-28,-29.29564030982408,-0.05522555018674785,1.7858676036209706
2313.TW,2337.TW,2026-05-29,-15.237368022764542,0.39018678856512756,1.783356184926983
2313.TW,2337.TW,2026-06-01,-18.974710031606605,0.24684488671317625,1.7802437941485842
2313.TW,2337.TW,2026-06-02,-40.717682075179994,-0.5057238698125339,1.7733201257845015
2313.TW,2337.TW,2026-06-03,-20.268994725120933,0.1399908195575075,1.7701789797846972
2313.TW,2337.TW,2026-06-04,-11.271035914789536,0.4149249927478257,1.7685050218197416
2313.TW,2337.TW,2026-06-05,-6.145330265689438,0.5679455636122777,1.7676355351045963
2313.TW,2337.TW,2026-06-08,-1.6242769443906866,0.6691510357623698,1.7674165640724089
2313.TW,2337.TW,2026-06-09,18.474257247807827,1.3406033214502486,1.7699363763037264
2313.TW,2337.TW,2026-06-10,19.722512916807858,1.3286121102672552,1.7724258302458678
2313.TW,2337.TW,2026-06-11,26.376931640190094,1.536682019765617,1.775879059712928
2313.TW,2337.TW,2026-06-12,2.7780238317557746,0.3715673305269756,1.7762592229914282
2313.TW,2337.TW,2026-06-15,-25.800419567069014,-1.225634591741022,1.7724377419091408
2313.TW,2337.TW,2026-06-16,-46.35489628462619,-1.9898056619396685,1.765291367072877
2313.TW,2337.TW,2026-06-17,-22.085688996146757,-0.7302516939173012,1.762015017487751
2313.TW,2337.TW,2026-06-18,-38.764210884809586,-1.3716889286396077,1.7560346546554007
2313.TW,2337.TW,2026-06-22,-64.24276244593005,-2.1085667524740996,1.7452440024039355
2313.TW,2337.TW,2026-06-23,-55.708700118937315,-1.5780039004669815,1.7366784890635891
2313.TW,2337.TW,2026-06-24,-57.20801078803993,-1.4502680283920155,1.7279535510932555
2313.TW,2337.TW,2026-06-25,-45.03111423077519,-0.8917610924733844,1.721554886877865
2313.TW,2337.TW,2026-06-26,-55.958381920101544,-1.2074939150907558,1.7135900425852404
2313.TW,2337.TW,2026-06-29,-49.519329882326474,-0.8913635065862301,1.7067465607717758
2337.TW,3105.TWO,2025-07-28,-2.368278231424025,-2.4340924679527984,0.24306351071085106
2337.TW,3105.TWO,2025-07-29,-1.7095138128299467,-1.3391986393895492,0.24202988353073152
2337.TW,3105.TWO,2025-07-30,-1.4408970347549293,-0.812956367549482,0.24120212247909156
2337.TW,3105.TWO,2025-07-31,-1.6311694636651985,-1.0311855063883866,0.24032146235550816
2337.TW,3105.TWO,2025-08-04,-1.9268821509919682,-1.3632332126026594,0.2393274910329499
2337.TW,3105.TWO,2025-08-05,-1.7929478564924288,-1.0507358533617825,0.23843023109340525
2337.TW,3105.TWO,2025-08-06,-1.763492590276769,-0.9066087218649624,0.23759188327064043
2337.TW,3105.TWO,2025-08-07,-2.306931244604794,-1.6281792160451056,0.23649731346558597
2337.TW,3105.TWO,2025-08-08,-1.2717699714070498,0.1757480126052546,0.23592086064151274
2337.TW,3105.TWO,2025-08-11,-1.1609012352449888,0.46362356329088084,0.23541408063356556
2337.TW,3105.TWO,2025-08-12,-0.7436398783552711,1.509949301842697,0.23510124742913313
2337.TW,3105.TWO,2025-08-13,-0.9377136941496182,1.1072186313270604,0.23471147879676552
2337.TW,3105.TWO,2025-08-14,-1.2782464327882757,0.3262476622459753,0.23418125930334668
2337.TW,3105.TWO,2025-08-15,-0.9097370096679072,1.0978168608891408,0.233817922218936
2337.TW,3105.TWO,2025-08-18,-2.7452502714842453,-2.3011332892209255,0.2326443821468762
2337.TW,3105.TWO,2025-08-19,-2.1022616435975294,-1.0134921332353692,0.23180422903503745
2337.TW,3105.TWO,2025-08-20,-1.8731430952049877,-0.5278407723702033,0.2311008476567876
2337.TW,3105.TWO,2025-08-21,-0.926079411522398,1.2226523184630256,0.23075875334431256
2337.TW,3105.TWO,2025-08-22,-1.0177797886926605,1.007874732446498,0.23039677764854768
2337.TW,3105.TWO,2025-08-25,-1.4711763844616002,0.17715489718220107,0.22986557919785025
2337.TW,3105.TWO,2025-08-26,-1.2128409773680708,0.5700789672565905,0.2294395745138021
2337.TW,3105.TWO,2025-08-27,-1.131612723735735,0.664504631333403,0.22904747331400524
2337.TW,3105.TWO,2025-08-28,-1.3434052074893188,0.2534515619553946,0.2285934671698315
2337.TW,3105.TWO,2025-08-29,-0.9727296408937249,0.8754582676679094,0.22827694365867962
2337.TW,3105.TWO,2025-09-01,-0.6939056248016122,1.250016226700844,0.2280599172726782
2337.TW,3105.TWO,2025-09-02,-0.582922269908952,1.2975817362288145,0.22788344091528914
2337.TW,3105.TWO,2025-09-03,-0.7709732120078883,0.8762025483313686,0.22765210913403533
2337.TW,3105.TWO,2025-09-04,-0.5341568113310515,1.202702863341779,0.22749463499424744
2337.TW,3105.TWO,2025-09-05,0.015441862774352444,1.8842211316494444,0.2274991157192124
2337.TW,3105.TWO,2025-09-08,-0.07245787916286872,1.536606937999524,0.2274780657866861
2337.TW,3105.TWO,2025-09-09,-0.5451122889250719,0.7815761112863715,0.22732300392178828
2337.TW,3105.TWO,2025-09-10,-0.18208968155155603,1.2264404016404742,0.22727235744624671
2337.TW,3105.TWO,2025-09-11,2.4404766352781593,3.188051144470863,0.22791961889760573
2337.TW,3105.TWO,2025-09-12,2.0995256698213183,2.28457862464358,0.22848626401320085
2337.TW,3105.TWO,2025-09-15,2.268168446871762,2.101608220512538,0.2290899954330622
2337.TW,3105.TWO,2025-09-16,2.2805202873167367,1.838001479102086,0.229710935159939
2337.TW,3105.TWO,2025-09-17,3.335673304003823,2.174939347082524,0.2306012326909003
2337.TW,3105.TWO,2025-09-18,4.854878137196707,2.463713400351835,0.23192901405030003
2337.TW,3105.TWO,2025-09-19,5.53541654683325,2.2771911211602522,0.23342023219730026
2337.TW,3105.TWO,2025-09-22,3.463137285507827,1.178980202939118,0.23435027535917932
2337.TW,3105.TWO,2025-09-23,4.148301132715591,1.338225556852585,0.23544257745935177
2337.TW,3105.TWO,2025-09-24,3.8362742357457016,1.0827815916238472,0.23642755078627573
2337.TW,3105.TWO,2025-09-25,2.4821275310438153,0.4036828196661626,0.237072682986764
2337.TW,3105.TWO,2025-09-26,2.594198763620607,0.3872498834963032,0.2376990414626303
2337.TW,3105.TWO,2025-09-30,2.9930391619272427,0.5093192827398804,0.2384244982156302
2337.TW,3105.TWO,2025-10-01,3.48516662172862,0.6787342612378192,0.23925684595457458
2337.TW,3105.TWO,2025-10-02,2.9041674219085145,0.2988642270728138,0.23994954779544891
2337.TW,3105.TWO,2025-10-03,2.9416241307331106,0.2405066483124555,0.24064649687231734
2337.TW,3105.TWO,2025-10-07,4.380163911905992,1.0181936971118115,0.2416874804700899
2337.TW,3105.TWO,2025-10-08,2.951177576955523,0.026233557520333847,0.24241655655329467
2337.TW,3105.TWO,2025-10-09,2.9236185133368267,-0.1369708277468343,0.24314920772065304
2337.TW,3105.TWO,2025-10-13,3.11880310355912,-0.14618926554809408,0.24388989398066677
2337.TW,3105.TWO,2025-10-14,2.8582743362550076,-0.4630695008763804,0.24453837931061836
2337.TW,3105.TWO,2025-10-15,2.4202750133852824,-0.9919604079687807,0.2450975045845713
2337.TW,3105.TWO,2025-10-16,3.372548733731616,0.03394471941812286,0.24587282327432397
2337.TW,3105.TWO,2025-10-17,3.4413479666639297,0.04893156076784833,0.2466447559923545
2337.TW,3105.TWO,2025-10-20,5.81990125417315,2.368879639342043,0.24794947107212795
2337.TW,3105.TWO,2025-10-21,3.4780528773323134,0.02255858297608134,0.24876031237132012
2337.TW,3105.TWO,2025-10-22,3.0576769529262755,-0.35468671780309713,0.24946702476487753
2337.TW,3105.TWO,2025-10-23,5.581792338897216,2.312777017902416,0.2507259742310569
2337.TW,3105.TWO,2025-10-27,7.629689026220603,3.0589034571471374,0.2524880958754154
2337.TW,3105.TWO,2025-10-28,11.05836035921676,3.3388975409994566,0.25498328279049204
2337.TW,3105.TWO,2025-10-29,12.568497008882119,2.85951184003523,0.257826340088468
2337.TW,3105.TWO,2025-10-30,9.342306355009214,1.5135998383719684,0.25985716340466675
2337.TW,3105.TWO,2025-10-31,3.2983715440274857,-0.5142998589735488,0.2606405860176904
2337.TW,3105.TWO,2025-11-03,0.3135856854092083,-1.3897433960121504,0.260721531900792
2337.TW,3105.TWO,2025-11-04,-2.1642686467879813,-1.8952311934488004,0.26014759318764913
2337.TW,3105.TWO,2025-11-05,-1.9983845973704817,-1.6459288155088008,0.2596008084758775
2337.TW,3105.TWO,2025-11-06,1.8173449100377326,-0.5883421030841772,0.26007752707040127
2337.TW,3105.TWO,2025-11-07,3.9255172573246107,-0.044388515362592855,0.26104646788017366
2337.TW,3105.TWO,2025-11-10,6.3887015348744605,0.5585288842581225,0.2626033326244701
2337.TW,3105.TWO,2025-11-11,8.057851412867251,0.9133155885609601,0.2645672156104109
2337.TW,3105.TWO,2025-11-12,8.006389765947446,0.8221229012292698,0.26651033240717414
2337.TW,3105.TWO,2025-11-13,4.388478656070923,-0.12331441765037887,0.2676179837139135
2337.TW,3105.TWO,2025-11-14,5.907525452020941,0.23444902606682963,0.26897939854624675
2337.TW,3105.TWO,2025-11-17,5.642297444995457,0.13847419605364167,0.27029928177257045
2337.TW,3105.TWO,2025-11-18,5.341454566926892,0.06702904963997501,0.27150039461304215
2337.TW,3105.TWO,2025-11-19,4.51634804996046,-0.16025092698742574,0.27249038428506484
2337.TW,3105.TWO,2025-11-20,5.258822951060438,0.003868374352084609,0.273644340712977
2337.TW,3105.TWO,2025-11-21,4.158790110165587,-0.2648009647229577,0.2744927489666446
2337.TW,3105.TWO,2025-11-24,0.48874265762525226,-1.1037530715100154,0.2746018775691211
2337.TW,3105.TWO,2025-11-25,-2.0753482533601613,-1.5905802036843326,0.27409720930308373
2337.TW,3105.TWO,2025-11-26,-2.951954036273463,-1.7134884894025069,0.2734021515826831
2337.TW,3105.TWO,2025-11-27,-1.644582915868078,-1.2511122568755342,0.27302376546323315
2337.TW,3105.TWO,2025-11-28,-4.614458894325423,-1.788103269473719,0.27186799653365007
2337.TW,3105.TWO,2025-12-01,-4.18031161391184,-1.5252959810172344,0.2708517970970953
2337.TW,3105.TWO,2025-12-02,-6.958884588659721,-1.9525032606302017,0.26906544101062185
2337.TW,3105.TWO,2025-12-03,-6.102887550337236,-1.6241335758590416,0.2675777134576225
2337.TW,3105.TWO,2025-12-04,-5.290229740966147,-1.3151905274391416,0.2663242632721287
2337.TW,3105.TWO,2025-12-05,-5.041076286282603,-1.1426445231096554,0.26511658551912193
2337.TW,3105.TWO,2025-12-08,-2.7767753404514934,-0.6366732920935207,0.26444049922738594
2337.TW,3105.TWO,2025-12-09,-5.007373662392588,-0.9771450176042122,0.26312112830311163
2337.TW,3105.TWO,2025-12-10,-7.9629722457723915,-1.4388172964903976,0.2609935926445591
2337.TW,3105.TWO,2025-12-11,-8.316649443088657,-1.3546433096172024,0.25881578584872617
2337.TW,3105.TWO,2025-12-12,-8.398276624359738,-1.2539494393266264,0.25655849289110316
2337.TW,3105.TWO,2025-12-15,-8.400063892222988,-1.1567569501682573,0.2543432547235548
2337.TW,3105.TWO,2025-12-16,-5.0746357317472075,-0.3658151738536748,0.2531465763437988
2337.TW,3105.TWO,2025-12-17,-4.644526860015155,-0.17513586760721506,0.2520607678400148
2337.TW,3105.TWO,2025-12-18,-4.182756091952079,0.08491281555046784,0.25109666544012255
2337.TW,3105.TWO,2025-12-19,-6.109376744600944,-0.47692401909745075,0.24966173938491998
2337.TW,3105.TWO,2025-12-22,-8.14247787911092,-1.2874758076274933,0.2475934364298869
2337.TW,3105.TWO,2025-12-23,-7.624945705859069,-0.9579428400160808,0.24572281233697507
2337.TW,3105.TWO,2025-12-24,-6.749238947766294,-0.45598807615232767,0.24410242461138607
2337.TW,3105.TWO,2025-12-26,-6.569056585683768,-0.274931987332372,0.24254018804227984
2337.TW,3105.TWO,2025-12-29,-5.810054620146708,0.21715486214918894,0.24122822354607087
2337.TW,3105.TWO,2025-12-30,-5.463685304090987,0.4837646129622066,0.23999707126241968
2337.TW,3105.TWO,2025-12-31,-4.120480806844363,1.1975218128247125,0.23909045596330544
2337.TW,3105.TWO,2026-01-02,0.7051294962911641,2.8832008096790527,0.23924050907398842
2337.TW,3105.TWO,2026-01-05,3.8989715447139517,2.953782239070099,0.24008120475572878
2337.TW,3105.TWO,2026-01-06,8.09165045098677,2.9469736814580134,0.24181805702802245
2337.TW,3105.TWO,2026-01-07,12.319700422445791,2.8201643662778895,0.2444653319030799
2337.TW,3105.TWO,2026-01-08,14.57260868134611,2.47508837051791,0.2477576206581044
2337.TW,3105.TWO,2026-01-09,4.6405583304946205,0.9670050895102074,0.2488910089563394
2337.TW,3105.TWO,2026-01-12,3.256578342781097,0.6969174851508556,0.24972911225271832
2337.TW,3105.TWO,2026-01-13,8.285124958925266,1.2613660848085217,0.2515997511190004
2337.TW,3105.TWO,2026-01-14,5.821845768364156,0.8327555134797322,0.2529290572927545
2337.TW,3105.TWO,2026-01-15,5.693288627298756,0.7381656340405793,0.25424719696295583
2337.TW,3105.TWO,2026-01-16,11.136731545538133,1.3345788175292783,0.2567413693619251
2337.TW,3105.TWO,2026-01-19,18.402973204734444,1.9458789364882068,0.26070124851830223
2337.TW,3105.TWO,2026-01-20,16.997141517262527,1.566543491713923,0.2645556657763644
2337.TW,3105.TWO,2026-01-21,14.132496450045664,1.1242446202776066,0.26764014348102017
2337.TW,3105.TWO,2026-01-22,10.350767127887934,0.6030591421055667,0.2699963620691691
2337.TW,3105.TWO,2026-01-23,6.974011615258711,0.1070533720959117,0.27153088324549346
2337.TW,3105.TWO,2026-01-26,12.296323629134179,0.7372792080286552,0.274240069835831
2337.TW,3105.TWO,2026-01-27,9.855449466144933,0.3085951287413031,0.27644526368691064
2337.TW,3105.TWO,2026-01-28,12.045769316459612,0.5870364357886231,0.27928574503787446
2337.TW,3105.TWO,2026-01-29,22.744990178949536,2.275733247406431,0.2842710985190298
2337.TW,3105.TWO,2026-01-30,25.200114842066967,2.2927079421506207,0.28948367204091896
2337.TW,3105.TWO,2026-02-02,20.089529634753262,1.3060130337141571,0.29337412701702387
2337.TW,3105.TWO,2026-02-03,14.694190411936816,0.3679342059636958,0.2964021720271
2337.TW,3105.TWO,2026-02-04,14.66859833853293,0.34309581446824156,0.29958909882363405
2337.TW,3105.TWO,2026-02-05,15.53990329507667,0.4775072574880784,0.30276723302373126
2337.TW,3105.TWO,2026-02-06,14.050815714179109,0.1625953703439902,0.30537424364415866
2337.TW,3105.TWO,2026-02-09,16.122201237319103,0.44511935761509935,0.3085969268614916
2337.TW,3105.TWO,2026-02-10,10.509465015871854,-0.6431012378587987,0.3108526388838056
2337.TW,3105.TWO,2026-02-11,21.28625373828396,1.3008087472074765,0.31519583883594665
2337.TW,3105.TWO,2026-02-23,17.544435759248458,0.49331691825403245,0.31910064354386336
2337.TW,3105.TWO,2026-02-24,17.702372500205186,0.4641609700492987,0.3233618229003454
2337.TW,3105.TWO,2026-02-25,3.9885908714510947,-2.074071698592822,0.3243740217920496
2337.TW,3105.TWO,2026-02-26,0.7549105821626796,-2.185754254414778,0.3245683692536344
2337.TW,3105.TWO,2026-03-02,8.197505360519955,-0.8909747987275058,0.3265624269651339
2337.TW,3105.TWO,2026-03-03,-1.4078180169561278,-2.06469039495609,0.3262356068865085
2337.TW,3105.TWO,2026-03-04,2.501337281311592,-1.4233706113837594,0.32674587936287447
2337.TW,3105.TWO,2026-03-05,9.311550680890406,-0.46971709855752924,0.3286700402204315
2337.TW,3105.TWO,2026-03-06,4.528602109960943,-1.0538796105971535,0.3295914412337497
2337.TW,3105.TWO,2026-03-09,3.824671282328765,-1.0582526532300698,0.330286525885923
2337.TW,3105.TWO,2026-03-10,1.179137332076479,-1.268526321681272,0.3305036883581339
2337.TW,3105.TWO,2026-03-11,1.219302707539569,-1.1801085462884582,0.3307507893221141
2337.TW,3105.TWO,2026-03-12,-1.8355447593735903,-1.4445994820662122,0.33037268504693246
2337.TW,3105.TWO,2026-03-13,5.189263967933016,-0.42391171272361,0.33145309070264767
2337.TW,3105.TWO,2026-03-16,17.754140002093266,1.2675503276489009,0.33499594893867646
2337.TW,3105.TWO,2026-03-17,30.861458635856295,2.460867708973408,0.3409103529791125
2337.TW,3105.TWO,2026-03-18,31.867186863259136,2.1515838658984965,0.3476026875245083
2337.TW,3105.TWO,2026-03-19,31.737024979161745,1.869937352388777,0.3548358098499875
2337.TW,3105.TWO,2026-03-20,35.79845889100913,1.897103941875662,0.3625680131095809
2337.TW,3105.TWO,2026-03-23,32.769543265058616,1.524541352920774,0.3689419673837745
2337.TW,3105.TWO,2026-03-24,20.11050364969192,0.5518135723136985,0.37281829641648334
2337.TW,3105.TWO,2026-03-25,13.149190400051964,0.04352347114092184,0.37559420871430554
2337.TW,3105.TWO,2026-03-26,-5.6501622583077165,-1.2960092865179202,0.3743702024042233
2337.TW,3105.TWO,2026-03-27,-16.1963586484014,-1.8416428082787848,0.3706918332569245
2337.TW,3105.TWO,2026-03-30,-14.843631991933563,-1.5586594545478307,0.36733373282317777
2337.TW,3105.TWO,2026-03-31,-12.227064122929264,-1.3135444295591212,0.3649039563237681
2337.TW,3105.TWO,2026-04-01,-9.091011536090235,-1.0603001104654766,0.3629822677613477
2337.TW,3105.TWO,2026-04-02,-6.411080407952596,-0.8399477435516924,0.36164904773115014
2337.TW,3105.TWO,2026-04-07,-9.242861099647484,-0.9405217333188122,0.3595951615857064
2337.TW,3105.TWO,2026-04-08,-6.854541042076164,-0.7645732014669397,0.3579854396820771
2337.TW,3105.TWO,2026-04-09,-12.231948374560972,-0.9990928648670568,0.35522932580901156
2337.TW,3105.TWO,2026-04-10,-16.369368154948205,-1.1344941195295901,0.35140430472505746
2337.TW,3105.TWO,2026-04-13,-11.589836149543856,-0.8462845997598113,0.34881720922105813
2337.TW,3105.TWO,2026-04-14,-2.9508421390417254,-0.38123066356394847,0.3481763765388951
2337.TW,3105.TWO,2026-04-15,-11.7269458371226,-0.7515446238698027,0.3457399010020961
2337.TW,3105.TWO,2026-04-16,-26.916919595216086,-1.3814061546731116,0.33968206220804736
2337.TW,3105.TWO,2026-04-17,-45.45433157097,-2.025077969415905,0.32874905856075165
2337.TW,3105.TWO,2026-04-20,-63.77689459960277,-2.41382689766856,0.3125864324112389
2337.TW,3105.TWO,2026-04-21,-51.62658367610695,-1.7350227672618665,0.29967622205972744
2337.TW,3105.TWO,2026-04-22,-39.160063657079064,-1.1179394542771617,0.29064956470265024
2337.TW,3105.TWO,2026-04-23,-32.340529971813254,-0.7108310799930038,0.283938997669626
2337.TW,3105.TWO,2026-04-24,-20.44187621047169,0.01837303987331119,0.2798581104741828
2337.TW,3105.TWO,2026-04-27,7.123654103677836,1.5247169975852093,0.28112823985755736
2337.TW,3105.TWO,2026-04-28,18.025831667719558,1.8403762960699823,0.28442162121959413
2337.TW,3105.TWO,2026-04-29,22.718777790118082,1.7979095669534084,0.2886204186505853
2337.TW,3105.TWO,2026-04-30,-0.04816546864765314,0.7173628910563526,0.28861086954474097
2337.TW,3105.TWO,2026-05-04,3.5446534165974697,0.8367463281920637,0.2892931741992341
2337.TW,3105.TWO,2026-05-05,0.5520014560555921,0.6823119616028958,0.28940550872908316
2337.TW,3105.TWO,2026-05-06,25.593262960585264,1.5875917900627736,0.29404379538651576
2337.TW,3105.TWO,2026-05-07,16.584900944013555,1.130804689236696,0.29707319486046346
2337.TW,3105.TWO,2026-05-08,6.70782853318957,0.6935490255091169,0.29828800873741057
2337.TW,3105.TWO,2026-05-11,2.95525863201766,0.5065012681193293,0.29886407100656587
2337.TW,3105.TWO,2026-05-12,0.5671919759339801,0.38876791078295686,0.2989712618572983
2337.TW,3105.TWO,2026-05-13,18.782616777713372,1.0210425619227943,0.3024104000435837
2337.TW,3105.TWO,2026-05-14,21.532781765456434,1.0305807845481711,0.306280925932328
2337.TW,3105.TWO,2026-05-15,21.00846605963946,0.9162274451677608,0.309893219868623
2337.TW,3105.TWO,2026-05-18,19.479011796549912,0.780238423443596,0.3132328882095934
2337.TW,3105.TWO,2026-05-19,1.4881946814575144,-0.03035117621540144,0.313495293783037
2337.TW,3105.TWO,2026-05-20,1.4942073466963564,-0.18549224886161025,0.3137557874354433
2337.TW,3105.TWO,2026-05-21,-9.076600546435117,-1.0253824660517328,0.31202314505043527
2337.TW,3105.TWO,2026-05-22,-13.945028102813495,-1.6371868935613385,0.30909940811885267
2337.TW,3105.TWO,2026-05-25,-13.140561268295556,-1.700541709089798,0.3063287880267302
2337.TW,3105.TWO,2026-05-26,-9.76499881862918,-1.2905471339155332,0.30423560371248526
2337.TW,3105.TWO,2026-05-27,-12.680358648640492,-1.3547970097682769,0.3015839499268688
2337.TW,3105.TWO,2026-05-28,1.2976314027803255,-0.22664753636820067,0.3018355916540385
2337.TW,3105.TWO,2026-05-29,7.353530792517148,0.22605952873578083,0.3032545553788733
2337.TW,3105.TWO,2026-06-01,6.757039482442423,0.16562894359657,0.3045629364924875
2337.TW,3105.TWO,2026-06-02,16.48246472149151,0.8611081095072903,0.3076795431405045
2337.TW,3105.TWO,2026-06-03,3.8382711950105204,-0.04613035395308981,0.3084005525457676
2337.TW,3105.TWO,2026-06-04,6.243633127705692,0.20583029619206356,0.30951323271187453
2337.TW,3105.TWO,2026-06-05,0.899193731632181,-0.23229279501059047,0.3096737942699939
2337.TW,3105.TWO,2026-06-08,3.9669760695636,0.029286868147673423,0.31034174911807894
2337.TW,3105.TWO,2026-06-09,-7.2632436421709485,-0.8918907534432486,0.3089730339554066
2337.TW,3105.TWO,2026-06-10,-11.110411702541029,-1.108767738733678,0.30695464643390974
2337.TW,3105.TWO,2026-06-11,-7.160709894723084,-0.694141524410736,0.3056297194075246
2337.TW,3105.TWO,2026-06-12,-7.140409457568296,-0.6229045484634561,0.30423843456944216
2337.TW,3105.TWO,2026-06-15,3.21187896035687,0.603669718817278,0.3048691214083036
2337.TW,3105.TWO,2026-06-16,14.822526942386986,1.735507183634811,0.30766221715540165
2337.TW,3105.TWO,2026-06-17,1.652906999781436,0.31213619840089274,0.3079905452798046
2337.TW,3105.TWO,2026-06-18,5.769817862737796,0.681421789235571,0.3091480722296633
2337.TW,3105.TWO,2026-06-22,16.439098848100343,1.6462632590347421,0.31249704464306777
2337.TW,3105.TWO,2026-06-23,8.059237621689562,0.6742440185979589,0.3140627631768399
2337.TW,3105.TWO,2026-06-24,20.16877681001148,1.788643476124222,0.3176385422384697
2337.TW,3105.TWO,2026-06-25,13.359611736575346,0.9766228478671283,0.3199576420376342
2337.TW,3105.TWO,2026-06-26,25.12164195871796,1.9570290965877108,0.32400556141811804
2337.TW,3105.TWO,2026-06-29,23.461628711499543,1.581969984347243,0.3277630371080108
2356.TW,2492.TW,2025-07-28,-0.36766053104009444,0.018162115760654948,0.49966225705148865
2356.TW,2492.TW,2025-07-29,-0.19327840491489212,0.24260538358948697,0.49939500987389474
2356.TW,2492.TW,2025-07-30,-0.09508344732790874,0.4104986281840202,0.499263385669482
2356.TW,2492.TW,2025-07-31,0.8430507876049091,1.3922415539759327,0.5004019376173566
2356.TW,2492.TW,2025-08-04,-0.026964702683592634,0.475253852414404,0.5003656120686782
2356.TW,2492.TW,2025-08-05,-0.04452144763415333,0.48872093139534023,0.5003046298835603
2356.TW,2492.TW,2025-08-06,-0.11602021420389974,0.40285583344018233,0.5001483473977444
2356.TW,2492.TW,2025-08-07,0.47114058748096,1.1018573426828742,0.5007751253593072
2356.TW,2492.TW,2025-08-08,0.9142233069029757,1.4643591276531247,0.5019360752448759
2356.TW,2492.TW,2025-08-11,1.191183510271273,1.5821342991772172,0.5034467561851743
2356.TW,2492.TW,2025-08-12,0.5126947929040213,0.8342419179396988,0.5041002019202715
2356.TW,2492.TW,2025-08-13,-0.02900603180027872,0.36737754668128175,0.5040626669066864
2356.TW,2492.TW,2025-08-14,-0.06703786472296258,0.27701220537682075,0.5039757964429111
2356.TW,2492.TW,2025-08-15,-0.5868549438844042,-0.3624418096489823,0.5032126002751117
2356.TW,2492.TW,2025-08-18,-0.41065945380474034,-0.18355082893848523,0.5026716770334766
2356.TW,2492.TW,2025-08-19,-0.7560285503862474,-0.6864635904762846,0.501683696476865
2356.TW,2492.TW,2025-08-20,0.3023908641928088,0.5527218053615222,0.502071841953346
2356.TW,2492.TW,2025-08-21,-0.8467398533742809,-1.2128517747415186,0.5009532952377559
2356.TW,2492.TW,2025-08-22,-1.0337773793502691,-1.6726976795892396,0.49957743072373345
2356.TW,2492.TW,2025-08-25,-0.8901005677645628,-1.333952951149724,0.4983927642636011
2356.TW,2492.TW,2025-08-26,-0.0958639576339877,-0.07778460713380679,0.4982665728109772
2356.TW,2492.TW,2025-08-27,-0.3102980915107807,-0.4144419586977822,0.49785528513790883
2356.TW,2492.TW,2025-08-28,-0.41313374573910977,-0.550253309198704,0.49730660642779745
2356.TW,2492.TW,2025-08-29,-0.8144265902245564,-1.0913699057321988,0.4962179235664867
2356.TW,2492.TW,2025-09-01,0.07132563604769615,0.3600430102298936,0.4963104255770455
2356.TW,2492.TW,2025-09-02,0.02588404937035449,0.27913010957852413,0.49634385394517144
2356.TW,2492.TW,2025-09-03,0.2476688454767242,0.6072848345825829,0.4966629681985337
2356.TW,2492.TW,2025-09-04,0.5693627268857071,1.1125547067494954,0.4974062839713322
2356.TW,2492.TW,2025-09-05,0.5073054941130763,1.0980182680318267,0.4980766140132754
2356.TW,2492.TW,2025-09-08,0.23127553189333128,0.8242295835669975,0.4983852416346634
2356.TW,2492.TW,2025-09-09,0.3354941756395746,1.0697790748354585,0.4988343639420694
2356.TW,2492.TW,2025-09-10,0.1726934109845999,0.7151692796967567,0.4990647357480817
2356.TW,2492.TW,2025-09-11,0.6127320927863096,1.43327454820846,0.4998647681178381
2356.TW,2492.TW,2025-09-12,0.19795789550382636,0.5897956631197728,0.5001370515636488
2356.TW,2492.TW,2025-09-15,1.16023468200963,2.0060943444360206,0.5016875376805497
2356.TW,2492.TW,2025-09-16,-0.15867655451249618,-0.26568861531305565,0.501470750838622
2356.TW,2492.TW,2025-09-17,-0.7110596805595861,-1.1105524759897274,0.5005015817985807
2356.TW,2492.TW,2025-09-18,-1.2253622913913702,-1.8513735241039235,0.4987933740423207
2356.TW,2492.TW,2025-09-19,-3.7841340312442213,-3.499749006042518,0.49304664177435453
2356.TW,2492.TW,2025-09-22,-7.054318373083078,-3.5533702662647357,0.48161413196860375
2356.TW,2492.TW,2025-09-23,-3.725738650000281,-1.5352585710083866,0.4761165241170932
2356.TW,2492.TW,2025-09-24,-7.345248651089612,-2.555373391573666,0.46449278169437197
2356.TW,2492.TW,2025-09-25,-0.7141098162499802,0.14479043610602949,0.4634953944620988
2356.TW,2492.TW,2025-09-26,-4.46917811232354,-1.2507390686918194,0.4570052527920769
2356.TW,2492.TW,2025-09-30,-2.7827500069065536,-0.539067269688154,0.45307517086111637
2356.TW,2492.TW,2025-10-01,-1.6586157956625627,-0.07010064545323279,0.4508379355557774
2356.TW,2492.TW,2025-10-02,-1.4685814359777751,0.038482491121824246,0.44884094729678425
2356.TW,2492.TW,2025-10-03,-1.2729308561515111,0.15572655655042358,0.44710753138147963
2356.TW,2492.TW,2025-10-07,-0.8687055448137357,0.35359682795735375,0.445917474507211
2356.TW,2492.TW,2025-10-08,-0.615788690321807,0.48102109114954245,0.44507403075303426
2356.TW,2492.TW,2025-10-09,-0.8135471348004302,0.42959312253031245,0.44397048964645786
2356.TW,2492.TW,2025-10-13,-0.021435186226192116,0.7724386382901349,0.44394266969660107
2356.TW,2492.TW,2025-10-14,-0.1082957222265648,0.7619264915921372,0.4438077550122565
2356.TW,2492.TW,2025-10-15,0.04832895736571885,0.8352778320372485,0.4438690841900064
2356.TW,2492.TW,2025-10-16,-0.8650043697491654,0.5048738153681572,0.44272255091522733
2356.TW,2492.TW,2025-10-17,-2.7157123518713107,-0.27942904731216744,0.4389260386493537
2356.TW,2492.TW,2025-10-20,-5.011868792068896,-1.2006980186701937,0.43131607583657494
2356.TW,2492.TW,2025-10-21,-4.0475257034353405,-0.7019255716296372,0.42534836297691486
2356.TW,2492.TW,2025-10-22,-3.513674774592502,-0.47274941943412785,0.42021388077119876
2356.TW,2492.TW,2025-10-23,-5.8973492086103505,-1.6414246827459065,0.4111777442937818
2356.TW,2492.TW,2025-10-27,-8.151401803861027,-2.231357766477341,0.3979055689726435
2356.TW,2492.TW,2025-10-28,-7.473269572379948,-1.9453104802135588,0.3860793968543297
2356.TW,2492.TW,2025-10-29,-3.737652467286992,-0.39178988937911996,0.38067733329912934
2356.TW,2492.TW,2025-10-30,-2.750834482954147,-0.026527851210138276,0.3768697624021356
2356.TW,2492.TW,2025-10-31,-1.7397820178411862,0.36647664107133765,0.37454767451444476
2356.TW,2492.TW,2025-11-03,-1.625806754218985,0.4123868594386127,0.37237667723201723
2356.TW,2492.TW,2025-11-04,-0.8548482455010742,0.7100434154204817,0.37127667218064225
2356.TW,2492.TW,2025-11-05,-0.7337152543048191,0.7428188772920415,0.37033649821260056
2356.TW,2492.TW,2025-11-06,-2.193139402930285,0.18298509022859077,0.367390596884868
2356.TW,2492.TW,2025-11-07,-1.6647007549731754,0.42629801783130566,0.36520541241207727
2356.TW,2492.TW,2025-11-10,0.7788685065239207,1.3553035066376407,0.36619606167119856
2356.TW,2492.TW,2025-11-11,-1.8321909230678628,0.3580066644935806,0.36373793394033777
2356.TW,2492.TW,2025-11-12,-1.3779682326590574,0.5837313987182281,0.36186191942038054
2356.TW,2492.TW,2025-11-13,-3.9330122281422817,-0.42029065942647686,0.35599894624224754
2356.TW,2492.TW,2025-11-14,-2.700461231493442,0.1595415409026679,0.35225318513495685
2356.TW,2492.TW,2025-11-17,-1.0631784757927036,0.8356135137097707,0.3508574802425125
2356.TW,2492.TW,2025-11-18,-1.5482054123514501,0.5557006582517849,0.3488093231653835
2356.TW,2492.TW,2025-11-19,-1.3573512737432267,0.5801178497508759,0.34701094319862885
2356.TW,2492.TW,2025-11-20,-1.3282853139007855,0.5422813924911378,0.34518933364456517
2356.TW,2492.TW,2025-11-21,-1.0110224363073783,0.6060066969629031,0.34384119420832004
2356.TW,2492.TW,2025-11-24,-0.8108725707638698,0.677830794412226,0.34275134639548066
2356.TW,2492.TW,2025-11-25,-0.11177147691638822,1.3174333786556838,0.34260338422249526
2356.TW,2492.TW,2025-11-26,1.8741749704287969,2.555835044748533,0.34509751214587
2356.TW,2492.TW,2025-11-27,0.9575300223266865,1.6064091868585768,0.3464041416751183
2356.TW,2492.TW,2025-11-28,0.907490826721876,1.3930803343828286,0.34763994112855395
2356.TW,2492.TW,2025-12-01,2.5219834472751685,2.119899180874661,0.3509399450074167
2356.TW,2492.TW,2025-12-02,2.7398748103910506,1.914509033087584,0.35450593179443135
2356.TW,2492.TW,2025-12-03,1.7868859960819563,1.238870493783473,0.3569451200453711
2356.TW,2492.TW,2025-12-04,2.333979751787844,1.3736623027931802,0.3601235988363897
2356.TW,2492.TW,2025-12-05,2.261393296338696,1.1995006492525344,0.3632499183707024
2356.TW,2492.TW,2025-12-08,1.9514638525889865,0.985415895438019,0.36594452276454026
2356.TW,2492.TW,2025-12-09,0.5662008538049861,0.2255035470268557,0.36671276694403376
2356.TW,2492.TW,2025-12-10,-2.7255067226408727,-1.3961511265775095,0.3627687169601782
2356.TW,2492.TW,2025-12-11,-0.8565074376686042,-0.6038266050892516,0.3616076069456375
2356.TW,2492.TW,2025-12-12,-0.7619810647261005,-0.648248149249865,0.3605833009780257
2356.TW,2492.TW,2025-12-15,0.020358973143764558,-0.21434752330135542,0.36061003537737635
2356.TW,2492.TW,2025-12-16,0.39525651279800655,-0.04612273932730516,0.36111723573059695
2356.TW,2492.TW,2025-12-17,0.21799412056680012,-0.21722543941145708,0.36140042297486946
2356.TW,2492.TW,2025-12-18,-0.24923793445101694,-0.5819704434671188,0.36107076157559154
2356.TW,2492.TW,2025-12-19,0.300209384821585,-0.2589465284712513,0.36147157295881277
2356.TW,2492.TW,2025-12-22,-0.12295206662972902,-0.5954652083681937,0.3613048183401072
2356.TW,2492.TW,2025-12-23,0.007198378714193154,-0.5068895864353439,0.3613145301453871
2356.TW,2492.TW,2025-12-24,0.24581472157891682,-0.27986114024621245,0.3616448452751344
2356.TW,2492.TW,2025-12-26,-0.6424796108485538,-0.8599239334962351,0.3607729629033809
2356.TW,2492.TW,2025-12-29,0.2213893438296708,-0.20957891425848674,0.36106663357793517
2356.TW,2492.TW,2025-12-30,-0.44246358862822177,-0.614447496868155,0.3604694925329182
2356.TW,2492.TW,2025-12-31,-0.344354426329069,-0.4637448035848462,0.35999865372764583
2356.TW,2492.TW,2026-01-02,-1.2138185597842934,-1.0863218673659782,0.35823775488659004
2356.TW,2492.TW,2026-01-05,-1.4583259752501405,-1.2206755882171487,0.35616759976915996
2356.TW,2492.TW,2026-01-06,-3.395689798618541,-2.5596184143724594,0.35119307207930456
2356.TW,2492.TW,2026-01-07,-3.0528292442116935,-2.0459866798022834,0.3467253972453513
2356.TW,2492.TW,2026-01-08,-0.5992680152293204,0.1092632870283915,0.3459274256938526
2356.TW,2492.TW,2026-01-09,-0.9557505871614822,-0.31171027067808066,0.34463293608380163
2356.TW,2492.TW,2026-01-12,-0.48903650931593745,0.12324898121041218,0.3439648238447835
2356.TW,2492.TW,2026-01-13,-2.387718550022086,-1.5315204471441843,0.34055143203952276
2356.TW,2492.TW,2026-01-14,-2.3441872200958898,-1.3309327812169203,0.33715594420559525
2356.TW,2492.TW,2026-01-15,-1.8302614667955979,-0.797559954099931,0.33455836276852124
2356.TW,2492.TW,2026-01-16,-1.2398640962192857,-0.21800429470680271,0.33282423598164773
2356.TW,2492.TW,2026-01-19,-4.2982663702584745,-2.365114603094733,0.3262716805328217
2356.TW,2492.TW,2026-01-20,-3.8039673998368784,-1.7355582063789137,0.3205941576851865
2356.TW,2492.TW,2026-01-21,-0.5608338070069436,0.6372125670092267,0.3198023832778917
2356.TW,2492.TW,2026-01-22,-0.4113692571572969,0.7736851100711126,0.3191701322238808
2356.TW,2492.TW,2026-01-23,-1.8351464304624727,-0.2188563870858777,0.3165123716170792
2356.TW,2492.TW,2026-01-26,-1.6410747041845895,-0.02918184049128127,0.3142315405898096
2356.TW,2492.TW,2026-01-27,-2.9606170747632845,-0.9787714303743502,0.3100441615741917
2356.TW,2492.TW,2026-01-28,-0.44212276286558705,1.0798929740419079,0.3094478540031745
2356.TW,2492.TW,2026-01-29,0.32805157696712683,1.616820507302131,0.30987486131152553
2356.TW,2492.TW,2026-01-30,1.287977733349841,2.0111826153600614,0.3115289956139632
2356.TW,2492.TW,2026-02-02,2.8397918149965236,2.418473299275831,0.314971131609733
2356.TW,2492.TW,2026-02-03,1.9338442275712069,1.6694466456626667,0.31743687521716735
2356.TW,2492.TW,2026-02-04,1.7313227658876187,1.3928116760467113,0.31971955120380385
2356.TW,2492.TW,2026-02-05,2.5158135574104534,1.6012716962034574,0.3229143774569734
2356.TW,2492.TW,2026-02-06,2.807350498152175,1.5404094522482816,0.3264571834567976
2356.TW,2492.TW,2026-02-09,3.266233962574539,1.5503671665562306,0.3306573782565587
2356.TW,2492.TW,2026-02-10,2.5943347297435224,1.1377706451481253,0.3340817864652738
2356.TW,2492.TW,2026-02-11,2.4798302274735633,0.9854981550869032,0.3373792421162822
2356.TW,2492.TW,2026-02-23,-1.6962763045498548,-0.7766147099581386,0.33489109582005633
2356.TW,2492.TW,2026-02-24,-4.939380447707457,-1.872805052552593,0.3270834980066457
2356.TW,2492.TW,2026-02-25,-4.6645664245845,-1.739168675648622,0.3196865308040865
2356.TW,2492.TW,2026-02-26,-3.8930703720953446,-1.4425321533118685,0.3137784955048637
2356.TW,2492.TW,2026-03-02,-2.362807023375474,-0.8174948209418339,0.3104759421312381
2356.TW,2492.TW,2026-03-03,-1.4640727882671598,-0.46287665196111505,0.30854867840020805
2356.TW,2492.TW,2026-03-04,-0.2592061921451503,-0.04914474300644825,0.30823294450049155
2356.TW,2492.TW,2026-03-05,0.22749196470513766,0.09780518487602242,0.3085263760031333
2356.TW,2492.TW,2026-03-06,-0.5404423497967343,-0.243174941423053,0.3078048626734904
2356.TW,2492.TW,2026-03-09,0.9839770569750357,0.3190188937265569,0.3090185623486703
2356.TW,2492.TW,2026-03-10,0.4959250660360368,0.12704565240339144,0.30966623985464425
2356.TW,2492.TW,2026-03-11,1.1022351579322418,0.36551576466387786,0.31116754308693984
2356.TW,2492.TW,2026-03-12,2.5058833226237596,0.9214278341465801,0.31442530842574234
2356.TW,2492.TW,2026-03-13,0.6872211538713628,0.2399327331304025,0.31536183729533057
2356.TW,2492.TW,2026-03-16,0.686944820836672,0.263033236576336,0.31630510797825107
2356.TW,2492.TW,2026-03-17,-2.083437839629731,-0.7579118166248477,0.3131657171769232
2356.TW,2492.TW,2026-03-18,-0.9318724452340561,-0.22750044349746112,0.31181915481636086
2356.TW,2492.TW,2026-03-19,-0.34337292677080455,0.10239704562393769,0.3113460835912287
2356.TW,2492.TW,2026-03-20,0.6228627728624616,0.6113401180408051,0.31216817517529777
2356.TW,2492.TW,2026-03-23,1.9794954407765601,1.2872986879109534,0.3146445094766108
2356.TW,2492.TW,2026-03-24,1.8247183452361142,1.0968740006975795,0.316986442655344
2356.TW,2492.TW,2026-03-25,0.883028214205261,0.5893761554437971,0.3181785542563896
2356.TW,2492.TW,2026-03-26,1.3398726082989896,0.7938996256086209,0.3199633504687359
2356.TW,2492.TW,2026-03-27,0.8594353034403781,0.42193758981159746,0.32112819496373324
2356.TW,2492.TW,2026-03-30,0.28435034033844886,-0.1393632937071218,0.32150347438292187
2356.TW,2492.TW,2026-03-31,1.2006437147168327,0.5907868281056642,0.32300398467729075
2356.TW,2492.TW,2026-04-01,1.6477222381039738,0.917827874095702,0.3251224210413131
2356.TW,2492.TW,2026-04-02,2.36215997453408,1.4115020937790521,0.32809457790149504
2356.TW,2492.TW,2026-04-07,2.0627250710972547,1.0379802295246026,0.3307351441971834
2356.TW,2492.TW,2026-04-08,1.2896305058528412,0.32804617357954535,0.3325103226895134
2356.TW,2492.TW,2026-04-09,1.345381828970794,0.3402519879226297,0.33439275917659084
2356.TW,2492.TW,2026-04-10,0.14059497335603766,-0.6889653471191126,0.3345957886742219
2356.TW,2492.TW,2026-04-13,-1.7562020368066484,-2.0301597019956286,0.33195488055140254
2356.TW,2492.TW,2026-04-14,-3.2975697720333557,-2.52372331346759,0.326881826351793
2356.TW,2492.TW,2026-04-15,-3.232544325473576,-2.0573728882051343,0.3220254119281015
2356.TW,2492.TW,2026-04-16,-3.2578522315334553,-1.9230731216118766,0.3171290973233841
2356.TW,2492.TW,2026-04-17,-1.6985162910859373,-1.0283849538732535,0.31466915543393026
2356.TW,2492.TW,2026-04-20,-1.3636322052658514,-0.8077901913691466,0.31269153582994424
2356.TW,2492.TW,2026-04-21,-0.3977703133599988,-0.26920490556440513,0.3121255288632513
2356.TW,2492.TW,2026-04-22,1.6857621298146412,0.8478705320593368,0.31439728575611875
2356.TW,2492.TW,2026-04-23,3.6128796591082946,1.7135870679545986,0.3188640985717209
2356.TW,2492.TW,2026-04-24,4.600749639592074,1.8981754948573744,0.3247073752936177
2356.TW,2492.TW,2026-04-27,2.920823136485147,1.0780974990730934,0.3284753978014589
2356.TW,2492.TW,2026-04-28,-1.2490930875128257,-0.6871291698331999,0.3266817293290028
2356.TW,2492.TW,2026-04-29,0.9661781391830644,0.25261193570408513,0.32797831528565535
2356.TW,2492.TW,2026-04-30,1.3283299759763452,0.4052503143765489,0.32973014169473297
2356.TW,2492.TW,2026-05-04,-0.32387134379233373,-0.2641787044022274,0.3292760295147369
2356.TW,2492.TW,2026-05-05,-2.5917288711063975,-1.1228383907681379,0.3254061500798887
2356.TW,2492.TW,2026-05-06,0.06042383322900946,0.0528793352313675,0.3254932697603698
2356.TW,2492.TW,2026-05-07,-2.7459644249534136,-1.0584171868141155,0.32124441063919745
2356.TW,2492.TW,2026-05-08,-1.513403310763728,-0.4754174288349226,0.31904168160486235
2356.TW,2492.TW,2026-05-11,-4.574154675838244,-1.5706260596348416,0.3118392808807507
2356.TW,2492.TW,2026-05-12,-8.61767703327584,-2.485851423157615,0.2975321307302691
2356.TW,2492.TW,2026-05-13,-6.053856810202063,-1.5233772687126148,0.2874986316836562
2356.TW,2492.TW,2026-05-14,-8.276916076791139,-1.9238264228936228,0.27329131568229
2356.TW,2492.TW,2026-05-15,-4.1660781171183885,-0.7589160453237679,0.26707614082345293
2356.TW,2492.TW,2026-05-18,-5.627304588345801,-1.072703988296049,0.25836572734940466
2356.TW,2492.TW,2026-05-19,-4.851510086043675,-0.8038984706026792,0.2509994619217443
2356.TW,2492.TW,2026-05-20,-7.633164884458658,-1.367894573592604,0.23852967387517987
2356.TW,2492.TW,2026-05-21,-7.380074280793643,-1.1753540202560446,0.22593555440881824
2356.TW,2492.TW,2026-05-22,-5.368540431016896,-0.6044047718265039,0.21652945543084964
2356.TW,2492.TW,2026-05-25,-3.7594546527853083,-0.08484117881921356,0.20983619770620374
2356.TW,2492.TW,2026-05-26,-5.126677670613333,-0.4118392906686506,0.2012491005239586
2356.TW,2492.TW,2026-05-27,-7.4898190269755816,-1.0739921489673594,0.1880935472470749
2356.TW,2492.TW,2026-05-28,-6.557397770903478,-0.6961196302387909,0.17644747568775895
2356.TW,2492.TW,2026-05-29,-0.6976469028063832,1.4832505635132582,0.17527473757746476
2356.TW,2492.TW,2026-06-01,1.3116278414082103,2.0795725635967584,0.1775349051431115
2356.TW,2492.TW,2026-06-02,-1.347455933357537,1.0966728982531426,0.17508433597787326
2356.TW,2492.TW,2026-06-03,5.423643226875683,2.7481723280418535,0.18370066705564259
2356.TW,2492.TW,2026-06-04,2.3527168511681396,1.667363708766818,0.18722487562407314
2356.TW,2492.TW,2026-06-05,-1.8305780196009067,0.5747009109734356,0.18419210354142646
2356.TW,2492.TW,2026-06-08,-3.850330409818568,0.03345288723738375,0.1781347965198404
2356.TW,2492.TW,2026-06-09,-5.4190457592397365,-0.43818596592352643,0.16862320815075613
2356.TW,2492.TW,2026-06-10,-2.5916279056534393,0.29034234855421664,0.16458233394756147
2356.TW,2492.TW,2026-06-11,-2.9805529514859757,0.11532621796975147,0.1597108997140583
2356.TW,2492.TW,2026-06-12,-0.5185800071222957,0.7628723454527885,0.15888325160410632
2356.TW,2492.TW,2026-06-15,-3.376473807816353,-0.08425361233777659,0.15290919945000103
2356.TW,2492.TW,2026-06-16,-5.551586596390237,-0.6974355540645092,0.14257585836652392
2356.TW,2492.TW,2026-06-17,-5.647939784306175,-0.7777725547207163,0.13174485080165116
2356.TW,2492.TW,2026-06-18,-3.901501613732677,-0.32683326267065255,0.12450043973417103
2356.TW,2492.TW,2026-06-22,-4.859285646946063,-0.6351326650772303,0.11491894880283111
2356.TW,2492.TW,2026-06-23,-0.9672612046100681,0.5311365456829833,0.11323558517370085
2356.TW,2492.TW,2026-06-24,-1.0361790938739972,0.45111296213366436,0.11135313407345314
2356.TW,2492.TW,2026-06-25,-0.8328042821698887,0.4394658102925332,0.10982639810934548
2356.TW,2492.TW,2026-06-26,1.2339338237332953,1.036228411860947,0.11184735173570393
2356.TW,2492.TW,2026-06-29,2.774124602877471,1.4276262773934074,0.1163870696516184
2360.TW,2368.TW,2025-07-28,-85.97954732118365,-1.2738223939514468,1.4334162788778946
2360.TW,2368.TW,2025-07-29,-88.9497954855708,-1.5227176080514733,1.4206616602317779
2360.TW,2368.TW,2025-07-30,-87.85074506408665,-1.3009310508645588,1.4085175851775775
2360.TW,2368.TW,2025-07-31,-92.10691164283037,-1.4477344526912106,1.3956453783724647
2360.TW,2368.TW,2025-08-04,-10.82089960892489,3.0463963553831626,1.394254951488128
2360.TW,2368.TW,2025-08-05,-16.786607672421326,2.2287433454731365,1.3921662030395023
2360.TW,2368.TW,2025-08-06,-17.59538234942181,1.8733947451870208,1.3900616624283475
2360.TW,2368.TW,2025-08-07,-22.16731698327783,1.5048874241877148,1.3874918781560173
2360.TW,2368.TW,2025-08-08,-62.5971547785997,-0.11948980626970195,1.379835391989165
2360.TW,2368.TW,2025-08-11,-85.20953218963689,-0.944016048927528,1.3691333243649053
2360.TW,2368.TW,2025-08-12,-119.16815199172243,-1.9168492945707707,1.3542731704947222
2360.TW,2368.TW,2025-08-13,-108.04291953878169,-1.378138425832033,1.3415445177790117
2360.TW,2368.TW,2025-08-14,-104.59936677080714,-1.1434273791302518,1.3296875196022555
2360.TW,2368.TW,2025-08-15,-93.34303175711307,-0.7158428200334285,1.3196350256978089
2360.TW,2368.TW,2025-08-18,-98.49638238080286,-0.8080349292422601,1.3092379375374872
2360.TW,2368.TW,2025-08-19,-95.35899450949535,-0.6589212084450128,1.2998532362683182
2360.TW,2368.TW,2025-08-20,-82.31536185093125,-0.22384989444764503,1.2925039845950628
2360.TW,2368.TW,2025-08-21,-73.62514522752292,0.0477932433751235,1.2860935444973884
2360.TW,2368.TW,2025-08-22,-89.82504734915472,-0.4275302711824377,1.27838806951227
2360.TW,2368.TW,2025-08-25,-80.09839249047855,-0.13366639673764674,1.2716736312959047
2360.TW,2368.TW,2025-08-26,-46.15212802006636,0.8336889694168381,1.2680044706553
2360.TW,2368.TW,2025-08-27,-52.9353722887048,0.5725418062498353,1.263777687904429
2360.TW,2368.TW,2025-08-28,-56.401808595518105,0.42146175326490287,1.25934067325941
2360.TW,2368.TW,2025-08-29,-53.264406417876444,0.4603039590007871,1.2551399623858446
2360.TW,2368.TW,2025-09-01,-14.191514438448394,1.6658565501472484,1.2541652912388763
2360.TW,2368.TW,2025-09-02,9.351918490029675,2.1734684091935574,1.2547597498245684
2360.TW,2368.TW,2025-09-03,-9.036117481389965,1.6089177671930166,1.2541908358552474
2360.TW,2368.TW,2025-09-04,-5.029275910777983,1.637224325516451,1.2538860561167458
2360.TW,2368.TW,2025-09-05,20.09374493038547,1.9544369343309422,1.2550813386247168
2360.TW,2368.TW,2025-09-08,5.502205504108929,1.4239963891196998,1.255408179549194
2360.TW,2368.TW,2025-09-09,-8.264390500953255,1.0146274710725578,1.2549120341634963
2360.TW,2368.TW,2025-09-10,-33.21179448099906,0.36245384825540977,1.252868249950718
2360.TW,2368.TW,2025-09-11,-43.47284826361465,0.03951040579630207,1.2502419942930956
2360.TW,2368.TW,2025-09-12,-37.330977060638475,0.13148290699408996,1.2480764524725205
2360.TW,2368.TW,2025-09-15,-33.02678066934038,0.17043911510988727,1.2462783275505076
2360.TW,2368.TW,2025-09-16,-16.298283925963347,0.5785309450627856,1.2454297178369342
2360.TW,2368.TW,2025-09-17,7.064979532711845,1.1902766978648034,1.2457811340771148
2360.TW,2368.TW,2025-09-18,58.97528625404584,2.32149249337163,1.2486280480027887
2360.TW,2368.TW,2025-09-19,51.98268316137978,1.9111562722556048,1.2510458537630573
2360.TW,2368.TW,2025-09-22,30.96455393801193,1.2329539188494818,1.2525061345096562
2360.TW,2368.TW,2025-09-23,42.07419268553804,1.3906541670728887,1.2544774464755126
2360.TW,2368.TW,2025-09-24,25.641652673785984,0.8365311144768783,1.255666880251596
2360.TW,2368.TW,2025-09-25,44.05169563105903,1.2626696373776607,1.25758069960799
2360.TW,2368.TW,2025-09-26,43.44677146009906,1.1501715007681803,1.2593293419798153
2360.TW,2368.TW,2025-09-30,29.03387674693363,0.6285290286210393,1.2605458367970488
2360.TW,2368.TW,2025-10-01,55.44649911421425,1.3207901582140922,1.2628303647920847
2360.TW,2368.TW,2025-10-02,81.77827407927748,1.8062880473869565,1.2661487685398543
2360.TW,2368.TW,2025-10-03,77.19122686979063,1.482694724409248,1.26928061339648
2360.TW,2368.TW,2025-10-07,97.71812300876502,1.7457355626449882,1.2730926655236154
2360.TW,2368.TW,2025-10-08,74.90464350917625,1.0916792191483344,1.2760039808586308
2360.TW,2368.TW,2025-10-09,65.80607724450408,0.7981205690438418,1.2785170325731092
2360.TW,2368.TW,2025-10-13,96.90069190693907,1.376965612824438,1.2820954437197825
2360.TW,2368.TW,2025-10-14,131.66773700740987,1.9611903948575762,1.2867375049809409
2360.TW,2368.TW,2025-10-15,151.3788076858781,2.1323522166157933,1.292031700485043
2360.TW,2368.TW,2025-10-16,152.280871263216,1.9536951093568615,1.2973342789648157
2360.TW,2368.TW,2025-10-17,134.20821774219837,1.4378884969213,1.3018203711429028
2360.TW,2368.TW,2025-10-20,113.74700045430927,0.8764886296738549,1.3056754840618467
2360.TW,2368.TW,2025-10-21,124.37564423447463,1.0313034897932525,1.3099097310477952
2360.TW,2368.TW,2025-10-22,164.1625710169202,1.7144508188827992,1.3151725957801
2360.TW,2368.TW,2025-10-23,163.08642733206432,1.5090154911358704,1.320330186894113
2360.TW,2368.TW,2025-10-27,194.3789390631698,1.8791584356744804,1.3265558012649608
2360.TW,2368.TW,2025-10-28,176.80993390255912,1.3894622304436406,1.332361359195558
2360.TW,2368.TW,2025-10-29,228.0113021775211,2.0640024297052517,1.3396537311599632
2360.TW,2368.TW,2025-10-30,230.77269098028387,1.8490941595415957,1.3470911120210025
2360.TW,2368.TW,2025-10-31,186.44570995766776,0.9798179395748471,1.353626695980761
2360.TW,2368.TW,2025-11-03,139.05539153992822,-0.003646130413221077,1.3587218813733317
2360.TW,2368.TW,2025-11-04,115.8749028695596,-0.5281718784725214,1.3628206491008796
2360.TW,2368.TW,2025-11-05,125.09140457536057,-0.4033814903087348,1.3670178024918846
2360.TW,2368.TW,2025-11-06,95.61207816245656,-1.0502569546605665,1.3702822825460035
2360.TW,2368.TW,2025-11-07,101.23418099675348,-0.9934025270888773,1.3735944185687536
2360.TW,2368.TW,2025-11-10,79.07032015466586,-1.5590213090240903,1.3762473867983143
2360.TW,2368.TW,2025-11-11,71.18037818917401,-1.6415841952852268,1.3786861914310635
2360.TW,2368.TW,2025-11-12,40.28188296731139,-1.9818161358693782,1.3801829643995067
2360.TW,2368.TW,2025-11-13,22.684255390927774,-1.9596703750756923,1.3810406368723285
2360.TW,2368.TW,2025-11-14,31.79734172978351,-1.575248991866472,1.3821738803806425
2360.TW,2368.TW,2025-11-17,29.943834954612953,-1.431341932881386,1.383210989550893
2360.TW,2368.TW,2025-11-18,42.690942979800184,-1.1347420970150754,1.3845864619030899
2360.TW,2368.TW,2025-11-19,45.100953977877,-1.0093686467778087,1.3860638977614275
2360.TW,2368.TW,2025-11-20,10.990718345640062,-1.3442747268841513,1.386454586321068
2360.TW,2368.TW,2025-11-21,10.131636996698035,-1.2179075147543685,1.3867940569858255
2360.TW,2368.TW,2025-11-24,58.581684828026255,-0.48014627749795025,1.3886935674536716
2360.TW,2368.TW,2025-11-25,2.899633506316377,-1.158527887392735,1.3887956033257336
2360.TW,2368.TW,2025-11-26,-46.91193961706688,-1.7532436899803154,1.3871284886797777
2360.TW,2368.TW,2025-11-27,-58.12078932449242,-1.8649975044536558,1.3850421640077963
2360.TW,2368.TW,2025-11-28,-57.16109106595172,-1.7457083132110307,1.3830079412021599
2360.TW,2368.TW,2025-12-01,-74.19599410540991,-1.8244598604661828,1.3804599406855338
2360.TW,2368.TW,2025-12-02,-50.01011005103089,-1.2839029635275243,1.378831041488972
2360.TW,2368.TW,2025-12-03,-8.028152434786762,-0.4805870828797594,1.378578188706662
2360.TW,2368.TW,2025-12-04,-26.728680492780995,-0.7542902352852502,1.3777579612771769
2360.TW,2368.TW,2025-12-05,-25.580082172836,-0.6593637144166672,1.3769647366877056
2360.TW,2368.TW,2025-12-08,-5.618234617289886,-0.14725488402518339,1.376795224128563
2360.TW,2368.TW,2025-12-09,-13.342071771288488,-0.24772047723219334,1.3763924983633653
2360.TW,2368.TW,2025-12-10,-47.71086778850679,-1.0103419834238294,1.374923663332199
2360.TW,2368.TW,2025-12-11,-33.33590360418839,-0.5785415793391318,1.3739331630043308
2360.TW,2368.TW,2025-12-12,-44.062815852436074,-0.7691762785897056,1.3726088054631236
2360.TW,2368.TW,2025-12-15,-58.30647310544089,-1.0334965657203479,1.3709220712720247
2360.TW,2368.TW,2025-12-16,-67.73757989494209,-1.180318390824955,1.3690157284377993
2360.TW,2368.TW,2025-12-17,-61.82490164781075,-0.95118058075912,1.3673192412062165
2360.TW,2368.TW,2025-12-18,-76.57577074152334,-1.2552173227045094,1.365230454435881
2360.TW,2368.TW,2025-12-19,-87.9629334079724,-1.4324370907941912,1.3627807293512713
2360.TW,2368.TW,2025-12-22,-127.5018041781766,-2.523891836599225,1.3590290315427662
2360.TW,2368.TW,2025-12-23,-119.6617967146725,-1.989752184031005,1.355551114652879
2360.TW,2368.TW,2025-12-24,-132.0346413229197,-1.9821707479623276,1.351666500432636
2360.TW,2368.TW,2025-12-26,-149.9672369045071,-2.051777496505443,1.3471277630713447
2360.TW,2368.TW,2025-12-29,-154.7094886861396,-1.8461594918018107,1.3425177350787032
2360.TW,2368.TW,2025-12-30,-136.38872405017867,-1.3204110815129861,1.3385434566484289
2360.TW,2368.TW,2025-12-31,-141.85796472124696,-1.2824769391487374,1.3344986936220864
2360.TW,2368.TW,2026-01-02,-61.69209427651322,0.3456258493144219,1.3328749849559878
2360.TW,2368.TW,2026-01-05,-34.35140670207238,0.9187425347515749,1.3319934456494387
2360.TW,2368.TW,2026-01-06,-26.304011675869674,1.0859686508217405,1.3312959676465268
2360.TW,2368.TW,2026-01-07,63.23160642222342,2.482377934668453,1.3329055835052397
2360.TW,2368.TW,2026-01-08,79.52959102849718,2.33103026085786,1.3348747292300382
2360.TW,2368.TW,2026-01-09,69.82734441460468,1.880607187791479,1.3366004937546352
2360.TW,2368.TW,2026-01-12,61.04526103251783,1.5796671537232276,1.3381626027537288
2360.TW,2368.TW,2026-01-13,103.73057032330235,1.8400446271567308,1.3407447331209243
2360.TW,2368.TW,2026-01-14,76.75021800685909,1.3672789871405586,1.3427023301720344
2360.TW,2368.TW,2026-01-15,66.18476943542464,1.1344768097095248,1.344347238477265
2360.TW,2368.TW,2026-01-16,75.70895016122131,1.1232904050712471,1.3462346053565672
2360.TW,2368.TW,2026-01-19,106.38636794388754,1.2903044083807211,1.3486534909971724
2360.TW,2368.TW,2026-01-20,175.18435988638896,1.707195806786811,1.3526434461795906
2360.TW,2368.TW,2026-01-21,183.81916187846116,1.5775541718991637,1.3565726947241934
2360.TW,2368.TW,2026-01-22,156.11720696564896,1.2027686038665137,1.3600555836453139
2360.TW,2368.TW,2026-01-23,141.90156539122972,0.9809527004220842,1.3632980461387758
2360.TW,2368.TW,2026-01-26,103.31474613756552,0.5594234549240503,1.3657119329689356
2360.TW,2368.TW,2026-01-27,94.48942805016816,0.3956448873918221,1.3679656424742
2360.TW,2368.TW,2026-01-28,47.464165742906175,-0.2423093358956892,1.3691423972040173
2360.TW,2368.TW,2026-01-29,64.65160238433441,-0.19811913975321632,1.3706659939514476
2360.TW,2368.TW,2026-01-30,17.40923671770429,-1.1185761320186827,1.371077674826516
2360.TW,2368.TW,2026-02-02,1.650263823372029,-1.5153327745147582,1.3711165984348066
2360.TW,2368.TW,2026-02-03,3.2972852113975932,-1.5965320179187517,1.3711989642179607
2360.TW,2368.TW,2026-02-04,-62.51521261453786,-2.325784727111558,1.3695697629588448
2360.TW,2368.TW,2026-02-05,-66.4972464438465,-2.002811383459562,1.3679394631347008
2360.TW,2368.TW,2026-02-06,-52.14701377917254,-1.5822965151372685,1.3667003985261066
2360.TW,2368.TW,2026-02-09,-59.06841533831607,-1.4930691244954215,1.365214442817548
2360.TW,2368.TW,2026-02-10,-113.07294683382952,-1.8520411354805695,1.362232836868452
2360.TW,2368.TW,2026-02-11,-78.51588130488472,-1.303648409509512,1.3602336461210018
2360.TW,2368.TW,2026-02-23,39.66215655775204,0.007700240715507278,1.3612168462355978
2360.TW,2368.TW,2026-02-24,87.00623164100125,0.520590238573401,1.3633858928054963
2360.TW,2368.TW,2026-02-25,98.44685485892114,0.6524553870140496,1.3658435916102014
2360.TW,2368.TW,2026-02-26,243.35954606349742,2.063201840286147,1.3717049669432506
2360.TW,2368.TW,2026-03-02,422.85421953567857,2.922624908139318,1.381294214987198
2360.TW,2368.TW,2026-03-03,327.22391344428297,1.9075330270804984,1.3884464320337055
2360.TW,2368.TW,2026-03-04,346.3796104649539,1.8020915264713964,1.3953936484404301
2360.TW,2368.TW,2026-03-05,367.86030185421896,1.702770547629815,1.4030058593698267
2360.TW,2368.TW,2026-03-06,255.6502587391342,0.950286355957436,1.4086585387405364
2360.TW,2368.TW,2026-03-09,162.55821947258482,0.3666133541585963,1.4120804855724487
2360.TW,2368.TW,2026-03-10,199.4030340695051,0.5401760849123524,1.4165523674355291
2360.TW,2368.TW,2026-03-11,214.66442139817332,0.5709296096759044,1.421791848148901
2360.TW,2368.TW,2026-03-12,192.06564079765212,0.3866306051817878,1.4264849764664842
2360.TW,2368.TW,2026-03-13,188.44792679747547,0.31455243789463155,1.43114775168462
2360.TW,2368.TW,2026-03-16,143.00614763975614,-0.018361120998459025,1.4345392433359065
2360.TW,2368.TW,2026-03-17,148.25344545193525,-0.05515816636190213,1.4380418330036984
2360.TW,2368.TW,2026-03-18,237.41296895044843,0.4539621399697943,1.4435808681337476
2360.TW,2368.TW,2026-03-19,137.5515210371209,-0.3199142883296081,1.4470554127028223
2360.TW,2368.TW,2026-03-20,148.50178548077224,-0.3883778943268265,1.4506848602661182
2360.TW,2368.TW,2026-03-23,118.8374479691181,-0.848555588451654,1.4534719107141103
2360.TW,2368.TW,2026-03-24,182.53449669902625,-0.3078221767861616,1.4573727579793128
2360.TW,2368.TW,2026-03-25,271.64884138966477,0.5771698496571014,1.463344166476892
2360.TW,2368.TW,2026-03-26,286.6756810782467,0.6680988922484943,1.4695529360460908
2360.TW,2368.TW,2026-03-27,248.21509936447114,0.2137876325689263,1.4749098008174795
2360.TW,2368.TW,2026-03-30,290.8243595514223,0.9126105945242704,1.4809489078404503
2360.TW,2368.TW,2026-03-31,184.93334352854572,-0.44687678329203656,1.484594921761549
2360.TW,2368.TW,2026-04-01,197.93491772107836,-0.1728593020131729,1.4888578086028763
2360.TW,2368.TW,2026-04-02,180.86339915621284,-0.3651331451757485,1.4925464902335301
2360.TW,2368.TW,2026-04-07,179.5403506408968,-0.3267010017220587,1.4962664799202523
2360.TW,2368.TW,2026-04-08,222.8687571204182,0.4915006615080107,1.5011940066337086
2360.TW,2368.TW,2026-04-09,187.42482814000846,-0.21710100946160374,1.5056885199751853
2360.TW,2368.TW,2026-04-10,136.87935054395166,-1.1268472547981885,1.5089058901884016
2360.TW,2368.TW,2026-04-13,277.0173185007159,1.4508708224084155,1.515116378127701
2360.TW,2368.TW,2026-04-14,91.89574545237815,-1.72005592869438,1.517333941368097
2360.TW,2368.TW,2026-04-15,241.0795366843049,0.7234091274674835,1.5231314091174522
2360.TW,2368.TW,2026-04-16,263.61443730531755,1.000683618461481,1.5293670850785774
2360.TW,2368.TW,2026-04-17,439.6633816359358,2.846367104525574,1.5396911743741093
2360.TW,2368.TW,2026-04-20,177.78750551953908,-0.4982495541664037,1.5439231999291183
2360.TW,2368.TW,2026-04-21,126.3582464536214,-1.1299344092697523,1.5469178383101045
2360.TW,2368.TW,2026-04-22,90.2510878943217,-1.5300055596459912,1.549064179419587
2360.TW,2368.TW,2026-04-23,-21.42993444778199,-2.3364250471121104,1.5485572162521772
2360.TW,2368.TW,2026-04-24,-225.51824541021006,-3.0066251642098267,1.5427948982834794
2360.TW,2368.TW,2026-04-27,-257.2588491787101,-2.5021430210671123,1.5362277147095273
2360.TW,2368.TW,2026-04-28,-70.29989473688511,-1.219472733703839,1.5345104832972267
2360.TW,2368.TW,2026-04-29,-33.44634803949839,-0.9059425312214148,1.533727134069116
2360.TW,2368.TW,2026-04-30,-14.218474237678947,-0.7253388387117636,1.5333928435978001
2360.TW,2368.TW,2026-05-04,94.81533354337489,-0.056554242750914675,1.5356598222433453
2360.TW,2368.TW,2026-05-05,-39.16378769713083,-0.7738979510618396,1.53471643304861
2360.TW,2368.TW,2026-05-06,119.30804225700285,0.1699403997408032,1.5374645622228402
2360.TW,2368.TW,2026-05-07,88.9364180278344,0.03138300570624036,1.539482937326868
2360.TW,2368.TW,2026-05-08,173.48724144315383,0.5421922150767113,1.5430310416361235
2360.TW,2368.TW,2026-05-11,189.5388612694469,0.6177547171078738,1.5470627813090745
2360.TW,2368.TW,2026-05-12,276.2901686457685,1.1339689609119954,1.5528151392728595
2360.TW,2368.TW,2026-05-13,295.35934348249293,1.1431406739363035,1.558708846472063
2360.TW,2368.TW,2026-05-14,26.954879033758516,-0.33822282701341255,1.5592722631434455
2360.TW,2368.TW,2026-05-15,218.67741105980053,0.80117634793035,1.5633390996716336
2360.TW,2368.TW,2026-05-18,221.32175119130852,0.9865596688117955,1.5672958256404357
2360.TW,2368.TW,2026-05-19,37.07807121662768,-0.18571968115972196,1.5679729939475604
2360.TW,2368.TW,2026-05-20,122.22997812190351,0.3852789178937489,1.5701029600591603
2360.TW,2368.TW,2026-05-21,241.98822027531492,1.0980837826476502,1.57446746524833
2360.TW,2368.TW,2026-05-22,167.53277736038945,0.5562488126390245,1.5775737952206035
2360.TW,2368.TW,2026-05-25,201.50399431973392,0.7119590005587879,1.5815446574287495
2360.TW,2368.TW,2026-05-26,203.97661620998952,0.7029766499786508,1.585575228715709
2360.TW,2368.TW,2026-05-27,427.2941541951859,2.3052569085812005,1.5935178617882533
2360.TW,2368.TW,2026-05-28,472.7998639620964,2.2508162605669626,1.601788858810073
2360.TW,2368.TW,2026-05-29,390.35926078286,1.4684538573733719,1.6086569275768348
2360.TW,2368.TW,2026-06-01,431.8936058565755,1.5649636352882155,1.616239078067947
2360.TW,2368.TW,2026-06-02,346.12038579149475,0.8787569552344606,1.622051657007999
2360.TW,2368.TW,2026-06-03,285.7600991623626,0.3533497396023,1.6272435397330833
2360.TW,2368.TW,2026-06-04,407.0929061175284,1.1858785405239038,1.6343986762704572
2360.TW,2368.TW,2026-06-05,400.4577998615223,1.0254354099037488,1.6412132758407376
2360.TW,2368.TW,2026-06-08,208.16255876404966,-0.4747967532366521,1.6448597337502586
2360.TW,2368.TW,2026-06-09,-69.84530667334684,-2.1577486265114563,1.6435227821143035
2360.TW,2368.TW,2026-06-10,-122.82142548207867,-2.075375028156882,1.641312881717137
2360.TW,2368.TW,2026-06-11,-19.969169421281094,-1.4309333778376754,1.640975042428216
2360.TW,2368.TW,2026-06-12,122.23814489053302,-0.5790648051097492,1.642995448086958
2360.TW,2368.TW,2026-06-15,90.53520783086287,-0.7123695345970222,1.644486533857018
2360.TW,2368.TW,2026-06-16,106.82274374520193,-0.6516064269779437,1.6462730630267028
2360.TW,2368.TW,2026-06-17,-9.329576404767067,-1.2343102747140076,1.6461147803347858
2360.TW,2368.TW,2026-06-18,93.09678914292772,-0.6210861184141984,1.6476695760195315
2360.TW,2368.TW,2026-06-22,27.012265705813206,-0.9226551636680722,1.6481321421322004
2360.TW,2368.TW,2026-06-23,176.63657450975052,-0.11634339016825292,1.6508801782531617
2360.TW,2368.TW,2026-06-24,86.47238678497706,-0.5616736991447446,1.6522132376215324
2360.TW,2368.TW,2026-06-25,133.73191484644803,-0.2439778677487955,1.6542484557689936
2360.TW,2368.TW,2026-06-26,65.30969874261041,-0.5472879751568261,1.6552019338297392
2360.TW,2368.TW,2026-06-29,165.52977434707395,0.12104096930602053,1.6575499789202823
2360.TW,5274.TWO,2025-07-28,16.115824894866478,0.847781867865319,0.09626590337994123
2360.TW,5274.TWO,2025-07-29,8.03088316103873,0.2781098284640087,0.09640217547145999
2360.TW,5274.TWO,2025-07-30,22.166741644685374,1.0889296398712154,0.09676178097915
2360.TW,5274.TWO,2025-07-31,25.82452952362428,1.190050185684446,0.09719431954105047
2360.TW,5274.TWO,2025-08-04,78.4963425953199,3.0563831068173535,0.09851329302918065
2360.TW,5274.TWO,2025-08-05,57.62907151123301,1.8035823864966014,0.09950903785683764
2360.TW,5274.TWO,2025-08-06,77.77258273045288,2.17891818826906,0.10075828484025282
2360.TW,5274.TWO,2025-08-07,50.37938929240238,1.0590069472786903,0.1016097582109539
2360.TW,5274.TWO,2025-08-08,55.66111284349506,1.1474393717826066,0.10253610144823491
2360.TW,5274.TWO,2025-08-11,69.87918964999017,1.5066284273106003,0.1036798007837833
2360.TW,5274.TWO,2025-08-12,44.387205061343934,0.48116867352975257,0.10441624922629836
2360.TW,5274.TWO,2025-08-13,29.98166713608606,-0.20151024219387334,0.10492657150357505
2360.TW,5274.TWO,2025-08-14,11.690204071938581,-0.9899771499420561,0.10513272567615456
2360.TW,5274.TWO,2025-08-15,17.625493576295412,-0.7168196932585679,0.1054372864253762
2360.TW,5274.TWO,2025-08-18,40.17184065615419,0.22989277808989994,0.10609577457433432
2360.TW,5274.TWO,2025-08-19,29.414137380128636,-0.26712790326851116,0.10656806877195563
2360.TW,5274.TWO,2025-08-20,30.234388303609137,-0.23862518698833035,0.10702631789656283
2360.TW,5274.TWO,2025-08-21,4.975976795206009,-1.2993310725748604,0.10710813106126482
2360.TW,5274.TWO,2025-08-22,5.394786820543288,-1.2150847717088464,0.10719473663943327
2360.TW,5274.TWO,2025-08-25,21.62684781898281,-0.5650328948014516,0.10753812978152338
2360.TW,5274.TWO,2025-08-26,31.84224433486588,-0.16566041655508057,0.10805249084339351
2360.TW,5274.TWO,2025-08-27,46.72275928247416,0.4110561233577957,0.10879623275532194
2360.TW,5274.TWO,2025-08-28,57.033101213345276,0.7934686262365409,0.10968712520426213
2360.TW,5274.TWO,2025-08-29,75.02929706562082,1.4190172596546071,0.11086083132527974
2360.TW,5274.TWO,2025-09-01,47.80596486702012,0.3453805353734077,0.11161037021588553
2360.TW,5274.TWO,2025-09-02,59.10933489937986,0.8570201834980022,0.11250207655792907
2360.TW,5274.TWO,2025-09-03,33.61289049641999,-0.2248776491932723,0.1130241557982239
2360.TW,5274.TWO,2025-09-04,31.534075998189508,-0.28378487988534873,0.1135105727660958
2360.TW,5274.TWO,2025-09-05,56.89335366425138,0.9832195876625079,0.11438726175914374
2360.TW,5274.TWO,2025-09-08,58.26311806649471,1.1287265173423615,0.1152724106889477
2360.TW,5274.TWO,2025-09-09,63.16622889595118,1.2796630769690966,0.11622784155736689
2360.TW,5274.TWO,2025-09-10,58.95415409754821,0.9736799268364609,0.11712901698814042
2360.TW,5274.TWO,2025-09-11,38.621831885625966,-0.09173994713093665,0.1177333621002617
2360.TW,5274.TWO,2025-09-12,36.820398057218995,-0.2431528727641248,0.11830445496495201
2360.TW,5274.TWO,2025-09-15,26.38935961671234,-0.7527848136914084,0.11870562013530311
2360.TW,5274.TWO,2025-09-16,8.774643029052868,-1.5323119060167891,0.11884461081003349
2360.TW,5274.TWO,2025-09-17,21.97455234879328,-0.8445279951643471,0.11918844835482954
2360.TW,5274.TWO,2025-09-18,49.161251872906746,0.4096134429522905,0.11998013066729933
2360.TW,5274.TWO,2025-09-19,11.72492702282841,-1.6439620241878474,0.12017484824008402
2360.TW,5274.TWO,2025-09-22,17.721034131026386,-1.2876750978675764,0.12046115824697201
2360.TW,5274.TWO,2025-09-23,47.81424154495221,0.29639239367922704,0.12120940977086901
2360.TW,5274.TWO,2025-09-24,28.235509505534424,-0.7077242800575929,0.12165568880066881
2360.TW,5274.TWO,2025-09-25,35.347966414304096,-0.2729265255054226,0.12219657748293432
2360.TW,5274.TWO,2025-09-26,15.834711100085087,-1.255551672756438,0.12243334802670516
2360.TW,5274.TWO,2025-09-30,13.678073511020102,-1.2387857737206533,0.12264472359588131
2360.TW,5274.TWO,2025-10-01,22.14615299790512,-0.6831811638020862,0.12299707540498472
2360.TW,5274.TWO,2025-10-02,10.0976342646087,-1.2594756730805605,0.1231678889382968
2360.TW,5274.TWO,2025-10-03,23.202363057733123,-0.5011428222992447,0.12354929850348326
2360.TW,5274.TWO,2025-10-07,25.56522856801928,-0.29845527821294354,0.12396914779668576
2360.TW,5274.TWO,2025-10-08,-5.534263717842691,-1.8713887877820519,0.12387670273262781
2360.TW,5274.TWO,2025-10-09,-19.390489670292254,-2.3114549442575467,0.12355337876527756
2360.TW,5274.TWO,2025-10-13,20.365353602360074,-0.06441795439750672,0.12387911074768287
2360.TW,5274.TWO,2025-10-14,60.569036547850715,2.0764519274103197,0.12480332021411145
2360.TW,5274.TWO,2025-10-15,55.67831504502499,1.6483723077916062,0.12568900909888228
2360.TW,5274.TWO,2025-10-16,47.3721500484254,1.1283126511247326,0.12645341157540857
2360.TW,5274.TWO,2025-10-17,11.810884705383387,-0.6383287939674482,0.12664375443764467
2360.TW,5274.TWO,2025-10-20,36.96148021229112,0.5682063592974825,0.12720506840199913
2360.TW,5274.TWO,2025-10-21,54.919075632616455,1.4108035796909282,0.12803955982554327
2360.TW,5274.TWO,2025-10-22,71.43810820329065,1.8760513730686497,0.12911738205241166
2360.TW,5274.TWO,2025-10-23,71.79772700422325,1.6453910164356704,0.13019278506864349
2360.TW,5274.TWO,2025-10-27,118.67085672460814,2.679620167126729,0.13195018247991971
2360.TW,5274.TWO,2025-10-28,95.86943079058744,1.6915843220708588,0.1334235237942836
2360.TW,5274.TWO,2025-10-29,145.12271812891345,2.4389210316689827,0.13560717583375873
2360.TW,5274.TWO,2025-10-30,147.37879187103636,2.0662723904307483,0.13784317056231843
2360.TW,5274.TWO,2025-10-31,120.3125120007627,1.3296733258537465,0.1397642297426554
2360.TW,5274.TWO,2025-11-03,104.18055539494401,0.9042851642243469,0.14142063493585869
2360.TW,5274.TWO,2025-11-04,60.81389050760197,-0.0323519197758872,0.14238927482595937
2360.TW,5274.TWO,2025-11-05,69.56222099889305,0.10456523708452384,0.143449787544182
2360.TW,5274.TWO,2025-11-06,-6.903204358072685,-1.4361652126666864,0.14333387454761629
2360.TW,5274.TWO,2025-11-07,-2.3897062070494712,-1.3530765910631575,0.1432950606427125
2360.TW,5274.TWO,2025-11-10,5.935400562936593,-1.2589076130613437,0.1433900680316525
2360.TW,5274.TWO,2025-11-11,21.970333531492088,-0.9173431648083303,0.14373921013025326
2360.TW,5274.TWO,2025-11-12,38.81159235701841,-0.5271111344084479,0.1443685476868901
2360.TW,5274.TWO,2025-11-13,-24.857681532466245,-1.660248372550677,0.1439280705657126
2360.TW,5274.TWO,2025-11-14,1.3938060402323345,-1.064578050676448,0.14395085619969794
2360.TW,5274.TWO,2025-11-17,-27.197634345815572,-1.5031108180309312,0.143498148136674
2360.TW,5274.TWO,2025-11-18,-94.57476985816663,-2.230310314243631,0.1418434999078573
2360.TW,5274.TWO,2025-11-19,-31.303731780488192,-1.1351313563376655,0.14132951189208612
2360.TW,5274.TWO,2025-11-20,-10.520060023332917,-0.7529755866085005,0.14115435437739224
2360.TW,5274.TWO,2025-11-21,-7.794666329869074,-0.6497266657526389,0.14103159621146824
2360.TW,5274.TWO,2025-11-24,-12.966423947657404,-0.6487202575207278,0.1408167237714358
2360.TW,5274.TWO,2025-11-25,14.11962988660241,-0.1790611896774954,0.14104570350403495
2360.TW,5274.TWO,2025-11-26,-46.91508838738889,-1.061878569470359,0.14025509946223688
2360.TW,5274.TWO,2025-11-27,-36.17607993617753,-0.8342897206990793,0.13965040598901382
2360.TW,5274.TWO,2025-11-28,-100.22014218274876,-1.940243342956223,0.1378284407383928
2360.TW,5274.TWO,2025-12-01,-76.07992404944719,-1.399801103529436,0.13655544999719227
2360.TW,5274.TWO,2025-12-02,-40.29699241309277,-0.5273924197203688,0.13591933313477747
2360.TW,5274.TWO,2025-12-03,-8.433455515724972,0.3795903691549869,0.13578716917100128
2360.TW,5274.TWO,2025-12-04,-20.037041513476083,0.07855851858851486,0.1354793859888608
2360.TW,5274.TWO,2025-12-05,-14.763862796780927,0.24333870660625237,0.13524749790348045
2360.TW,5274.TWO,2025-12-08,0.8170934141608086,0.6885996092347607,0.1352602093851311
2360.TW,5274.TWO,2025-12-09,-16.07308864629738,0.28101715033019664,0.13500335895100618
2360.TW,5274.TWO,2025-12-10,-24.111797599569627,0.1534532754665728,0.13461840095809355
2360.TW,5274.TWO,2025-12-11,-35.51889976896041,-0.20236781412126703,0.1340458593688654
2360.TW,5274.TWO,2025-12-12,-15.956895363787112,0.47652269701324945,0.13379282356165534
2360.TW,5274.TWO,2025-12-15,-54.74999442706485,-0.7628603399943001,0.13291786725713053
2360.TW,5274.TWO,2025-12-16,-54.96341763461021,-0.9334607569517417,0.13206154276639692
2360.TW,5274.TWO,2025-12-17,-39.452553298727594,-0.3465554714163943,0.131460592211821
2360.TW,5274.TWO,2025-12-18,-59.491457752713586,-0.9790429198418867,0.13053494457898554
2360.TW,5274.TWO,2025-12-19,-38.88156894221936,-0.18035340225432142,0.12993291930527684
2360.TW,5274.TWO,2025-12-22,-45.39927242817282,-0.3663824199417933,0.12920561853595205
2360.TW,5274.TWO,2025-12-23,-42.394812136040514,-0.16432729563686221,0.12852236985316104
2360.TW,5274.TWO,2025-12-24,-29.238623012677067,0.3475770491264521,0.1280549721356644
2360.TW,5274.TWO,2025-12-26,-18.764220897035898,0.7369124702298938,0.12775268028946213
2360.TW,5274.TWO,2025-12-29,-41.926701837486235,-0.42176049510339525,0.12706421426022455
2360.TW,5274.TWO,2025-12-30,-75.77941788746159,-2.1802874208049596,0.12575204432483242
2360.TW,5274.TWO,2025-12-31,-52.06053545015493,-0.9007094135959368,0.12490078603522321
2360.TW,5274.TWO,2026-01-02,-27.7204037254661,0.40512474840886353,0.12445126616406056
2360.TW,5274.TWO,2026-01-05,3.6737280672060706,1.8484018313220787,0.12450925179782701
2360.TW,5274.TWO,2026-01-06,34.04944065355335,2.6046739357503736,0.1250530683889016
2360.TW,5274.TWO,2026-01-07,71.35273350325338,2.964146928265568,0.1262171208944956
2360.TW,5274.TWO,2026-01-08,38.96075903543601,1.7529402767255373,0.1268712806780021
2360.TW,5274.TWO,2026-01-09,31.61225191613846,1.3951331663012632,0.12739652223711365
2360.TW,5274.TWO,2026-01-12,15.446388111510373,0.8959974948526616,0.1276634128559515
2360.TW,5274.TWO,2026-01-13,45.422514265021846,1.4767914825754398,0.1284293623969939
2360.TW,5274.TWO,2026-01-14,36.584842967421764,1.1425198914650565,0.1290441965602948
2360.TW,5274.TWO,2026-01-15,-56.42787093127072,-1.0212061202749376,0.12803023865122204
2360.TW,5274.TWO,2026-01-16,-23.96848970026133,-0.2867306909354191,0.12761358993757263
2360.TW,5274.TWO,2026-01-19,-62.73868054853335,-1.1870644877627041,0.12653512821460805
2360.TW,5274.TWO,2026-01-20,28.87082898629069,0.864567363190329,0.12701504795266863
2360.TW,5274.TWO,2026-01-21,26.09840070870939,0.7220584248847793,0.12742923157729694
2360.TW,5274.TWO,2026-01-22,-1.4979193291372894,0.03337650016359183,0.1274044316803916
2360.TW,5274.TWO,2026-01-23,-5.486754558771622,-0.09059244187832917,0.12731269457887323
2360.TW,5274.TWO,2026-01-26,-14.612072537467952,-0.3153540033230151,0.12707091612809682
2360.TW,5274.TWO,2026-01-27,16.857709139947133,0.37981079156390996,0.1273435316664327
2360.TW,5274.TWO,2026-01-28,6.760325573149203,0.033077548153473774,0.127453355553207
2360.TW,5274.TWO,2026-01-29,-59.33982739195335,-1.7460076682438688,0.12644305929931243
2360.TW,5274.TWO,2026-01-30,-39.234564641951465,-1.166776864043051,0.12581601177287755
2360.TW,5274.TWO,2026-02-02,-58.59209468538597,-1.4965178959008982,0.12486453538576452
2360.TW,5274.TWO,2026-02-03,-64.8614240489394,-1.462819469218968,0.12372973609151765
2360.TW,5274.TWO,2026-02-04,-50.54948113354931,-1.0430104386767498,0.12287760749984603
2360.TW,5274.TWO,2026-02-05,-43.683676668108205,-0.7839762449104231,0.1221892612920061
2360.TW,5274.TWO,2026-02-06,-22.416359062852166,-0.16433707189467292,0.12184441560617505
2360.TW,5274.TWO,2026-02-09,-22.85372932529981,-0.12678328409344553,0.12146678279660252
2360.TW,5274.TWO,2026-02-10,5.54546521673069,0.7745210653592668,0.12155595489229708
2360.TW,5274.TWO,2026-02-11,-24.87621188831463,-0.04996688225810712,0.12113990125909119
2360.TW,5274.TWO,2026-02-23,66.25257609521827,2.353392091764853,0.12223895200576862
2360.TW,5274.TWO,2026-02-24,118.47736312468055,2.759246553609218,0.12418607650175767
2360.TW,5274.TWO,2026-02-25,133.63044555847227,2.44027078518457,0.12635759491400264
2360.TW,5274.TWO,2026-02-26,223.92554451443834,2.888512452391348,0.12998529777834633
2360.TW,5274.TWO,2026-03-02,338.9374670020816,2.9986076383107942,0.13532569098220779
2360.TW,5274.TWO,2026-03-03,221.42040622076934,1.6357488356033218,0.13873175203406762
2360.TW,5274.TWO,2026-03-04,217.5253311664901,1.4215716631963564,0.14188301547413823
2360.TW,5274.TWO,2026-03-05,149.95624783077847,0.7805627959590284,0.1443165570494769
2360.TW,5274.TWO,2026-03-06,83.91122201517487,0.20654808305937933,0.14569850296330208
2360.TW,5274.TWO,2026-03-09,8.87581832845467,-0.4165571014189559,0.14583675746676145
2360.TW,5274.TWO,2026-03-10,91.6434272087713,0.21277525887705007,0.147298219253942
2360.TW,5274.TWO,2026-03-11,123.16091003120823,0.41951895167433406,0.149391032110214
2360.TW,5274.TWO,2026-03-12,54.615011869276486,-0.23225373533535584,0.15034541803710144
2360.TW,5274.TWO,2026-03-13,76.84146068275754,-0.10090632610792316,0.1516594996934568
2360.TW,5274.TWO,2026-03-16,21.633868375216025,-0.6812873422246931,0.1520165650528521
2360.TW,5274.TWO,2026-03-17,-84.03269733168872,-1.6464837917894395,0.15050317956393094
2360.TW,5274.TWO,2026-03-18,-106.6996006519505,-1.7203658590607631,0.14846867679346426
2360.TW,5274.TWO,2026-03-19,-31.259926100728308,-1.0350846676118781,0.14791317108481244
2360.TW,5274.TWO,2026-03-20,-0.8659535008202965,-0.758707903652572,0.14789855214297548
2360.TW,5274.TWO,2026-03-23,-23.251572288784246,-0.9599081430498817,0.1475201402561679
2360.TW,5274.TWO,2026-03-24,9.694523371647847,-0.6337166088799497,0.14766989146616555
2360.TW,5274.TWO,2026-03-25,63.73118813558858,-0.1323398733796692,0.1487178847029207
2360.TW,5274.TWO,2026-03-26,61.34349439243192,-0.12222799359802822,0.1497256621398831
2360.TW,5274.TWO,2026-03-27,30.636624524818217,-0.3251618954835278,0.15022670078242037
2360.TW,5274.TWO,2026-03-30,74.17823241950009,0.25769447300331183,0.15140026250289457
2360.TW,5274.TWO,2026-03-31,-11.543468957229607,-0.6794553632391928,0.15122532699077268
2360.TW,5274.TWO,2026-04-01,41.219865988588936,0.14817440133025694,0.1518953066619365
2360.TW,5274.TWO,2026-04-02,-71.94686790999071,-1.49406061456496,0.15069012793972789
2360.TW,5274.TWO,2026-04-07,-6.19454405907004,-0.3692503235524827,0.15058933153030343
2360.TW,5274.TWO,2026-04-08,-7.081734567726926,-0.36947198281326576,0.15046291499282324
2360.TW,5274.TWO,2026-04-09,95.06137575644902,1.3095280003387568,0.1521075767267694
2360.TW,5274.TWO,2026-04-10,32.2197959928335,0.3840531856438791,0.15265557116010614
2360.TW,5274.TWO,2026-04-13,154.0833506226063,2.177019440282095,0.15515929669818607
2360.TW,5274.TWO,2026-04-14,-1.1764235063719752,-0.21261572931836184,0.15513890488848708
2360.TW,5274.TWO,2026-04-15,44.93404491782121,0.5099493325291189,0.1559546594777899
2360.TW,5274.TWO,2026-04-16,-8.625358056012146,-0.4383385228563453,0.15579642331924767
2360.TW,5274.TWO,2026-04-17,239.34462332601106,2.935874020788626,0.15983681583707107
2360.TW,5274.TWO,2026-04-20,-43.65551542261255,-1.0954329011201638,0.1590740463113673
2360.TW,5274.TWO,2026-04-21,-149.21211155763376,-2.156889447016644,0.15637230839221833
2360.TW,5274.TWO,2026-04-22,-207.23587655294523,-2.329730605918872,0.15253312965506077
2360.TW,5274.TWO,2026-04-23,-191.92442803706354,-1.8581322486198892,0.1491992743099611
2360.TW,5274.TWO,2026-04-24,-242.19786393745517,-1.955201708016611,0.14487429988361503
2360.TW,5274.TWO,2026-04-27,-151.41057743001784,-1.080851955828929,0.1422965474134028
2360.TW,5274.TWO,2026-04-28,-19.896800822307796,0.0135841020971832,0.1419586820475879
2360.TW,5274.TWO,2026-04-29,-70.5747210561949,-0.34754709962723124,0.1407351122230438
2360.TW,5274.TWO,2026-04-30,3.2454527090244483,0.2599765895780667,0.1407903313416689
2360.TW,5274.TWO,2026-05-04,43.039051431198914,0.5895071831660456,0.1415644662520098
2360.TW,5274.TWO,2026-05-05,-48.76690330500924,-0.18288867775649745,0.1406978963086284
2360.TW,5274.TWO,2026-05-06,-42.42113875752602,-0.11502339181312997,0.13992200958973677
2360.TW,5274.TWO,2026-05-07,31.621958521630404,0.48290912867317437,0.140458486058809
2360.TW,5274.TWO,2026-05-08,45.15536108819151,0.6268537238486647,0.14118227942319073
2360.TW,5274.TWO,2026-05-11,49.30390488784951,0.6517461123601427,0.1420261263100054
2360.TW,5274.TWO,2026-05-12,82.43275746621703,1.000253444487044,0.14344183883920106
2360.TW,5274.TWO,2026-05-13,56.39733855644772,0.7374314039822916,0.1443932811295758
2360.TW,5274.TWO,2026-05-14,-67.70306443611116,-0.2879260458331167,0.14325303003104747
2360.TW,5274.TWO,2026-05-15,-6.234839529121018,0.24648786921593102,0.1431517005611714
2360.TW,5274.TWO,2026-05-18,60.865694229885776,1.0631425591148935,0.14409123038384206
2360.TW,5274.TWO,2026-05-19,-31.591893026001344,0.11474203953813582,0.1435975522557858
2360.TW,5274.TWO,2026-05-20,21.11658784118572,0.5787981288602022,0.14392688683865698
2360.TW,5274.TWO,2026-05-21,87.8093177312694,1.1886958951249467,0.1454040249650864
2360.TW,5274.TWO,2026-05-22,-68.51686190428836,-0.6738902026609536,0.1441616399276888
2360.TW,5274.TWO,2026-05-25,99.13611810391558,1.4576992137909328,0.1459028409785335
2360.TW,5274.TWO,2026-05-26,160.7122758142259,2.218021824905391,0.14860289492415038
2360.TW,5274.TWO,2026-05-27,117.21730142517708,1.3669148129837443,0.15068321703205748
2360.TW,5274.TWO,2026-05-28,91.4219323544039,0.8928526897393938,0.15223947925630954
2360.TW,5274.TWO,2026-05-29,-85.39809271468903,-1.6646209261375955,0.15070184401041983
2360.TW,5274.TWO,2026-06-01,27.552912700256456,-0.021015280893264585,0.15117456752241837
2360.TW,5274.TWO,2026-06-02,-59.459985005492854,-1.2598730082057552,0.15018270053513308
2360.TW,5274.TWO,2026-06-03,63.05012180753192,0.4302095430584125,0.15123187674549918
2360.TW,5274.TWO,2026-06-04,76.8489609536432,0.5937132801685916,0.15253686170034642
2360.TW,5274.TWO,2026-06-05,101.19375258605987,0.8873057366803404,0.1541795848854991
2360.TW,5274.TWO,2026-06-08,-12.396671802975561,-0.6760893449642483,0.15397556935868512
2360.TW,5274.TWO,2026-06-09,-92.59955313654064,-1.5786618075393692,0.1524112947240793
2360.TW,5274.TWO,2026-06-10,-105.52108214142027,-1.53749686097855,0.15073266761105966
2360.TW,5274.TWO,2026-06-11,-180.38833406519007,-2.137234012089725,0.1476793053657024
2360.TW,5274.TWO,2026-06-12,-146.06945504560053,-1.565034075597538,0.14509571275738503
2360.TW,5274.TWO,2026-06-15,-72.77129776155289,-0.7384176984092709,0.14387513745873828
2360.TW,5274.TWO,2026-06-16,-45.42000829629933,-0.4508754214312542,0.14309773622039856
2360.TW,5274.TWO,2026-06-17,-126.88135541462407,-1.16055503416439,0.14089950626834696
2360.TW,5274.TWO,2026-06-18,-82.52935190445442,-0.6508585551361801,0.13944730932070937
2360.TW,5274.TWO,2026-06-22,-93.52999433135255,-0.7416736713837745,0.13779909279980557
2360.TW,5274.TWO,2026-06-23,-33.2369156354257,-0.08529174337041145,0.13724510990193467
2360.TW,5274.TWO,2026-06-24,-90.87461038342008,-0.6052512611767594,0.13573707397873822
2360.TW,5274.TWO,2026-06-25,35.72537738117944,0.9383271118001459,0.13630453222846248
2360.TW,5274.TWO,2026-06-26,82.91650083379614,1.5294781063125984,0.13751469204154146
2360.TW,5274.TWO,2026-06-29,148.12373157921638,1.9552033858461015,0.1397149201969078
2368.TW,3036.TW,2025-07-28,-124.72267294166767,1.1906518198864864,3.547092939116216
2368.TW,3036.TW,2025-07-29,-117.48129063290293,1.2420120605855425,3.5130807109585462
2368.TW,3036.TW,2025-07-30,-115.93772486697867,1.2378032415229803,3.4802651466029464
2368.TW,3036.TW,2025-07-31,-91.72792961358357,1.512596686893995,3.4552421749492512
2368.TW,3036.TW,2025-08-04,-100.58702220769186,1.3019580493111387,3.428760629363035
2368.TW,3036.TW,2025-08-05,-94.53530518860998,1.3008795329812954,3.4046242510112803
2368.TW,3036.TW,2025-08-06,-86.88802324114187,1.3186781368006633,3.383323305186759
2368.TW,3036.TW,2025-08-07,-56.63777821597233,1.6704137880730758,3.3706065883148684
2368.TW,3036.TW,2025-08-08,-6.617735977754705,2.198309052323909,3.369205543477263
2368.TW,3036.TW,2025-08-11,19.248779154373892,2.255811505947118,3.3732268776820704
2368.TW,3036.TW,2025-08-12,45.06139145428671,2.243264918222537,3.3822636040172105
2368.TW,3036.TW,2025-08-13,44.654006322639134,1.935812371612763,3.3909742245743035
2368.TW,3036.TW,2025-08-14,47.8459035511076,1.7536456023386366,3.400132451727468
2368.TW,3036.TW,2025-08-15,46.292381141011845,1.5471926725847187,3.408795577769187
2368.TW,3036.TW,2025-08-18,53.0169679708855,1.4583864940085387,3.4186167815637054
2368.TW,3036.TW,2025-08-19,48.19371989655576,1.2631505684954647,3.427212057131892
2368.TW,3036.TW,2025-08-20,36.469050075715586,1.0173023092549034,3.4333779580132093
2368.TW,3036.TW,2025-08-21,37.841609360079644,0.9441030921382617,3.439706556581791
2368.TW,3036.TW,2025-08-22,45.21201707342232,0.9485746905180135,3.44715536484973
2368.TW,3036.TW,2025-08-25,50.69027057113874,0.9325189159349307,3.455350808482483
2368.TW,3036.TW,2025-08-26,42.44069712615021,0.7385654932298169,3.462086871298382
2368.TW,3036.TW,2025-08-27,57.55400319928668,0.8806395675779818,3.471094260060291
2368.TW,3036.TW,2025-08-28,66.26553427544229,0.9440704153622936,3.4812807964314585
2368.TW,3036.TW,2025-08-29,83.62156919653785,1.1459283783239085,3.4939112558548517
2368.TW,3036.TW,2025-09-01,38.19229950819499,0.2509455485135296,3.499535119927541
2368.TW,3036.TW,2025-09-02,14.884385033810474,-0.41046866658425374,3.5016994768242187
2368.TW,3036.TW,2025-09-03,21.46945463568653,-0.5250921005150825,3.504770261802836
2368.TW,3036.TW,2025-09-04,4.010560414574627,-1.7104782622630963,3.5053507910406134
2368.TW,3036.TW,2025-09-05,14.765952212953323,-1.3832904070843497,3.50741066369438
2368.TW,3036.TW,2025-09-08,5.8350901027316695,-1.7274510130401715,3.508247492726081
2368.TW,3036.TW,2025-09-09,24.703533771482228,-0.7189460656351271,3.5117031714936053
2368.TW,3036.TW,2025-09-10,42.66564018981728,0.17714011859735448,3.5176423878400196
2368.TW,3036.TW,2025-09-11,53.087104081923314,0.6764974611189682,3.5247980851521556
2368.TW,3036.TW,2025-09-12,40.80526164496962,0.08497869008162354,3.530275610900581
2368.TW,3036.TW,2025-09-15,25.940903975888318,-0.5850884676151203,3.5336761708477598
2368.TW,3036.TW,2025-09-16,15.758013544658013,-0.9895251866982316,3.5357102683861763
2368.TW,3036.TW,2025-09-17,8.146056401079306,-1.2350289778040884,3.53673787807053
2368.TW,3036.TW,2025-09-18,-18.361992062144736,-2.0488902702649714,3.5343384459953433
2368.TW,3036.TW,2025-09-19,-44.40190484681909,-2.4243929840214733,3.5283932258228967
2368.TW,3036.TW,2025-09-22,-13.13065589814181,-1.2282107880207214,3.52672709596417
2368.TW,3036.TW,2025-09-23,-19.339030246522725,-1.2816341576631731,3.5242479947427583
2368.TW,3036.TW,2025-09-24,-18.477488971392916,-1.1353710226296727,3.5219003310761945
2368.TW,3036.TW,2025-09-25,-40.357645575606284,-1.644490106829314,3.5168363961134212
2368.TW,3036.TW,2025-09-26,-59.5765901929264,-2.0799588081713853,3.50955858293406
2368.TW,3036.TW,2025-09-30,-46.199035868068165,-1.466686895434085,3.50387947236045
2368.TW,3036.TW,2025-10-01,-54.282736687368924,-1.514191399919354,3.4971940871847735
2368.TW,3036.TW,2025-10-02,-41.71321445832393,-1.0343238931773526,3.492262359675546
2368.TW,3036.TW,2025-10-03,-16.3460214781191,-0.2701161378910494,3.4904335805579496
2368.TW,3036.TW,2025-10-07,-33.06960204605815,-0.6840472944007955,3.486729032408471
2368.TW,3036.TW,2025-10-08,-38.18840968826288,-0.7601302228802271,3.4824164131135786
2368.TW,3036.TW,2025-10-09,-35.761680030893274,-0.6165481739737801,3.47846335888272
2368.TW,3036.TW,2025-10-13,-46.88803593623783,-0.8634538961573279,3.473314112304764
2368.TW,3036.TW,2025-10-14,-63.22765487291156,-1.3317907547932484,3.4664159328065254
2368.TW,3036.TW,2025-10-15,-62.50125438133006,-1.2753215977790666,3.4596660047349244
2368.TW,3036.TW,2025-10-16,-48.75175437456528,-0.678192709740742,3.4545831279901216
2368.TW,3036.TW,2025-10-17,-41.665899822204494,-0.2655722115415796,3.450465867812466
2368.TW,3036.TW,2025-10-20,-36.302804723292525,0.17014159878249396,3.4468794930784923
2368.TW,3036.TW,2025-10-21,-26.170470349940388,0.8783048678756213,3.4443432715221194
2368.TW,3036.TW,2025-10-22,-57.009339843852786,-1.1041672851462987,3.4387364013093924
2368.TW,3036.TW,2025-10-23,-59.40146154930255,-1.1684167613904706,3.4329417979441117
2368.TW,3036.TW,2025-10-27,-61.32134020934433,-1.193299461999035,3.4268783095831825
2368.TW,3036.TW,2025-10-28,-49.586339589329725,-0.2851706787487125,3.422000341857109
2368.TW,3036.TW,2025-10-29,-56.94028134769724,-0.7826291697461353,3.416447654179783
2368.TW,3036.TW,2025-10-30,-60.27991765367051,-1.0333345346678273,3.4104968836129435
2368.TW,3036.TW,2025-10-31,-11.78575499996947,2.1845910836590057,3.4093639018417687
2368.TW,3036.TW,2025-11-03,3.865650991839402,2.4789665319341503,3.409740024182789
2368.TW,3036.TW,2025-11-04,-14.15160926059383,1.3588366993339431,3.4083571095656238
2368.TW,3036.TW,2025-11-05,-61.38126913898236,-0.9549446093085383,3.4020778312883277
2368.TW,3036.TW,2025-11-06,-33.7521453460011,0.48470484547383075,3.3987604676811127
2368.TW,3036.TW,2025-11-07,-32.34104297163037,0.5395289254009309,3.3957156959430015
2368.TW,3036.TW,2025-11-10,-6.623677426742404,1.6585227206776019,3.395110058031944
2368.TW,3036.TW,2025-11-11,9.635930634226554,2.026277344116072,3.395980851211709
2368.TW,3036.TW,2025-11-12,62.9532965223558,2.9620659949265624,3.4015471258739662
2368.TW,3036.TW,2025-11-13,67.70688597475947,2.440751371921803,3.407630119534635
2368.TW,3036.TW,2025-11-14,52.49614311338706,1.7574762781058735,3.4122138449427757
2368.TW,3036.TW,2025-11-17,58.13657750297796,1.6463132296340117,3.41709749740496
2368.TW,3036.TW,2025-11-18,64.2597826450708,1.5628691081862682,3.4220293157865584
2368.TW,3036.TW,2025-11-19,81.69567532306883,1.672712885162249,3.428199382312701
2368.TW,3036.TW,2025-11-20,122.11194616726976,2.052292434262517,3.437555851373813
2368.TW,3036.TW,2025-11-21,108.95552532173633,1.6077241378947869,3.4456168185619442
2368.TW,3036.TW,2025-11-24,93.11352428260551,1.2166532006770794,3.45252960815458
2368.TW,3036.TW,2025-11-25,138.66996623452275,1.7256365411750376,3.4628962324971377
2368.TW,3036.TW,2025-11-26,132.95472454746994,1.4712492710958114,3.473194861473018
2368.TW,3036.TW,2025-11-27,141.55997146003767,1.460257643898308,3.484216185618343
2368.TW,3036.TW,2025-11-28,142.59022251508532,1.321557545658497,3.4952927625226544
2368.TW,3036.TW,2025-12-01,147.19237431111333,1.248488257587228,3.5062248404197205
2368.TW,3036.TW,2025-12-02,102.08279286125264,0.5021289615759231,3.5140967764266873
2368.TW,3036.TW,2025-12-03,76.62506275275189,0.002178436677753614,3.5201128591553856
2368.TW,3036.TW,2025-12-04,68.90082517394325,-0.2511857236253376,3.525469756677327
2368.TW,3036.TW,2025-12-05,81.89202253615048,-0.12673545373987175,3.5317754110277386
2368.TW,3036.TW,2025-12-08,59.52181285408426,-0.8272706414012438,3.5364372833288655
2368.TW,3036.TW,2025-12-09,71.81362658921626,-0.6681254778716195,3.541950997654101
2368.TW,3036.TW,2025-12-10,92.37056081242565,-0.08930489754255064,3.548951503264526
2368.TW,3036.TW,2025-12-11,78.59852938322422,-0.5428607692556434,3.5548520707403624
2368.TW,3036.TW,2025-12-12,90.77060690453175,-0.2306417380616316,3.561625363605851
2368.TW,3036.TW,2025-12-15,85.37433395251253,-0.4765273312211559,3.567811517733237
2368.TW,3036.TW,2025-12-16,80.8223448018939,-0.683723011391529,3.573557813341514
2368.TW,3036.TW,2025-12-17,73.87897099617697,-0.9083239761978567,3.5787483762247128
2368.TW,3036.TW,2025-12-18,72.65001262953842,-0.8617408123274027,3.583845059280171
2368.TW,3036.TW,2025-12-19,73.31490751535955,-0.7662845021829975,3.5891191453413875
2368.TW,3036.TW,2025-12-22,117.28966012727119,0.7183575254879175,3.5974266619583344
2368.TW,3036.TW,2025-12-23,134.47483841027667,1.331916262376796,3.606556390898695
2368.TW,3036.TW,2025-12-24,162.15124697848483,2.0592190639868733,3.6172165009512875
2368.TW,3036.TW,2025-12-26,198.01160449210983,2.6058434291121073,3.6299117347622807
2368.TW,3036.TW,2025-12-29,210.4077553813845,2.4241462274624417,3.642925036589937
2368.TW,3036.TW,2025-12-30,200.24988539754008,1.9482254528370226,3.6553211539010397
2368.TW,3036.TW,2025-12-31,193.69817561922008,1.592026885559651,3.667234141419951
2368.TW,3036.TW,2026-01-02,136.36074829233462,0.4318531834523806,3.6757798846936427
2368.TW,3036.TW,2026-01-05,129.90889949478958,0.25229872899657035,3.6838087305941816
2368.TW,3036.TW,2026-01-06,131.43369878245176,0.23628792355707276,3.692283386901614
2368.TW,3036.TW,2026-01-07,107.97943332748105,-0.2942602383607805,3.699241781873269
2368.TW,3036.TW,2026-01-08,103.32769372793757,-0.4354885964264885,3.7057615932404366
2368.TW,3036.TW,2026-01-09,103.75728345722507,-0.4416375922852716,3.712306930776944
2368.TW,3036.TW,2026-01-12,140.36690423423386,0.28894146849742186,3.720948720469688
2368.TW,3036.TW,2026-01-13,101.3508270555119,-0.5913703216049802,3.727469204825632
2368.TW,3036.TW,2026-01-14,112.21939442558198,-0.3868809243375654,3.7347761691226973
2368.TW,3036.TW,2026-01-15,110.33127699162856,-0.4770169633199208,3.7417884423615475
2368.TW,3036.TW,2026-01-16,129.02617123718198,-0.1084440076698201,3.7497670990176557
2368.TW,3036.TW,2026-01-19,77.53639016381976,-1.3994946148616165,3.7545121348770927
2368.TW,3036.TW,2026-01-20,88.21126726721525,-1.1830098758115408,3.7598191338341276
2368.TW,3036.TW,2026-01-21,39.47239004859955,-2.0524063384722795,3.762242314104881
2368.TW,3036.TW,2026-01-22,77.73345220917736,-1.0885600526765813,3.7669023053510022
2368.TW,3036.TW,2026-01-23,104.04707311059929,-0.4562889180593411,3.773014721392835
2368.TW,3036.TW,2026-01-26,119.23323596204216,-0.038059576790881705,3.7800221514126386
2368.TW,3036.TW,2026-01-27,101.37318813661818,-0.38377330185313996,3.7863430153391717
2368.TW,3036.TW,2026-01-28,106.41763741762827,-0.13975608996713182,3.7932422052580077
2368.TW,3036.TW,2026-01-29,99.7868162252513,-0.2635624387384691,3.7994243516205963
2368.TW,3036.TW,2026-01-30,118.71936046502674,0.6003471458302067,3.8065865117403312
2368.TW,3036.TW,2026-02-02,135.4615407123374,1.3064990518410156,3.8145188753146937
2368.TW,3036.TW,2026-02-03,167.75853454573348,2.296307475625493,3.824533663650296
2368.TW,3036.TW,2026-02-04,196.4673548371294,2.5648593855625856,3.8364037386704615
2368.TW,3036.TW,2026-02-05,173.1168044921949,1.6232265815699094,3.8465268747720454
2368.TW,3036.TW,2026-02-06,160.57007727361656,1.151182595011938,3.8557933621770055
2368.TW,3036.TW,2026-02-09,204.78335004309736,2.0103164687465487,3.8676482590636803
2368.TW,3036.TW,2026-02-10,204.3550092407969,1.7253907417699972,3.880341668096694
2368.TW,3036.TW,2026-02-11,161.1967007581934,0.7087222009456242,3.8906576063095715
2368.TW,3036.TW,2026-02-23,139.27061635768598,0.19840241509550896,3.8996194134581437
2368.TW,3036.TW,2026-02-24,141.18394732864715,0.2267220817554507,3.908776110032403
2368.TW,3036.TW,2026-02-25,141.95309842859092,0.1797803582981331,3.9180252318518054
2368.TW,3036.TW,2026-02-26,117.90827509040219,-0.4121144724779267,3.9256779048442723
2368.TW,3036.TW,2026-03-02,74.49922946150775,-1.6013196971060453,3.9304943010733973
2368.TW,3036.TW,2026-03-03,79.54863176447509,-1.4802737863501054,3.935396608677962
2368.TW,3036.TW,2026-03-04,-43.45540548593408,-3.0995878191694572,3.9324797899830686
2368.TW,3036.TW,2026-03-05,-74.80740685998069,-2.696787687292239,3.927116532111696
2368.TW,3036.TW,2026-03-06,-35.83968702098446,-1.8589023527845565,3.924524305510768
2368.TW,3036.TW,2026-03-09,-65.63968322592757,-1.899310590556717,3.9198366381031495
2368.TW,3036.TW,2026-03-10,-34.2679201252065,-1.3936295148986713,3.917346864045725
2368.TW,3036.TW,2026-03-11,9.81523601062463,-0.8555681257805898,3.9180807915008695
2368.TW,3036.TW,2026-03-12,22.352991067169455,-0.663162728194261,3.9197285540924094
2368.TW,3036.TW,2026-03-13,30.425232517401582,-0.516115919197162,3.9219784172286953
2368.TW,3036.TW,2026-03-16,6.407997343914872,-0.6861998798484534,3.9224445558144514
2368.TW,3036.TW,2026-03-17,-40.20314743132997,-1.0715736328531935,3.9193826122952333
2368.TW,3036.TW,2026-03-18,-63.75177546935265,-1.1938448858973496,3.9144784326620443
2368.TW,3036.TW,2026-03-19,45.645252622479234,0.0554590019467729,3.917851845354698
2368.TW,3036.TW,2026-03-20,13.28537415793835,-0.23081398556772853,3.918834414006432
2368.TW,3036.TW,2026-03-23,36.41013614310668,0.15851721358884016,3.921350386973137
2368.TW,3036.TW,2026-03-24,-2.716491767687671,-0.30967956460147184,3.9211720772462764
2368.TW,3036.TW,2026-03-25,9.924271959360453,-0.024150993471681023,3.921831038234473
2368.TW,3036.TW,2026-03-26,45.36171969022371,0.740783591778648,3.9246743300469533
2368.TW,3036.TW,2026-03-27,43.08790329052681,0.869081678444826,3.927369339865848
2368.TW,3036.TW,2026-03-30,32.117267459656205,0.717623565707626,3.9293215572644256
2368.TW,3036.TW,2026-03-31,24.645168888880903,0.6648500264729899,3.9307514996192037
2368.TW,3036.TW,2026-04-01,78.4443061193283,1.7416821689737843,3.935427292331964
2368.TW,3036.TW,2026-04-02,41.0336185452486,0.7965656991037441,3.9378380521472143
2368.TW,3036.TW,2026-04-07,48.84055717544845,0.9021409275920664,3.9407240780221904
2368.TW,3036.TW,2026-04-08,95.05738897454103,1.9298996384003162,3.9464320011273224
2368.TW,3036.TW,2026-04-09,225.03319123579195,3.3309512483664885,3.9592594448945246
2368.TW,3036.TW,2026-04-10,211.65589600944202,2.4150393679100106,3.97129308368421
2368.TW,3036.TW,2026-04-13,165.1637068063461,1.531678044307533,3.9806997285076924
2368.TW,3036.TW,2026-04-14,258.21605237798224,2.246216937507577,3.9952362077304175
2368.TW,3036.TW,2026-04-15,262.05154891130394,1.932059374618174,4.009981731227321
2368.TW,3036.TW,2026-04-16,237.51064116587656,1.496305149435048,4.023540063159475
2368.TW,3036.TW,2026-04-17,263.7368326786933,1.5923548059824848,4.0381323425891615
2368.TW,3036.TW,2026-04-20,345.7566357131441,2.0202672768494354,4.056018790879616
2368.TW,3036.TW,2026-04-21,354.81847319315375,1.8108153198386578,4.074277307228478
2368.TW,3036.TW,2026-04-22,391.414538566386,1.8171111274891087,4.0939003202130735
2368.TW,3036.TW,2026-04-23,432.00557154406,1.8471620309133399,4.114651011875632
2368.TW,3036.TW,2026-04-24,578.9652515100873,2.3554964765072777,4.141348712419997
2368.TW,3036.TW,2026-04-27,595.3127459233665,2.059032612759665,4.16892338780996
2368.TW,3036.TW,2026-04-28,536.0861492142233,1.5262867891514686,4.1943522686990615
2368.TW,3036.TW,2026-04-29,517.8831338474256,1.2883685674539649,4.218296420912394
2368.TW,3036.TW,2026-04-30,538.6353468639966,1.2762719981089807,4.243181307892074
2368.TW,3036.TW,2026-05-04,556.0738334549053,1.2439240789318724,4.269540148781983
2368.TW,3036.TW,2026-05-05,596.3513841056056,1.3482413932211976,4.2974334050850125
2368.TW,3036.TW,2026-05-06,535.4029147968682,0.9253676178170767,4.32292211674998
2368.TW,3036.TW,2026-05-07,514.054008082657,0.7222323298346035,4.3478076045171195
2368.TW,3036.TW,2026-05-08,300.3044846705575,-0.7484156199849379,4.363665564180218
2368.TW,3036.TW,2026-05-11,264.0800962987869,-1.0380028900772313,4.378869160216601
2368.TW,3036.TW,2026-05-12,204.07713693131836,-1.5072142736319807,4.390971788246051
2368.TW,3036.TW,2026-05-13,125.96950542012769,-1.878334458215125,4.398580016219489
2368.TW,3036.TW,2026-05-14,255.02715148968286,-1.0125344844085244,4.4131169910686205
2368.TW,3036.TW,2026-05-15,120.67121230977,-1.7628198457878992,4.4198812214550705
2368.TW,3036.TW,2026-05-18,107.39574319879239,-1.6849571583673366,4.425693030637597
2368.TW,3036.TW,2026-05-19,133.83722441449095,-1.3892516905741807,4.432904770202244
2368.TW,3036.TW,2026-05-20,23.491536031540136,-1.7447891180402455,4.434224286298006
2368.TW,3036.TW,2026-05-21,18.938597353831938,-1.5574116681562915,4.435323309383071
2368.TW,3036.TW,2026-05-22,73.23363661103758,-1.1731930921455322,4.439484849121613
2368.TW,3036.TW,2026-05-25,111.69381083304552,-0.9032162222339386,4.446028386539652
2368.TW,3036.TW,2026-05-26,163.50826534506905,-0.5873187692411044,4.455232922698027
2368.TW,3036.TW,2026-05-27,81.84946935565154,-0.8905522799238441,4.459825055640425
2368.TW,3036.TW,2026-05-28,39.9169471248631,-0.9973870324629999,4.461989525590245
2368.TW,3036.TW,2026-05-29,58.276022942137615,-0.8232055855657483,4.465104238011441
2368.TW,3036.TW,2026-06-01,66.60105236006098,-0.7080232206083955,4.46861396215603
2368.TW,3036.TW,2026-06-02,3.8610657075214476,-1.043104284962299,4.468817436778069
2368.TW,3036.TW,2026-06-03,102.8622506170725,-0.2937424890922428,4.474218699268837
2368.TW,3036.TW,2026-06-04,112.24249805463296,-0.07407137422107694,4.479841792265766
2368.TW,3036.TW,2026-06-05,80.75283136908206,-0.37339756682008846,4.483835889211811
2368.TW,3036.TW,2026-06-08,226.9390622566857,1.798540507374525,4.494015235348257
2368.TW,3036.TW,2026-06-09,357.01365937874857,2.8515676568589505,4.509922413266255
2368.TW,3036.TW,2026-06-10,326.5781008809222,2.0762281476275657,4.523770936757631
2368.TW,3036.TW,2026-06-11,281.09620279605474,1.5665484860105272,4.535278008807292
2368.TW,3036.TW,2026-06-12,271.9254380808359,1.328955184257097,4.546164380492786
2368.TW,3036.TW,2026-06-15,280.7895061206218,1.2717271592423955,4.557232269481485
2368.TW,3036.TW,2026-06-16,334.7264662615173,1.5546942310373035,4.5699628930695555
2368.TW,3036.TW,2026-06-17,333.8029917742233,1.3836791633117946,4.58290039682964
2368.TW,3036.TW,2026-06-18,323.02678684417447,1.1728100162444064,4.595286474155396
2368.TW,3036.TW,2026-06-22,348.2311852231494,1.2405172431758515,4.608737050049892
2368.TW,3036.TW,2026-06-23,246.72240579654817,0.3657830411761122,4.618038975979373
2368.TW,3036.TW,2026-06-24,241.67472391343438,0.2925858251373654,4.627056055189797
2368.TW,3036.TW,2026-06-25,231.75390989830407,0.1543517178435177,4.635614207364119
2368.TW,3036.TW,2026-06-26,189.53560949015298,-0.28111081678164435,4.642526174059615
2368.TW,3036.TW,2026-06-29,183.36084872050685,-0.41575732306156293,4.6489911544473355
2368.TW,3105.TWO,2025-07-28,72.35339012314239,-1.4438853571982644,2.9495391387129444
2368.TW,3105.TWO,2025-07-29,86.1397781914846,-0.19203332419989652,2.9772777030348254
2368.TW,3105.TWO,2025-07-30,88.87992936176738,0.10787551920833977,3.0049927910373637
2368.TW,3105.TWO,2025-07-31,111.66943096342607,1.8973397889888801,3.038280558833512
2368.TW,3105.TWO,2025-08-04,98.34963462188676,0.7723976051395051,3.0667084498761046
2368.TW,3105.TWO,2025-08-05,98.58386505562117,0.7628468278331458,3.09472148618177
2368.TW,3105.TWO,2025-08-06,101.73198232674457,1.0808306794337537,3.1225222807694824
2368.TW,3105.TWO,2025-08-07,95.02569845838406,0.6247053648835031,3.148719417055746
2368.TW,3105.TWO,2025-08-08,131.8771746368896,2.904575457674363,3.1838263646012286
2368.TW,3105.TWO,2025-08-11,161.1688849544151,3.1487485697687916,3.225537781398399
2368.TW,3105.TWO,2025-08-12,179.61058767784107,2.835674263819129,3.2707089328648795
2368.TW,3105.TWO,2025-08-13,170.37126932954504,2.08012040688374,3.3133586296346036
2368.TW,3105.TWO,2025-08-14,165.05566899728507,1.667061070259476,3.3548858304679867
2368.TW,3105.TWO,2025-08-15,163.71982784931942,1.4446472087514248,3.3948271691306524
2368.TW,3105.TWO,2025-08-18,143.2402392287633,0.8087088044283126,3.432458891406742
2368.TW,3105.TWO,2025-08-19,140.83681527011385,0.6708503694550718,3.467326685316253
2368.TW,3105.TWO,2025-08-20,124.57913493708111,0.18290632652661562,3.4964849924692163
2368.TW,3105.TWO,2025-08-21,124.62838358771381,0.11924763137654622,3.5253119283597516
2368.TW,3105.TWO,2025-08-22,136.0351751479737,0.37556224942134275,3.5557334055363348
2368.TW,3105.TWO,2025-08-25,127.38608072682752,0.042087623714408696,3.584750970747737
2368.TW,3105.TWO,2025-08-26,118.55467228691339,-0.3397410889963073,3.6111183623677476
2368.TW,3105.TWO,2025-08-27,130.4922305225121,-0.0035971585865265344,3.6398353860140293
2368.TW,3105.TWO,2025-08-28,138.35361471764742,0.20888136839901608,3.6696124494617517
2368.TW,3105.TWO,2025-08-29,159.64098030869053,0.9495218123506213,3.7027665467292183
2368.TW,3105.TWO,2025-09-01,116.0196481965857,-0.833274578258415,3.725957449326506
2368.TW,3105.TWO,2025-09-02,97.80476592235237,-1.574276189291416,3.744892284869303
2368.TW,3105.TWO,2025-09-03,100.41262405119465,-1.4589977242567542,3.7641583723076164
2368.TW,3105.TWO,2025-09-04,93.7391870247248,-1.72007603935001,3.7818260923807347
2368.TW,3105.TWO,2025-09-05,94.64540511820525,-1.5049057850129073,3.7993743991958198
2368.TW,3105.TWO,2025-09-08,97.25269295637736,-1.2634905698729126,3.817412751263154
2368.TW,3105.TWO,2025-09-09,113.1757869386405,-0.5969119808814322,3.8379504991602236
2368.TW,3105.TWO,2025-09-10,137.48650258752082,0.5034846465976396,3.862316796748943
2368.TW,3105.TWO,2025-09-11,151.2694199399109,1.2035185986268695,3.887840085433147
2368.TW,3105.TWO,2025-09-12,132.70940051973048,0.44949105158969477,3.910572535327954
2368.TW,3105.TWO,2025-09-15,113.5102495508985,-0.4656406473644773,3.9297087891710523
2368.TW,3105.TWO,2025-09-16,89.62685740439707,-1.5147058776276818,3.945129585499114
2368.TW,3105.TWO,2025-09-17,79.82228360532531,-1.7319119743218934,3.9585664120226536
2368.TW,3105.TWO,2025-09-18,60.55946829427495,-2.138357212488343,3.9689888520493937
2368.TW,3105.TWO,2025-09-19,52.16705636495186,-2.058746103712761,3.9778162366038763
2368.TW,3105.TWO,2025-09-22,61.113812766519516,-1.5307330869319553,3.988103609441242
2368.TW,3105.TWO,2025-09-23,67.88475673805385,-1.1769853896811548,3.9992835402730296
2368.TW,3105.TWO,2025-09-24,75.48937308738442,-0.8430333180515548,4.011375717471614
2368.TW,3105.TWO,2025-09-25,44.746954305657766,-1.6203519637354415,4.018610269789848
2368.TW,3105.TWO,2025-09-26,42.06128330404067,-1.5873080390026433,4.0249102828849015
2368.TW,3105.TWO,2025-09-30,59.26877496954455,-0.932291045920225,4.033786842872212
2368.TW,3105.TWO,2025-10-01,59.969602668940524,-0.8345122733778801,4.042602329410761
2368.TW,3105.TWO,2025-10-02,56.38729651181421,-0.8645873243560191,4.050846711447902
2368.TW,3105.TWO,2025-10-03,61.212235967737,-0.6572781698750569,4.059700341787489
2368.TW,3105.TWO,2025-10-07,45.7181136281057,-1.0320633214308115,4.066305589185613
2368.TW,3105.TWO,2025-10-08,31.101180814259067,-1.3142707386322663,4.070957267235706
2368.TW,3105.TWO,2025-10-09,19.183730679779558,-1.4731157719234325,4.073857751410136
2368.TW,3105.TWO,2025-10-13,27.402789208557692,-1.161562213985967,4.077771802386225
2368.TW,3105.TWO,2025-10-14,27.366310866994525,-1.1672533463452492,4.081490629346631
2368.TW,3105.TWO,2025-10-15,18.852525039425245,-1.486889976669244,4.084086563728656
2368.TW,3105.TWO,2025-10-16,20.344663471697345,-1.4187588796199304,4.086861664713276
2368.TW,3105.TWO,2025-10-17,14.755837168125652,-1.565187751975627,4.088816551341201
2368.TW,3105.TWO,2025-10-20,21.967302277791248,-1.1154331436426936,4.09171067568584
2368.TW,3105.TWO,2025-10-21,9.95090414993632,-1.5353173594392573,4.093067252006078
2368.TW,3105.TWO,2025-10-22,-9.777526888519617,-2.0782125016278234,4.091751391153387
2368.TW,3105.TWO,2025-10-23,-4.687522203352444,-1.6287802838200658,4.091138481525143
2368.TW,3105.TWO,2025-10-27,-8.26885112233606,-1.5893414476629337,4.0900366832020785
2368.TW,3105.TWO,2025-10-28,12.082673394296876,-0.6876700167748168,4.091602745868809
2368.TW,3105.TWO,2025-10-29,1.5339417903520598,-1.0468776728676652,4.091801115526642
2368.TW,3105.TWO,2025-10-30,21.75809240509068,-0.11382185878022345,4.094492428267899
2368.TW,3105.TWO,2025-10-31,23.573319319966743,0.05052791477275978,4.097661325394881
2368.TW,3105.TWO,2025-11-03,7.899536338093128,-0.630121415226424,4.098811161792412
2368.TW,3105.TWO,2025-11-04,-22.03560294043558,-1.9765927636094123,4.095521884879458
2368.TW,3105.TWO,2025-11-05,-63.61864644285515,-3.113898833281581,4.085734558319611
2368.TW,3105.TWO,2025-11-06,-36.829707586142604,-1.7577359630089016,4.080303889185435
2368.TW,3105.TWO,2025-11-07,-27.919362675601008,-1.2497479441033896,4.07643564019412
2368.TW,3105.TWO,2025-11-10,-10.37260023248001,-0.47571406230830476,4.075021021792894
2368.TW,3105.TWO,2025-11-11,-0.07428516866713153,0.004278225588443352,4.0750109226306845
2368.TW,3105.TWO,2025-11-12,44.287926325958324,1.755925351966891,4.080986951901285
2368.TW,3105.TWO,2025-11-13,36.08810924544616,1.340140450916075,4.086034207400197
2368.TW,3105.TWO,2025-11-14,51.12633214550158,1.7281901397141421,4.092547610206612
2368.TW,3105.TWO,2025-11-17,31.453334451512603,0.9692858674002565,4.096596356560902
2368.TW,3105.TWO,2025-11-18,15.711825817876445,0.4290374416770706,4.098532256208102
2368.TW,3105.TWO,2025-11-19,38.234656999570575,1.1352248301826213,4.103101031899824
2368.TW,3105.TWO,2025-11-20,84.59593317131544,2.202903558165102,4.113163048308994
2368.TW,3105.TWO,2025-11-21,90.38563691954448,1.9846424021448574,4.123101835640992
2368.TW,3105.TWO,2025-11-24,34.786477073279855,0.47633689143381974,4.127258887835611
2368.TW,3105.TWO,2025-11-25,38.42325395229898,0.533170613352087,4.132234082361983
2368.TW,3105.TWO,2025-11-26,63.55774534372301,1.0763302671790334,4.140179691753747
2368.TW,3105.TWO,2025-11-27,85.27898471860283,1.4527528805978611,4.150558167027597
2368.TW,3105.TWO,2025-11-28,36.81383050658144,0.2831137008407695,4.155414170953938
2368.TW,3105.TWO,2025-12-01,33.564993089796985,0.17615335621411538,4.159702963130604
2368.TW,3105.TWO,2025-12-02,-29.11437028656178,-1.2950144972231994,4.155785752450915
2368.TW,3105.TWO,2025-12-03,-18.992630995400418,-1.2233087614983682,4.153361793866301
2368.TW,3105.TWO,2025-12-04,-17.36351059478602,-1.255621101382622,4.151213949452291
2368.TW,3105.TWO,2025-12-05,-17.60804840567357,-1.303455710189086,4.149019745695327
2368.TW,3105.TWO,2025-12-08,-43.31667895310147,-1.837981462150594,4.143551988980259
2368.TW,3105.TWO,2025-12-09,-95.11156913353932,-2.50278018763411,4.130596246653908
2368.TW,3105.TWO,2025-12-10,-97.60941141913963,-2.1021032724616173,4.117114297928993
2368.TW,3105.TWO,2025-12-11,-109.99404274374604,-1.9567460015131672,4.102216882681688
2368.TW,3105.TWO,2025-12-12,-126.63299778695625,-1.892098267935414,4.084618799294571
2368.TW,3105.TWO,2025-12-15,-142.0626959484906,-1.8136549294558357,4.065235109147236
2368.TW,3105.TWO,2025-12-16,-86.49207936329117,-0.9648503047931463,4.054683905752963
2368.TW,3105.TWO,2025-12-17,-96.5234425321787,-0.9939901253263531,4.043062024271738
2368.TW,3105.TWO,2025-12-18,-91.7259776663492,-0.8450823276777832,4.032224261851389
2368.TW,3105.TWO,2025-12-19,-93.01358423126248,-0.785250022472062,4.021083455675556
2368.TW,3105.TWO,2025-12-22,-116.52315129669057,-1.018244109167587,4.006057058264404
2368.TW,3105.TWO,2025-12-23,-103.1488099715092,-0.7424775755742796,3.993228367276298
2368.TW,3105.TWO,2025-12-24,-82.40767206896214,-0.35484697270373355,3.983227387692213
2368.TW,3105.TWO,2025-12-26,-58.24501206932587,0.1867879005872786,3.9762519365662046
2368.TW,3105.TWO,2025-12-29,-31.850217045065392,0.8623555493853972,3.9726451712523096
2368.TW,3105.TWO,2025-12-30,-43.82046263907398,0.7993682077216601,3.967723660284666
2368.TW,3105.TWO,2025-12-31,-40.08690729405009,0.923200404575546,3.9633546134473683
2368.TW,3105.TWO,2026-01-02,-66.74529346391796,0.31119222345620123,3.956368211265272
2368.TW,3105.TWO,2026-01-05,-89.72125616924575,-0.24267834254772075,3.9469298592300595
2368.TW,3105.TWO,2026-01-06,-64.61796683635112,0.643770698374524,3.9402142886719123
2368.TW,3105.TWO,2026-01-07,-89.61824202053674,-0.11640576955024659,3.930962016178998
2368.TW,3105.TWO,2026-01-08,-142.53793102713928,-1.7294069702320367,3.9156073380017835
2368.TW,3105.TWO,2026-01-09,-206.50248157642568,-2.75382311100015,3.8916926748523735
2368.TW,3105.TWO,2026-01-12,-235.00997804771202,-2.612609172861488,3.8630725707321165
2368.TW,3105.TWO,2026-01-13,-154.01047958898732,-0.9934222992933645,3.8466071586220854
2368.TW,3105.TWO,2026-01-14,-148.80760204923888,-0.8832283589658608,3.830612967817706
2368.TW,3105.TWO,2026-01-15,-179.23672622071854,-1.3072804148220656,3.811183060545481
2368.TW,3105.TWO,2026-01-16,-153.53005435859689,-0.7798251125712008,3.7951590739837395
2368.TW,3105.TWO,2026-01-19,-181.53444606047503,-1.1549655724354613,3.777068712786249
2368.TW,3105.TWO,2026-01-20,-222.98291426473486,-1.625553110212863,3.753837527640535
2368.TW,3105.TWO,2026-01-21,-232.9185530599908,-1.5711714834600443,3.730610837373798
2368.TW,3105.TWO,2026-01-22,-243.6914029460919,-1.5232309758069458,3.7054500380932613
2368.TW,3105.TWO,2026-01-23,-204.4138682478333,-0.8890012987690068,3.6851557218702427
2368.TW,3105.TWO,2026-01-26,-192.95940633890768,-0.6551180351293129,3.6661053063029483
2368.TW,3105.TWO,2026-01-27,-194.01828614000874,-0.5948025528391463,3.6467839867197878
2368.TW,3105.TWO,2026-01-28,-216.19836476725175,-0.8492000727212495,3.624229001678904
2368.TW,3105.TWO,2026-01-29,-192.54227855980753,-0.3931220730927524,3.6056146846500132
2368.TW,3105.TWO,2026-01-30,-142.88251784858232,0.6203894281451573,3.5926714508353554
2368.TW,3105.TWO,2026-02-02,-89.74613758700343,1.66686123287801,3.5851356967798838
2368.TW,3105.TWO,2026-02-03,-92.71639415329594,1.7347818116365017,3.576957128672817
2368.TW,3105.TWO,2026-02-04,-102.0867333232436,1.5890511287579554,3.5675554247381758
2368.TW,3105.TWO,2026-02-05,-95.99627513887174,1.5737761289141947,3.559290846340792
2368.TW,3105.TWO,2026-02-06,-37.595307813095246,2.2248410143796598,3.556383782131864
2368.TW,3105.TWO,2026-02-09,-45.290379058981785,1.8160688333357673,3.5526647033489014
2368.TW,3105.TWO,2026-02-10,-62.466516174661365,1.3805660177422883,3.547215595033425
2368.TW,3105.TWO,2026-02-11,-44.88395175700475,1.4747571838521032,3.5435189519600274
2368.TW,3105.TWO,2026-02-23,-138.92947119515645,0.07952591377017827,3.531156236401039
2368.TW,3105.TWO,2026-02-24,-212.9330902478689,-0.935862542619001,3.510754668771613
2368.TW,3105.TWO,2026-02-25,-277.66999209304527,-1.6596048639173104,3.4826836265088215
2368.TW,3105.TWO,2026-02-26,-340.2250026782515,-2.1353020677253225,3.4476221382902783
2368.TW,3105.TWO,2026-03-02,-345.4652436490876,-1.937988768299322,3.413785185023299
2368.TW,3105.TWO,2026-03-03,-337.3731457804731,-1.6879048541086814,3.3822198354052038
2368.TW,3105.TWO,2026-03-04,-277.85264176344845,-1.02919108590167,3.3594404280372525
2368.TW,3105.TWO,2026-03-05,-266.2586633980269,-0.8634534389705053,3.337587027163476
2368.TW,3105.TWO,2026-03-06,-200.89272899141156,-0.23706110816044307,3.3215262230130147
2368.TW,3105.TWO,2026-03-09,-131.61133688465134,0.38245846300710723,3.3122362181935876
2368.TW,3105.TWO,2026-03-10,-84.29558028702536,0.769435439131012,3.3063132245600944
2368.TW,3105.TWO,2026-03-11,-90.70818650919637,0.6770082835218846,3.2994163722124075
2368.TW,3105.TWO,2026-03-12,-100.1055820268474,0.5966405349341064,3.291762528895368
2368.TW,3105.TWO,2026-03-13,-95.30725978511464,0.6429978197347966,3.2844671094778404
2368.TW,3105.TWO,2026-03-16,-88.11566578558484,0.7003576712353498,3.2780581420565915
2368.TW,3105.TWO,2026-03-17,-46.588247856856924,1.0412774487213217,3.274840924349817
2368.TW,3105.TWO,2026-03-18,-137.85692694357635,0.2667967102345473,3.2645521518997223
2368.TW,3105.TWO,2026-03-19,-150.23972930045443,0.20704202439184047,3.2524729694251944
2368.TW,3105.TWO,2026-03-20,-129.72872257622907,0.45151079352699375,3.2425958119104803
2368.TW,3105.TWO,2026-03-23,-60.60771160698971,1.1628764290921916,3.2384626327389254
2368.TW,3105.TWO,2026-03-24,-126.61388333643026,0.48800229923661786,3.2300178086996105
2368.TW,3105.TWO,2026-03-25,-187.91823767365554,-0.143108896234178,3.216474473920985
2368.TW,3105.TWO,2026-03-26,-230.68166319281772,-0.612253438345997,3.199525527697844
2368.TW,3105.TWO,2026-03-27,-292.642560250732,-1.3300390899838128,3.177082467683177
2368.TW,3105.TWO,2026-03-30,-333.8538907232546,-1.801680690431875,3.1515820997751756
2368.TW,3105.TWO,2026-03-31,-243.47533444341934,-0.9394763929500911,3.1352574852742734
2368.TW,3105.TWO,2026-04-01,-230.05506992497476,-0.8366257004897195,3.119045925833865
2368.TW,3105.TWO,2026-04-02,-262.44718661102024,-1.2373504554238364,3.100973640929454
2368.TW,3105.TWO,2026-04-07,-326.66657877394823,-1.7782751878444876,3.0771313820463124
2368.TW,3105.TWO,2026-04-08,-345.6273198204492,-1.71837226486221,3.0505230901414597
2368.TW,3105.TWO,2026-04-09,-229.76176726470862,-0.4640935711726954,3.033488243871013
2368.TW,3105.TWO,2026-04-10,-308.3649122831191,-1.1608122372666851,3.0098029881437887
2368.TW,3105.TWO,2026-04-13,-314.57901588950995,-1.1065390587056958,2.986656308162119
2368.TW,3105.TWO,2026-04-14,-210.43489742286147,0.02542193092145642,2.9716318916428976
2368.TW,3105.TWO,2026-04-15,-159.6478399324012,0.6317368348214838,2.960789459195569
2368.TW,3105.TWO,2026-04-16,-279.43978575677465,-0.6319980642360606,2.940443857429973
2368.TW,3105.TWO,2026-04-17,-395.0520465850052,-1.7821603287690508,2.909753590818213
2368.TW,3105.TWO,2026-04-20,-490.06996290113784,-2.320239160696692,2.8693823340581246
2368.TW,3105.TWO,2026-04-21,-520.2788379170534,-2.183486261136175,2.826527413236166
2368.TW,3105.TWO,2026-04-22,-427.9868952144145,-1.2759337050721424,2.7936940015528196
2368.TW,3105.TWO,2026-04-23,-290.6438190284755,0.13935186579339887,2.773666752142475
2368.TW,3105.TWO,2026-04-24,-126.13258303445764,1.7383722335438851,2.765436715625612
2368.TW,3105.TWO,2026-04-27,52.27776759772951,2.663531489461158,2.7684228948702474
2368.TW,3105.TWO,2026-04-28,3.1031339178837243,1.9262499957885244,2.768598997037314
2368.TW,3105.TWO,2026-04-29,-32.66629493460732,1.4796984469909735,2.766774084834619
2368.TW,3105.TWO,2026-04-30,-93.63258762267697,0.9993187274210669,2.7613010190427003
2368.TW,3105.TWO,2026-05-04,-10.675819223456074,1.3822352511103362,2.7607049917989843
2368.TW,3105.TWO,2026-05-05,-54.43876222325298,1.0231249117747876,2.7575531064482615
2368.TW,3105.TWO,2026-05-06,60.30844145769447,1.4976840459930987,2.7606251296893225
2368.TW,3105.TWO,2026-05-07,63.68545783273453,1.3516136929867575,2.763814127663003
2368.TW,3105.TWO,2026-05-08,-34.020037902659396,0.7633022263057997,2.762163714547276
2368.TW,3105.TWO,2026-05-11,-55.182248488105415,0.5866549352155346,2.759348043618316
2368.TW,3105.TWO,2026-05-12,-25.996326607734318,0.6682920774615488,2.7580799655738826
2368.TW,3105.TWO,2026-05-13,-19.940212480551963,0.6440623565982403,2.757153669787945
2368.TW,3105.TWO,2026-05-14,90.49750655051162,1.1206954673232268,2.761198502871885
2368.TW,3105.TWO,2026-05-15,19.843253818416997,0.6864182640233514,2.7620290302242565
2368.TW,3105.TWO,2026-05-18,2.089978377221996,0.5209604921613922,2.7621141120856296
2368.TW,3105.TWO,2026-05-19,19.969650018080756,0.5502304112865125,2.7629303315934837
2368.TW,3105.TWO,2026-05-20,-2.127860463480147,0.33496132003568807,2.762846064692046
2368.TW,3105.TWO,2026-05-21,-51.84191371660654,-0.33467449146780137,2.760643822577783
2368.TW,3105.TWO,2026-05-22,-135.79805352659582,-1.9764261122369555,2.7543717666342946
2368.TW,3105.TWO,2026-05-25,-72.55429561652727,-1.043103307437804,2.75099551785439
2368.TW,3105.TWO,2026-05-26,-102.03674259427157,-1.4043246325495324,2.7461564315309506
2368.TW,3105.TWO,2026-05-27,-161.87977065188966,-2.0339517293897806,2.738632667592669
2368.TW,3105.TWO,2026-05-28,-140.9223950455655,-1.520122789852806,2.7325543557237943
2368.TW,3105.TWO,2026-05-29,-120.61580638803912,-1.1841296540884088,2.7274266180561386
2368.TW,3105.TWO,2026-06-01,-121.09913932673317,-1.080533896588321,2.722311232396061
2368.TW,3105.TWO,2026-06-02,-138.01212963854755,-1.2042112241853644,2.7166702349639182
2368.TW,3105.TWO,2026-06-03,-17.6017307594459,0.45035862898203605,2.715963936345123
2368.TW,3105.TWO,2026-06-04,21.625906730221004,1.0649366496271087,2.7167771532206677
2368.TW,3105.TWO,2026-06-05,-2.2661495191509857,0.6898543402615521,2.716693284724518
2368.TW,3105.TWO,2026-06-08,127.02836311961983,2.091086663082109,2.721051888694189
2368.TW,3105.TWO,2026-06-09,136.60846180921703,1.8906731475675786,2.726181739769136
2368.TW,3105.TWO,2026-06-10,110.4724310528054,1.438303338091283,2.7301445571041376
2368.TW,3105.TWO,2026-06-11,20.625620533329084,0.5534989432965405,2.730888305940646
2368.TW,3105.TWO,2026-06-12,-67.101315324511,-0.3522274492932973,2.7283669591048487
2368.TW,3105.TWO,2026-06-15,-81.89304902308845,-0.4668912532524321,2.725277980521577
2368.TW,3105.TWO,2026-06-16,-7.873596845454813,0.356245374051962,2.7249937863878393
2368.TW,3105.TWO,2026-06-17,-52.86348385957808,-0.10974865418316479,2.7229983902189607
2368.TW,3105.TWO,2026-06-18,-90.44646494191738,-0.49911917533088623,2.719553962662249
2368.TW,3105.TWO,2026-06-22,-84.31721955072226,-0.47048246119939263,2.7162924972922315
2368.TW,3105.TWO,2026-06-23,-150.00957606008933,-1.1241459539666314,2.710746314291359
2368.TW,3105.TWO,2026-06-24,-40.09291806540023,0.03212856416871332,2.7093994101786616
2368.TW,3105.TWO,2026-06-25,-14.23837396982276,0.2454504758233419,2.7089381727209996
2368.TW,3105.TWO,2026-06-26,40.897560342907354,0.7923627787109785,2.7101472633421997
2368.TW,3105.TWO,2026-06-29,37.97036771019589,0.6796597189851022,2.7112369715771947
2382.TW,4958.TW,2025-07-28,-12.646417451617992,-0.3226876769284059,2.3536667055045477
2382.TW,4958.TW,2025-07-29,-38.53114843095449,-2.7486306544342964,2.3301599627346894
2382.TW,4958.TW,2025-07-30,-26.211538563089732,-1.3956852444685977,2.315367878350419
2382.TW,4958.TW,2025-07-31,-17.441035946714692,-0.308275219841011,2.3058142112505555
2382.TW,4958.TW,2025-08-04,-9.326622065972288,0.8831731449874325,2.301040830966344
2382.TW,4958.TW,2025-08-05,-1.3878963605250192,1.8207419365867952,2.3003562815609873
2382.TW,4958.TW,2025-08-06,-1.9378491084444818,1.547326563939878,2.299424605560018
2382.TW,4958.TW,2025-08-07,-5.692700191914753,0.9881946568536664,2.2967187473105857
2382.TW,4958.TW,2025-08-08,-14.750271802341217,-0.11114111624716512,2.2896201973476202
2382.TW,4958.TW,2025-08-11,-40.72156694482942,-2.488152492640665,2.268742331895356
2382.TW,4958.TW,2025-08-12,-55.66020035528322,-2.8274235117885516,2.2401939731831333
2382.TW,4958.TW,2025-08-13,-90.05931071712536,-3.2699212922546597,2.191541767965181
2382.TW,4958.TW,2025-08-14,-71.45262220873377,-1.9915547684943824,2.1562378672918876
2382.TW,4958.TW,2025-08-15,-79.09703410005824,-1.9470048779117604,2.1169901497568735
2382.TW,4958.TW,2025-08-18,-91.65897650055967,-2.0198066881121575,2.0707930015105243
2382.TW,4958.TW,2025-08-19,-77.38086851190133,-1.3686120763055902,2.0344016822348427
2382.TW,4958.TW,2025-08-20,-72.30499661658263,-1.0875229987046409,2.0023233233459954
2382.TW,4958.TW,2025-08-21,-79.73459985974227,-1.1895713591252721,1.966504781433346
2382.TW,4958.TW,2025-08-22,-80.03724781536363,-1.0823649844103764,1.9309633091510807
2382.TW,4958.TW,2025-08-25,-82.41444071812953,-1.0425908675490325,1.8934152845902614
2382.TW,4958.TW,2025-08-26,-98.96084961290154,-1.3729675041155314,1.8468786901030905
2382.TW,4958.TW,2025-08-27,-86.74173197226133,-0.9285133258508274,1.8077288621514853
2382.TW,4958.TW,2025-08-28,-85.90802419945919,-0.8188570223642393,1.769833454121201
2382.TW,4958.TW,2025-08-29,-86.35663091779907,-0.7490321202318524,1.7324160171620093
2382.TW,4958.TW,2025-09-01,-77.1386853695052,-0.40670588664479823,1.7008498833270482
2382.TW,4958.TW,2025-09-02,-64.01616759043696,0.10695770778232877,1.676076308115732
2382.TW,4958.TW,2025-09-03,-58.31815386387888,0.47201459228434406,1.6539461276783511
2382.TW,4958.TW,2025-09-04,-37.07720574815744,1.6382346888475592,1.6407621784643058
2382.TW,4958.TW,2025-09-05,-33.58388969461362,2.0869644051163037,1.6288726506634645
2382.TW,4958.TW,2025-09-08,-21.23217293713776,2.4205367682652703,1.6216434561107844
2382.TW,4958.TW,2025-09-09,-16.308207209236514,2.2208926447965927,1.6161227137090486
2382.TW,4958.TW,2025-09-10,-8.177987455234643,2.115772827732609,1.6133271928866846
2382.TW,4958.TW,2025-09-11,-11.211294677657122,1.730543788252241,1.6094841908796638
2382.TW,4958.TW,2025-09-12,-6.974017328093623,1.6319889657908468,1.607094802322385
2382.TW,4958.TW,2025-09-15,-0.25330063295695027,1.6201866949235264,1.6070095958490658
2382.TW,4958.TW,2025-09-16,-12.288591796098729,1.1342191080853623,1.6027079251233391
2382.TW,4958.TW,2025-09-17,-9.804104085516087,1.0900053340120306,1.599314946799988
2382.TW,4958.TW,2025-09-18,-1.122805481831847,1.204152416269748,1.5989303463789992
2382.TW,4958.TW,2025-09-19,0.29855333517440386,1.1235122798215864,1.599032570172256
2382.TW,4958.TW,2025-09-22,-7.94822767009407,0.806697349040145,1.596223826765725
2382.TW,4958.TW,2025-09-23,2.7158093734431077,1.0341786226416363,1.5971608577228311
2382.TW,4958.TW,2025-09-24,3.59927091529147,0.9803532898382101,1.5983832012239798
2382.TW,4958.TW,2025-09-25,-0.48941667429363633,0.781758935790417,1.5982134651174593
2382.TW,4958.TW,2025-09-26,10.828133666494864,1.159200943920845,1.6017994584215283
2382.TW,4958.TW,2025-09-30,13.299683886763944,1.2570009131625723,1.6062439962985169
2382.TW,4958.TW,2025-10-01,15.508836356074653,1.3598977157069276,1.6113125552175847
2382.TW,4958.TW,2025-10-02,24.633567933440816,1.9160132524221347,1.6192976640049814
2382.TW,4958.TW,2025-10-03,22.71896430210313,1.6866673017043567,1.62688394155219
2382.TW,4958.TW,2025-10-07,26.95115768311979,1.8568579595265002,1.6359850674545562
2382.TW,4958.TW,2025-10-08,20.93193978036504,1.307434858165234,1.643124837301104
2382.TW,4958.TW,2025-10-09,14.103112753932692,0.7207252938357527,1.647906520091522
2382.TW,4958.TW,2025-10-13,20.33500450199267,1.0907622075375383,1.6545351692393575
2382.TW,4958.TW,2025-10-14,31.894518824500636,1.7513419201896478,1.66406115146703
2382.TW,4958.TW,2025-10-15,31.596770003160373,1.5354267215010027,1.6736433423806731
2382.TW,4958.TW,2025-10-16,26.46278236853263,1.0514821389662348,1.6820585664031664
2382.TW,4958.TW,2025-10-17,28.139594407402342,1.084704594708579,1.6908565671626052
2382.TW,4958.TW,2025-10-20,30.97927726885635,1.2078156340794013,1.7007501678835664
2382.TW,4958.TW,2025-10-21,0.34638385498982416,-1.2408051487295466,1.7008725758025922
2382.TW,4958.TW,2025-10-22,3.7662962441536934,-0.9972444902726602,1.70217453261761
2382.TW,4958.TW,2025-10-23,5.597169815151119,-0.9889432498632954,1.7041185411391775
2382.TW,4958.TW,2025-10-27,7.770797519380096,-0.8385525647116591,1.7069362882041923
2382.TW,4958.TW,2025-10-28,8.767281124709257,-0.7909302945640917,1.7100208286796752
2382.TW,4958.TW,2025-10-29,7.886267846452256,-0.9654533903278818,1.712827984970253
2382.TW,4958.TW,2025-10-30,10.470831212425765,-0.706574648962442,1.7164726572780107
2382.TW,4958.TW,2025-10-31,9.771012951088778,-0.7502607811946419,1.7198052012110119
2382.TW,4958.TW,2025-11-03,3.29135342140097,-1.2660787786445358,1.7209414708338318
2382.TW,4958.TW,2025-11-04,1.3218042051220777,-1.2966607786763729,1.7213847839181966
2382.TW,4958.TW,2025-11-05,7.9585946831447245,-0.6297107686506437,1.724008240746292
2382.TW,4958.TW,2025-11-06,11.576381564458075,-0.2404107850699675,1.7278243826329045
2382.TW,4958.TW,2025-11-07,9.631317142242722,-0.3721550447440818,1.730958766236001
2382.TW,4958.TW,2025-11-10,11.636647319883195,-0.17157417721232665,1.7347868774941322
2382.TW,4958.TW,2025-11-11,11.895621967188163,-0.10873146965788284,1.738700647188352
2382.TW,4958.TW,2025-11-12,25.543191213749907,1.2835446339821937,1.7465612642404347
2382.TW,4958.TW,2025-11-13,10.86184873354972,-0.09183160245247916,1.7500858584485688
2382.TW,4958.TW,2025-11-14,21.190371857304598,1.141286134976153,1.7565582799634767
2382.TW,4958.TW,2025-11-17,16.2520897746752,0.7038873197250507,1.7615872370939099
2382.TW,4958.TW,2025-11-18,15.95357751488595,0.94331042692928,1.7664424554616713
2382.TW,4958.TW,2025-11-19,16.77872541888121,0.9870785613669958,1.7715047051662909
2382.TW,4958.TW,2025-11-20,14.072045364410116,0.46251235034594285,1.7759510580972169
2382.TW,4958.TW,2025-11-21,9.799426691185545,-0.3251311034914703,1.7790672961502019
2382.TW,4958.TW,2025-11-24,12.06445744288331,0.04128308034024394,1.7829126033685299
2382.TW,4958.TW,2025-11-25,17.713353049157888,0.9644450703329676,1.7885093281216096
2382.TW,4958.TW,2025-11-26,18.536160252559398,1.0043290412142163,1.7944666759966275
2382.TW,4958.TW,2025-11-27,14.43130442130385,0.24959496591800295,1.7992271864224476
2382.TW,4958.TW,2025-11-28,9.958954430327253,-0.5401678139389068,1.8025786933321417
2382.TW,4958.TW,2025-12-01,10.641213154438447,-0.5257206888732151,1.8062123186059855
2382.TW,4958.TW,2025-12-02,14.080888087930589,0.011859089873310524,1.8109696802319302
2382.TW,4958.TW,2025-12-03,19.67055973962971,1.1704661533890632,1.8175509424010254
2382.TW,4958.TW,2025-12-04,18.863793574986744,0.891627972959028,1.8239149592539883
2382.TW,4958.TW,2025-12-05,17.252888308144634,0.45123846042214383,1.8298195302308051
2382.TW,4958.TW,2025-12-08,17.300591395068864,0.4022030257594802,1.835716766298517
2382.TW,4958.TW,2025-12-09,14.237150480948912,-0.3768279084466334,1.8405850875201955
2382.TW,4958.TW,2025-12-10,12.110399238141383,-0.8773025186806329,1.8446959246523975
2382.TW,4958.TW,2025-12-11,8.303388169805658,-1.8471596774831642,1.8475052395404308
2382.TW,4958.TW,2025-12-12,11.813424463527724,-0.7990063010560938,1.851421662189516
2382.TW,4958.TW,2025-12-15,13.436120706775114,-0.27444394796938776,1.8558234331321264
2382.TW,4958.TW,2025-12-16,8.027391270716777,-1.6493243725046043,1.8583962012252377
2382.TW,4958.TW,2025-12-17,-4.07373664871983,-3.184109089334906,1.85706020740287
2382.TW,4958.TW,2025-12-18,-5.840842889854827,-2.6223827475525154,1.8551593839843745
2382.TW,4958.TW,2025-12-19,-1.8817044735889112,-1.7773017141461782,1.854542526899071
2382.TW,4958.TW,2025-12-22,-8.747174862204417,-2.193608643292091,1.8515627625748954
2382.TW,4958.TW,2025-12-23,-10.62716809677488,-2.018471115862048,1.8479433930271452
2382.TW,4958.TW,2025-12-24,-13.203329490662952,-1.9410876424992691,1.843400739973006
2382.TW,4958.TW,2025-12-26,-11.755664561457479,-1.5796500277134262,1.8393884355483483
2382.TW,4958.TW,2025-12-29,-8.602769015996273,-1.1729624623911816,1.8364838666849375
2382.TW,4958.TW,2025-12-30,-4.733914837414602,-0.7667336659947751,1.8349070160165997
2382.TW,4958.TW,2025-12-31,1.9812545476498826,-0.14694676915976643,1.8355727924824305
2382.TW,4958.TW,2026-01-02,9.08907269272072,0.5404178016419968,1.8385977195935017
2382.TW,4958.TW,2026-01-05,9.601438607206092,0.6599844812232333,1.8417988834081505
2382.TW,4958.TW,2026-01-06,4.086907335268734,0.20783798038223994,1.843212269108947
2382.TW,4958.TW,2026-01-07,-1.3357543381636106,-0.2624543564270237,1.8427415446419222
2382.TW,4958.TW,2026-01-08,0.09448053326866557,-0.0335299089835613,1.8427735002128491
2382.TW,4958.TW,2026-01-09,6.615018598745621,0.7723465689167811,1.8450352384747701
2382.TW,4958.TW,2026-01-12,-20.243262277000156,-2.029106078122579,1.837447501276831
2382.TW,4958.TW,2026-01-13,-29.851254036527507,-2.4535882709410464,1.8259798264399776
2382.TW,4958.TW,2026-01-14,-29.381820294174133,-2.074991942571683,1.8145242729815199
2382.TW,4958.TW,2026-01-15,-28.636217232714046,-1.7545045462296938,1.80358092391731
2382.TW,4958.TW,2026-01-16,-31.884490904670656,-1.7433528927100257,1.7910732669266822
2382.TW,4958.TW,2026-01-19,-30.871740692288085,-1.4765780413229472,1.7793842453266506
2382.TW,4958.TW,2026-01-20,-23.213447782911373,-0.8494020897999286,1.7709975403085823
2382.TW,4958.TW,2026-01-21,-15.93704015444564,-0.31417757873164803,1.7654478869116441
2382.TW,4958.TW,2026-01-22,-16.0898700903939,-0.30501005117950186,1.7596820135608044
2382.TW,4958.TW,2026-01-23,-27.718879914562194,-1.0332630850912226,1.7494391132838971
2382.TW,4958.TW,2026-01-26,-10.002411285963262,0.158769616091488,1.7459030771137385
2382.TW,4958.TW,2026-01-27,-9.821294150881613,0.17528999097787903,1.7424334532373313
2382.TW,4958.TW,2026-01-28,-28.332696477712545,-0.9776523904343494,1.7317656304745368
2382.TW,4958.TW,2026-01-29,-32.58477385425152,-1.137378480856523,1.7195243327876757
2382.TW,4958.TW,2026-01-30,-60.549010461508715,-2.4349714799692412,1.6948025720725757
2382.TW,4958.TW,2026-02-02,-44.0509494989318,-1.3547452975097818,1.678276867878673
2382.TW,4958.TW,2026-02-03,-34.27121303716132,-0.6904480242360875,1.6657283766292434
2382.TW,4958.TW,2026-02-04,-58.03040967757016,-1.9109894066172672,1.6425471238580254
2382.TW,4958.TW,2026-02-05,-44.96715742786506,-1.0350206985594674,1.6257172343228403
2382.TW,4958.TW,2026-02-06,-24.260098667167824,0.4223317131197728,1.6171105848105052
2382.TW,4958.TW,2026-02-09,-18.747128545527744,0.816440462046537,1.6104874038580523
2382.TW,4958.TW,2026-02-10,-13.734186959196279,1.0855035596557598,1.6057062678383942
2382.TW,4958.TW,2026-02-11,-9.036678579824411,1.28191890337151,1.6026017278131195
2382.TW,4958.TW,2026-02-23,-36.60883679662584,-0.5374979957036513,1.5887965213486193
2382.TW,4958.TW,2026-02-24,-56.58420368290217,-1.6477334755571436,1.5659784006247133
2382.TW,4958.TW,2026-02-25,-31.81342973661151,-0.12260573501968451,1.5537717456857991
2382.TW,4958.TW,2026-02-26,-39.7910919499742,-0.5594460377081978,1.5384622680326665
2382.TW,4958.TW,2026-03-02,-12.24711139749661,1.1012598045287472,1.5340743004617903
2382.TW,4958.TW,2026-03-03,-10.897097051208902,1.1480304416686422,1.530279508125445
2382.TW,4958.TW,2026-03-04,-2.4268222755031843,1.4788344837334262,1.5294972377033378
2382.TW,4958.TW,2026-03-05,7.57422960021762,1.8478528984846057,1.5319340909503727
2382.TW,4958.TW,2026-03-06,10.325482930567091,1.8007525012622765,1.5352311360042072
2382.TW,4958.TW,2026-03-09,21.629510839875394,1.9712207022042685,1.5416915393616013
2382.TW,4958.TW,2026-03-10,13.007999092758666,1.4235219188354853,1.5457626010678231
2382.TW,4958.TW,2026-03-11,8.764341165874612,1.1496064962692114,1.5486375305019622
2382.TW,4958.TW,2026-03-12,12.224922405188067,1.1676595261018723,1.5525959622264704
2382.TW,4958.TW,2026-03-13,-12.662034321271506,0.09467006004305646,1.548064106489512
2382.TW,4958.TW,2026-03-16,-23.276372159429798,-0.4666276055834613,1.5394248829563428
2382.TW,4958.TW,2026-03-17,-23.83382567671299,-0.5715200451915071,1.5305971927714848
2382.TW,4958.TW,2026-03-18,-31.217654395559293,-0.9027220051565166,1.5186230484398504
2382.TW,4958.TW,2026-03-19,-38.18152751167361,-1.1496831571939916,1.5040095163900742
2382.TW,4958.TW,2026-03-20,-38.06904798051255,-1.0539194153444302,1.4896415830136627
2382.TW,4958.TW,2026-03-23,-26.926804791057123,-0.5093062925052979,1.4800093003095716
2382.TW,4958.TW,2026-03-24,-18.355720730940106,-0.17056492086866182,1.4736072258168302
2382.TW,4958.TW,2026-03-25,-28.233752424779652,-0.7600954936857751,1.463256944017739
2382.TW,4958.TW,2026-03-26,-39.05750159449968,-1.2628328138272182,1.4483054809879212
2382.TW,4958.TW,2026-03-27,-49.21614271256095,-1.6812963304205804,1.4287568152881183
2382.TW,4958.TW,2026-03-30,-47.7993085284445,-1.4385588928799933,1.410431144201643
2382.TW,4958.TW,2026-03-31,-20.716630013902773,-0.1977994072833121,1.4032970504942848
2382.TW,4958.TW,2026-04-01,-25.30816313318411,-0.3556155972850978,1.3940367257717312
2382.TW,4958.TW,2026-04-02,-21.170535756155118,-0.10664913348240052,1.386564429655569
2382.TW,4958.TW,2026-04-07,-30.191128666007103,-0.45783463307370786,1.375373335605849
2382.TW,4958.TW,2026-04-08,-39.28650520003771,-0.8534418429620373,1.3595165750544178
2382.TW,4958.TW,2026-04-09,-50.11149165991844,-1.384892582868951,1.3384826629968074
2382.TW,4958.TW,2026-04-10,-39.67877535576946,-0.6993164189630936,1.3222408859317638
2382.TW,4958.TW,2026-04-13,-29.32295971724443,0.2168766640017138,1.3108863266785598
2382.TW,4958.TW,2026-04-14,-16.173440247326084,1.5124159266503097,1.3048758344661966
2382.TW,4958.TW,2026-04-15,-27.55022703458195,0.43847827384887145,1.2947493341604985
2382.TW,4958.TW,2026-04-16,-22.28129210472906,0.9411506469207978,1.2864740576032336
2382.TW,4958.TW,2026-04-17,-45.41108735463132,-1.1930799800325547,1.268133922829624
2382.TW,4958.TW,2026-04-20,-66.11416196118017,-2.4619529916254486,1.2395226558148358
2382.TW,4958.TW,2026-04-21,-54.51447575254974,-1.4246492579762031,1.2164912323538624
2382.TW,4958.TW,2026-04-22,-52.601692486655,-1.158331198276478,1.1950503011363331
2382.TW,4958.TW,2026-04-23,-67.97489947268986,-1.9272750434892565,1.1672806551011843
2382.TW,4958.TW,2026-04-24,-81.21805327053369,-2.25321164489049,1.1328503887431336
2382.TW,4958.TW,2026-04-27,-79.31517755022219,-1.8339695645436307,1.0994802122502656
2382.TW,4958.TW,2026-04-28,-104.23621638499452,-2.43436762106941,1.0530704569648648
2382.TW,4958.TW,2026-04-29,-79.37766486212666,-1.2679636897342286,1.0204880506606664
2382.TW,4958.TW,2026-04-30,-107.40864456702138,-2.014957452216059,0.9736251468012408
2382.TW,4958.TW,2026-05-04,-95.72271430927873,-1.4160175232301382,0.9328121014467268
2382.TW,4958.TW,2026-05-05,-74.58528639236329,-0.5971005373949849,0.9028280163476938
2382.TW,4958.TW,2026-05-06,-32.16635976948521,0.9514772903699694,0.8907047539762433
2382.TW,4958.TW,2026-05-07,-41.118056957746376,0.629773344478388,0.8748693590757387
2382.TW,4958.TW,2026-05-08,-19.173599026001966,1.3116011626194914,0.8680675679335175
2382.TW,4958.TW,2026-05-11,-22.434839370937823,1.136556980827279,0.8598919524629339
2382.TW,4958.TW,2026-05-12,-18.80192400338558,1.2176729081934807,0.853164826461095
2382.TW,4958.TW,2026-05-13,-41.34879912552759,0.5312469702222181,0.8371116201797678
2382.TW,4958.TW,2026-05-14,-36.22668787699831,0.7340687013752178,0.8235305746516313
2382.TW,4958.TW,2026-05-15,-30.404420245205188,0.9690870840227848,0.8131898098344374
2382.TW,4958.TW,2026-05-18,-23.0977682060838,1.1518457726747129,0.805505536136438
2382.TW,4958.TW,2026-05-19,-42.56384148005924,0.4367149545651749,0.7904085542303996
2382.TW,4958.TW,2026-05-20,-57.02817087230363,-0.05826444811661628,0.7686676318334184
2382.TW,4958.TW,2026-05-21,-53.11880664248264,0.07757886065706833,0.7473695448553394
2382.TW,4958.TW,2026-05-22,-65.58726602599359,-0.3575819308913607,0.7193189871328614
2382.TW,4958.TW,2026-05-25,-61.01231357632696,-0.2393506808582585,0.6938472066166119
2382.TW,4958.TW,2026-05-26,-56.26396477830326,-0.1148161434417705,0.6708599711046109
2382.TW,4958.TW,2026-05-27,-45.842572375273335,0.17311211092659806,0.6530573019959172
2382.TW,4958.TW,2026-05-28,-16.58117175235725,1.2155147277558973,0.6472951057480872
2382.TW,4958.TW,2026-05-29,-5.01978079017897,1.648493143087978,0.6454293778994155
2382.TW,4958.TW,2026-06-01,4.906504502771384,1.9988633793711046,0.647353935449073
2382.TW,4958.TW,2026-06-02,41.89559478548972,2.8548051464777586,0.6625868295336907
2382.TW,4958.TW,2026-06-03,54.477178055289244,2.5447225479327433,0.681980645125944
2382.TW,4958.TW,2026-06-04,46.08334419618478,1.9234630041510055,0.6978850890353899
2382.TW,4958.TW,2026-06-05,21.34694265004032,1.1294301452329267,0.7055121416113247
2382.TW,4958.TW,2026-06-08,-0.11616642356722195,0.5138102775805874,0.7054695809702546
2382.TW,4958.TW,2026-06-09,-20.49657431485582,-0.03219162116908066,0.6975086875509109
2382.TW,4958.TW,2026-06-10,12.560810311201635,0.7789258113586528,0.7019116750601686
2382.TW,4958.TW,2026-06-11,-13.752003504630977,0.046521939350375935,0.69679093825456
2382.TW,4958.TW,2026-06-12,-22.97291520566216,-0.2123099492322561,0.6879373348876918
2382.TW,4958.TW,2026-06-15,-41.19745740828921,-0.672214252558984,0.6712675597293567
2382.TW,4958.TW,2026-06-16,-56.588225384756186,-1.0462032674127741,0.6478296411664762
2382.TW,4958.TW,2026-06-17,-43.858918052561535,-0.741635085787737,0.6299617105521063
2382.TW,4958.TW,2026-06-18,-34.95595964286258,-0.5388949683723863,0.6161381557180492
2382.TW,4958.TW,2026-06-22,-15.249130953423503,-0.07522995177653727,0.6104342113179286
2382.TW,4958.TW,2026-06-23,-0.892865949463328,0.2651321624894249,0.6101208054931232
2382.TW,4958.TW,2026-06-24,-1.1353717375822043,0.18446686149385602,0.6097169768141839
2382.TW,4958.TW,2026-06-25,-12.73437812815223,-0.2527608094276462,0.6050300523373064
2382.TW,4958.TW,2026-06-26,-3.1022568261094534,0.04851905937150902,0.6039313876278557
2382.TW,4958.TW,2026-06-29,4.923659622138871,0.3018125322366736,0.6056711631096781
3036.TW,3105.TWO,2025-07-28,-4.173590043479578,-1.4597821000917495,1.4835419783131762
3036.TW,3105.TWO,2025-07-29,2.1088021548791005,-0.5128741555612817,1.484832293360063
3036.TW,3105.TWO,2025-07-30,4.420471486118203,0.08266111891539193,1.4874035998650952
3036.TW,3105.TWO,2025-07-31,6.486489068627975,0.575445648882312,1.4909517290109917
3036.TW,3105.TWO,2025-08-04,6.920680427668941,0.6497622677135941,1.4945711742508379
3036.TW,3105.TWO,2025-08-05,6.242083926984122,0.46895819763606694,1.497740501537837
3036.TW,3105.TWO,2025-08-06,6.926411211582177,0.6370763927120994,1.501083754623568
3036.TW,3105.TWO,2025-08-07,-4.22405188201202,-1.7381506390940915,1.4990472156648638
3036.TW,3105.TWO,2025-08-08,-6.367499240762868,-1.9165064840442756,1.4961121335665666
3036.TW,3105.TWO,2025-08-11,-4.011540971414917,-1.292341748407465,1.4943297868125849
3036.TW,3105.TWO,2025-08-12,-4.885182566406314,-1.3803589794189561,1.4922363352414
3036.TW,3105.TWO,2025-08-13,-7.188379678554554,-1.6734188565651684,1.489189922617362
3036.TW,3105.TWO,2025-08-14,-9.746970604346274,-1.887240097866384,1.4850639912627537
3036.TW,3105.TWO,2025-08-15,-8.26733978360204,-1.4346565992813527,1.481691454030278
3036.TW,3105.TWO,2025-08-18,-18.99075372601021,-2.575071926153997,1.4733918485453075
3036.TW,3105.TWO,2025-08-19,-15.50135922177816,-1.7730855636812395,1.4670532423387868
3036.TW,3105.TWO,2025-08-20,-14.362680370687912,-1.441979554433327,1.4615299049631005
3036.TW,3105.TWO,2025-08-21,-14.069304287998875,-1.2578695069045394,1.4562021500826046
3036.TW,3105.TWO,2025-08-22,-11.466754505402491,-0.8493340444671069,1.4520173834774088
3036.TW,3105.TWO,2025-08-25,-15.974138335885328,-1.260733496374259,1.4460927303418576
3036.TW,3105.TWO,2025-08-26,-15.036498205006353,-1.0524179944427727,1.440662219151627
3036.TW,3105.TWO,2025-08-27,-15.32766743567629,-0.9820758084931459,1.4351958146832162
3036.TW,3105.TWO,2025-08-28,-14.566057910104917,-0.8095230304513439,1.4301239749977468
3036.TW,3105.TWO,2025-08-29,-12.056324359752779,-0.43884068408463067,1.4260777415397794
3036.TW,3105.TWO,2025-09-01,-10.174960794283976,-0.10342431716166713,1.4227919542818188
3036.TW,3105.TWO,2025-09-02,-7.633785071745876,0.4216449857042859,1.4204030331244797
3036.TW,3105.TWO,2025-09-03,-8.38966341224942,0.5681503393210974,1.417797894057358
3036.TW,3105.TWO,2025-09-04,-4.716159536032819,1.4131621725207817,1.4163573741561484
3036.TW,3105.TWO,2025-09-05,-6.958680352790637,0.9167597919634014,1.4142629344922941
3036.TW,3105.TWO,2025-09-08,-3.6239414164739117,1.6625566643385066,1.4131696291506826
3036.TW,3105.TWO,2025-09-09,-3.790756984356193,1.5816492015491836,1.412048564482078
3036.TW,3105.TWO,2025-09-10,-1.3137979492750134,1.888354811233144,1.4116682225033808
3036.TW,3105.TWO,2025-09-11,0.936420687720954,1.9809316733010702,1.4119270202234324
3036.TW,3105.TWO,2025-09-12,-1.2297678964214072,1.4411173519780849,1.4115807417236979
3036.TW,3105.TWO,2025-09-15,-2.0113461878394077,1.2023330959661833,1.4110215393636405
3036.TW,3105.TWO,2025-09-16,-6.340174945398161,0.37533535038523513,1.4092163157710917
3036.TW,3105.TWO,2025-09-17,-6.307922654203509,0.31762595461448234,1.4074538505644496
3036.TW,3105.TWO,2025-09-18,-4.763064856218563,0.5353507369068351,1.4060886640210835
3036.TW,3105.TWO,2025-09-19,0.7053234548615421,1.4120932337365815,1.4062879955381935
3036.TW,3105.TWO,2025-09-22,-5.409024237673606,0.19928149719749272,1.4047625653034328
3036.TW,3105.TWO,2025-09-23,-1.1365866328044945,0.9791552502945151,1.4044479716455542
3036.TW,3105.TWO,2025-09-24,1.4761584754502621,1.4597893711038177,1.4048467819413943
3036.TW,3105.TWO,2025-09-25,-1.222842740667403,0.7910053990976907,1.4045119929763556
3036.TW,3105.TWO,2025-09-26,5.307470157965952,2.2406833543326767,1.4058631799730075
3036.TW,3105.TWO,2025-09-30,6.392943629196509,2.180010627854262,1.4074988771838086
3036.TW,3105.TWO,2025-10-01,9.30823733871648,2.3455095586152215,1.4098481246352004
3036.TW,3105.TWO,2025-10-02,4.810042014442303,1.2606887506692597,1.4110618823126242
3036.TW,3105.TWO,2025-10-03,-0.7997747915253228,-0.0002700181695734316,1.4108612014004775
3036.TW,3105.TWO,2025-10-07,-0.3914386647764161,0.018395083983395497,1.4107625731526185
3036.TW,3105.TWO,2025-10-08,-3.837812144873311,-0.7825407621075375,1.4097563637988877
3036.TW,3105.TWO,2025-10-09,-8.101738223615257,-1.622417930213419,1.4075997694503826
3036.TW,3105.TWO,2025-10-13,-1.2126420521744308,-0.11421987267761924,1.407293607890633
3036.TW,3105.TWO,2025-10-14,4.561671881573801,1.0787216480735653,1.4083949034476169
3036.TW,3105.TWO,2025-10-15,1.6430694802069468,0.42553775857763737,1.4087992321577636
3036.TW,3105.TWO,2025-10-16,-1.6555827641389271,-0.27709051318278216,1.4083934210016031
3036.TW,3105.TWO,2025-10-17,-4.653734017419453,-0.9505348226875797,1.4072793490181719
3036.TW,3105.TWO,2025-10-20,-3.9462987214470786,-0.8475832674274926,1.4063342521740079
3036.TW,3105.TWO,2025-10-21,-10.948785497897802,-2.097814865140891,1.4036048668585752
3036.TW,3105.TWO,2025-10-22,-7.364482723852888,-1.2453061072160314,1.401783300732392
3036.TW,3105.TWO,2025-10-23,-4.537475490734153,-0.7174914320608268,1.4006871938161427
3036.TW,3105.TWO,2025-10-27,-5.325270820196579,-0.8137216610185645,1.3993687943242163
3036.TW,3105.TWO,2025-10-28,-2.2094862490901903,-0.19027098788100302,1.3988339717345133
3036.TW,3105.TWO,2025-10-29,-3.042025777674098,-0.33032840171021277,1.398095181374337
3036.TW,3105.TWO,2025-10-30,4.708947710143718,1.1535353990617279,1.3991950310661687
3036.TW,3105.TWO,2025-10-31,-10.46483500029791,-1.5694722454453374,1.3965220472080104
3036.TW,3105.TWO,2025-11-03,-20.979348480779805,-2.8360773384612843,1.3906951263219263
3036.TW,3105.TWO,2025-11-04,-24.612679574516335,-2.6438920258110903,1.3836705910648175
3036.TW,3105.TWO,2025-11-05,-23.250052137691426,-2.042199241814479,1.3768234599677014
3036.TW,3105.TWO,2025-11-06,-22.238128112314087,-1.668592478730027,1.3705450367106469
3036.TW,3105.TWO,2025-11-07,-18.51647147060416,-1.1312135218970754,1.3656251701872164
3036.TW,3105.TWO,2025-11-10,-20.307625541278895,-1.2075914633330798,1.3602958613951628
3036.TW,3105.TWO,2025-11-11,-21.648916571317528,-1.2101489902602103,1.3546112415233884
3036.TW,3105.TWO,2025-11-12,-23.696972366091245,-1.2922307870530214,1.3484123705631048
3036.TW,3105.TWO,2025-11-13,-27.56834930430159,-1.514121159927673,1.3409091580316153
3036.TW,3105.TWO,2025-11-14,-16.814216370647756,-0.3598480120137827,1.3367297164601326
3036.TW,3105.TWO,2025-11-17,-23.95586053692901,-1.0003202688812565,1.3306815921053643
3036.TW,3105.TWO,2025-11-18,-29.16992871550994,-1.3801770170611727,1.3235984543615593
3036.TW,3105.TWO,2025-11-19,-26.764282044932884,-1.0300566490837022,1.3172588681261097
3036.TW,3105.TWO,2025-11-20,-24.473931405189234,-0.7235522436990699,1.3114513113909136
3036.TW,3105.TWO,2025-11-21,-17.65137107260668,0.025973769694583086,1.3075544261016598
3036.TW,3105.TWO,2025-11-24,-29.64481233907091,-1.1205285904061932,1.300384375168604
3036.TW,3105.TWO,2025-11-25,-41.77056553909415,-2.108624890379476,1.2893752582217743
3036.TW,3105.TWO,2025-11-26,-31.668552295343375,-1.0052713727784734,1.2812920461583646
3036.TW,3105.TWO,2025-11-27,-26.940017122417828,-0.4366652931452066,1.274570591855875
3036.TW,3105.TWO,2025-11-28,-40.88584216217379,-2.2825484598011676,1.2634611747608258
3036.TW,3105.TWO,2025-12-01,-41.68718781258889,-2.007797124027867,1.2524676980703386
3036.TW,3105.TWO,2025-12-02,-45.916765186093784,-2.1131076111629357,1.2396790230722157
3036.TW,3105.TWO,2025-12-03,-34.527726527234904,-0.7193757457791393,1.2305480829725577
3036.TW,3105.TWO,2025-12-04,-30.936512417945863,-0.2579180034113285,1.2225951799922172
3036.TW,3105.TWO,2025-12-05,-33.90294474155584,-0.531737836777512,1.213780388075874
3036.TW,3105.TWO,2025-12-08,-34.089283810863066,-0.4847961819115079,1.2047704532341728
3036.TW,3105.TWO,2025-12-09,-51.11212577610502,-2.1513656505072554,1.1901494363569534
3036.TW,3105.TWO,2025-12-10,-55.916041655875574,-2.1927412825843113,1.1739357187423407
3036.TW,3105.TWO,2025-12-11,-53.85718073236015,-1.7207862047925029,1.1586362172015658
3036.TW,3105.TWO,2025-12-12,-60.007909501278306,-1.980854520386505,1.141143485592665
3036.TW,3105.TWO,2025-12-15,-60.88872491367084,-1.7828978041445414,1.1237355759315828
3036.TW,3105.TWO,2025-12-16,-43.16204623618822,-0.313707677593972,1.1127039992439023
3036.TW,3105.TWO,2025-12-17,-42.93012675967873,-0.2359025918019338,1.1018211690240116
3036.TW,3105.TWO,2025-12-18,-40.268253628510934,0.054252186187750136,1.091751656014575
3036.TW,3105.TWO,2025-12-19,-39.635523290105226,0.23405452755835038,1.08164647002513
3036.TW,3105.TWO,2025-12-22,-55.981697345784085,-1.2587428933041924,1.0662041223301293
3036.TW,3105.TWO,2025-12-23,-55.41754058078945,-1.0971819254754875,1.0514416200675083
3036.TW,3105.TWO,2025-12-24,-55.58376787201817,-1.0096467574174084,1.0369492892830792
3036.TW,3105.TWO,2025-12-26,-56.79455090850186,-1.0472676690368217,1.0222768868892138
3036.TW,3105.TWO,2025-12-29,-51.75239042575021,-0.47103751447835696,1.009577874042054
3036.TW,3105.TWO,2025-12-30,-50.5108071074105,-0.29822393154932586,0.9972015622229716
3036.TW,3105.TWO,2025-12-31,-46.49623217040764,0.1247742458722971,0.9860702316044021
3036.TW,3105.TWO,2026-01-02,-37.61204941031352,1.0935925459418743,0.9773549991315001
3036.TW,3105.TWO,2026-01-05,-40.733031290329194,0.8782051174196874,0.9677830480169538
3036.TW,3105.TWO,2026-01-06,-33.45582081258607,1.7087293026942585,0.95995065299078
3036.TW,3105.TWO,2026-01-07,-32.96342960828477,1.7388909210517807,0.9522193470753854
3036.TW,3105.TWO,2026-01-08,-43.692164996397,0.4749959932573873,0.941437630022886
3036.TW,3105.TWO,2026-01-09,-57.23928343967327,-1.044903989093102,0.9261631218507934
3036.TW,3105.TWO,2026-01-12,-70.30221666598712,-2.1235842557768763,0.9064002887427988
3036.TW,3105.TWO,2026-01-13,-40.17950347783358,0.7638629749460891,0.8964979537303314
3036.TW,3105.TWO,2026-01-14,-40.030867360120936,0.6992669653586047,0.8865166660063162
3036.TW,3105.TWO,2026-01-15,-45.647560373025584,0.12699625063973838,0.8749719868086795
3036.TW,3105.TWO,2026-01-16,-43.21397376446686,0.3833422102746401,0.8643978569135566
3036.TW,3105.TWO,2026-01-19,-37.114242503331525,0.9909276002974199,0.8556685491318307
3036.TW,3105.TWO,2026-01-20,-47.8205009236753,-0.07262101928012962,0.8438067292336526
3036.TW,3105.TWO,2026-01-21,-37.73783515977448,0.8895624821040518,0.83479494022798
3036.TW,3105.TWO,2026-01-22,-47.7793105139082,-0.20947866721889297,0.822888160712047
3036.TW,3105.TWO,2026-01-23,-44.01213214122831,0.13790442467512465,0.8122845464977654
3036.TW,3105.TWO,2026-01-26,-43.42855357697513,0.1347046660792683,0.8018029611848403
3036.TW,3105.TWO,2026-01-27,-37.11115973193478,0.7864165740553976,0.7927029392309644
3036.TW,3105.TWO,2026-01-28,-40.54609789410742,0.3322847782655309,0.7822223143727406
3036.TW,3105.TWO,2026-01-29,-34.24627096577595,0.9814636274833957,0.7739959223576088
3036.TW,3105.TWO,2026-01-30,-27.607956982615804,1.5840521270027454,0.7677345478053429
3036.TW,3105.TWO,2026-02-02,-20.128508768667302,2.0115720135429513,0.7634567907757221
3036.TW,3105.TWO,2026-02-03,-26.24383761813479,1.3428138643311527,0.757514078581549
3036.TW,3105.TWO,2026-02-04,-32.68641004194973,0.7485971648935927,0.7497047869908999
3036.TW,3105.TWO,2026-02-05,-26.561882483016944,1.1856533163510818,0.7437296627835878
3036.TW,3105.TWO,2026-02-06,-11.823660253523315,2.122630535757914,0.7413148919389811
3036.TW,3105.TWO,2026-02-09,-21.784469326934783,1.3501278464250959,0.7365150188614233
3036.TW,3105.TWO,2026-02-10,-22.227493952759204,1.1763486934203293,0.7312524318697909
3036.TW,3105.TWO,2026-02-11,-8.520183357418233,2.069473768252375,0.7293346831094131
3036.TW,3105.TWO,2026-02-23,-22.401192291768808,0.8007601099255465,0.7238318843721558
3036.TW,3105.TWO,2026-02-24,-36.10527923980587,-0.42644719431350614,0.7142427885405457
3036.TW,3105.TWO,2026-02-25,-46.89479689285071,-1.286158952815988,0.7011271474033612
3036.TW,3105.TWO,2026-02-26,-52.12398129958535,-1.6642481226872188,0.6863622739645039
3036.TW,3105.TWO,2026-03-02,-42.92278019202783,-0.8687311882880452,0.6748926529144544
3036.TW,3105.TWO,2026-03-03,-42.51500175818745,-0.8782363485290956,0.6640583181745298
3036.TW,3105.TWO,2026-03-04,-3.7626171651011475,1.9900834548648862,0.6632157793688107
3036.TW,3105.TWO,2026-03-05,6.568866504866122,2.256066885608156,0.6647076556049489
3036.TW,3105.TWO,2026-03-06,11.192213194385033,2.1092945795435463,0.6672130098005375
3036.TW,3105.TWO,2026-03-09,29.225618600698255,2.4637089886280226,0.6730628212403347
3036.TW,3105.TWO,2026-03-10,31.784859185149116,2.1246577415107724,0.6795226458665438
3036.TW,3105.TWO,2026-03-11,21.328451481184146,1.4841429432134479,0.6843002667686169
3036.TW,3105.TWO,2026-03-12,15.163293246298764,1.126552983734757,0.6877547670629173
3036.TW,3105.TWO,2026-03-13,13.622562518622232,0.9701167056525584,0.6908927006580317
3036.TW,3105.TWO,2026-03-16,18.44164993362088,1.0409860568930562,0.6949651329467664
3036.TW,3105.TWO,2026-03-17,37.15542310384765,1.527969374949182,0.7028500591963219
3036.TW,3105.TWO,2026-03-18,21.56559837090677,0.9014678275201939,0.7078700207889862
3036.TW,3105.TWO,2026-03-19,-6.266257780907438,-0.08264783370135256,0.7062871734873054
3036.TW,3105.TWO,2026-03-20,4.628582345268484,0.2512185948115293,0.7073940585012565
3036.TW,3105.TWO,2026-03-23,11.632196106586036,0.4591498921663044,0.7098985261975299
3036.TW,3105.TWO,2026-03-24,3.6958538419572164,0.13886022822574703,0.7106878356980861
3036.TW,3105.TWO,2026-03-25,-11.937082624739986,-0.4757921733371273,0.7078930269672832
3036.TW,3105.TWO,2026-03-26,-29.486211418061004,-1.2157239956367092,0.700809995998267
3036.TW,3105.TWO,2026-03-27,-40.41564956518886,-1.7425499007405565,0.6906364532646762
3036.TW,3105.TWO,2026-03-30,-45.38559361549676,-1.9205881787454253,0.6792673346635364
3036.TW,3105.TWO,2026-03-31,-24.869153698773005,-1.1976328669412049,0.6737994170933664
3036.TW,3105.TWO,2026-04-01,-31.133052673177815,-1.3382221663199731,0.6665111750956076
3036.TW,3105.TWO,2026-04-02,-29.250816943897604,-1.1461678464867382,0.6597738820163926
3036.TW,3105.TWO,2026-04-07,-42.02222348350671,-1.4561924641966404,0.6494281296487349
3036.TW,3105.TWO,2026-04-08,-51.645768356988185,-1.6024184059374467,0.6359983808931907
3036.TW,3105.TWO,2026-04-09,-52.65255895425349,-1.4741857034197403,0.6228785373104215
3036.TW,3105.TWO,2026-04-10,-61.25144694198133,-1.5733699832787684,0.6070572804685402
3036.TW,3105.TWO,2026-04-13,-49.61490912534583,-1.0646559738690227,0.594825331782263
3036.TW,3105.TWO,2026-04-14,-44.63638437599826,-0.808831476168821,0.5841190121558365
3036.TW,3105.TWO,2026-04-15,-33.19577564765484,-0.3425780844606499,0.5764981183834302
3036.TW,3105.TWO,2026-04-16,-47.35074093613048,-0.8079650475002268,0.5647109778326265
3036.TW,3105.TWO,2026-04-17,-69.55612519689089,-1.6317190896459133,0.546210951073588
3036.TW,3105.TWO,2026-04-20,-95.29935041902849,-2.2614201248885824,0.5195381809195049
3036.TW,3105.TWO,2026-04-21,-92.1410105849157,-1.889356994954253,0.49413804056424226
3036.TW,3105.TWO,2026-04-22,-76.12065580967231,-1.2205175961875685,0.4748168938459619
3036.TW,3105.TWO,2026-04-23,-57.2053794858698,-0.36816034971767253,0.4617371178163212
3036.TW,3105.TWO,2026-04-24,-51.811063402429966,-0.028343912698240534,0.45031328893730355
3036.TW,3105.TWO,2026-04-27,-23.182651416286973,1.3787726552240398,0.44573677498929676
3036.TW,3105.TWO,2026-04-28,-18.580031257280666,1.4685942884188643,0.44196491348364886
3036.TW,3105.TWO,2026-04-29,-21.37001807274393,1.227953830003568,0.43756535521189427
3036.TW,3105.TWO,2026-04-30,-31.493322351498847,0.7988242064338393,0.43059698635197813
3036.TW,3105.TWO,2026-05-04,-18.008401448904777,1.339282667618376,0.4267264524227212
3036.TW,3105.TWO,2026-05-05,-28.99544939229611,0.8528301662899291,0.4201321671115605
3036.TW,3105.TWO,2026-05-06,-1.0206488176948767,1.8110084874426133,0.4199254927222175
3036.TW,3105.TWO,2026-05-07,3.485834558827179,1.7218722503881985,0.4206381028467287
3036.TW,3105.TWO,2026-05-08,25.038910808952807,2.074254501270063,0.42571942473578867
3036.TW,3105.TWO,2026-05-11,30.659509142674892,1.908268990306505,0.43242373968619097
3036.TW,3105.TWO,2026-05-12,42.761909932005665,1.9086447416257442,0.4414871484155963
3036.TW,3105.TWO,2026-05-13,52.91671320239172,1.8493519141112118,0.4523570082089954
3036.TW,3105.TWO,2026-05-14,42.08038366995808,1.4198740115224453,0.46084886072422554
3036.TW,3105.TWO,2026-05-15,47.8721067994384,1.3772930085463424,0.4700978696919012
3036.TW,3105.TWO,2026-05-18,41.689734477041526,1.127092433427483,0.4781397650467703
3036.TW,3105.TWO,2026-05-19,36.95494327908136,0.9512796093589072,0.4854790522418035
3036.TW,3105.TWO,2026-05-20,50.9504818026908,1.2015378645657857,0.49548862263609844
3036.TW,3105.TWO,2026-05-21,40.863757740749634,0.8877042469859987,0.5042837749660908
3036.TW,3105.TWO,2026-05-22,12.738011924212003,0.03170534294063967,0.5072921911524589
3036.TW,3105.TWO,2026-05-25,16.690719365455607,0.053066751869890454,0.5112469821408193
3036.TW,3105.TWO,2026-05-26,-0.6702170903626552,-0.5864829798301285,0.5110858568745469
3036.TW,3105.TWO,2026-05-27,2.4575398386120924,-0.5323576753901944,0.5116611304235338
3036.TW,3105.TWO,2026-05-28,11.168986699332208,-0.29335261536256446,0.514083177579685
3036.TW,3105.TWO,2026-05-29,9.618893440486318,-0.478422726281383,0.5161597063714627
3036.TW,3105.TWO,2026-06-01,6.375395264406848,-0.7126810636679008,0.5175414298300659
3036.TW,3105.TWO,2026-06-02,13.48575308533151,-0.5756668957459526,0.5203964565006044
3036.TW,3105.TWO,2026-06-03,15.798062960132938,-0.520510700559848,0.5237212262917423
3036.TW,3105.TWO,2026-06-04,18.169260354737276,-0.44532009491078817,0.5273510927725481
3036.TW,3105.TWO,2026-06-05,17.59919757054746,-0.4541705354059743,0.5308785143325573
3036.TW,3105.TWO,2026-06-08,10.424522179849447,-0.795668046733151,0.5328507240663835
3036.TW,3105.TWO,2026-06-09,-12.176644147748164,-1.792825455274514,0.5302683501819467
3036.TW,3105.TWO,2026-06-10,-11.763345151165623,-1.606874811756037,0.527864170485642
3036.TW,3105.TWO,2026-06-11,-19.69229669388281,-1.7723341472339786,0.5237638560620619
3036.TW,3105.TWO,2026-06-12,-32.41193974940239,-2.0875133637059142,0.5166573064344602
3036.TW,3105.TWO,2026-06-15,-34.15840417427239,-1.8938455711964024,0.5091162508302787
3036.TW,3105.TWO,2026-06-16,-28.970954970707737,-1.4884063461829666,0.5029836814821658
3036.TW,3105.TWO,2026-06-17,-33.20332524792309,-1.585807269571394,0.49557480779946644
3036.TW,3105.TWO,2026-06-18,-35.002164135515955,-1.5587691721255639,0.48769349268090145
3036.TW,3105.TWO,2026-06-22,-34.56962940902133,-1.3693342672391287,0.479795987817045
3036.TW,3105.TWO,2026-06-23,-26.897500506608537,-0.9062311912296481,0.4739415718517405
3036.TW,3105.TWO,2026-06-24,-6.889879124751872,0.07995967330632725,0.47257296888023403
3036.TW,3105.TWO,2026-06-25,-1.1936442972475447,0.3677830271818836,0.47234048444329924
3036.TW,3105.TWO,2026-06-26,14.14201141013578,1.1017113752589531,0.47490091648552885
3036.TW,3105.TWO,2026-06-29,12.41818086007018,1.004510803624927,0.47714033771827624
3036.TW,6515.TW,2025-07-28,-1.306832825755265,-1.0989504725539556,0.12184716263407545
3036.TW,6515.TW,2025-07-29,-3.040829783060559,-1.345769623993044,0.12112748271058163
3036.TW,6515.TW,2025-07-30,0.08447381216910799,-0.7694866734464234,0.12114700163523308
3036.TW,6515.TW,2025-07-31,-0.4113729967551194,-0.871173094424415,0.12105215213573516
3036.TW,6515.TW,2025-08-04,4.0459353152219535,-0.15344611907594022,0.12194245687168437
3036.TW,6515.TW,2025-08-05,3.1687987493853313,-0.3847839316820399,0.1226495309486028
3036.TW,6515.TW,2025-08-06,-2.1243816156472235,-1.3064764789080592,0.12215567996759026
3036.TW,6515.TW,2025-08-07,-9.357508004781408,-2.2538992706992445,0.11996061769492423
3036.TW,6515.TW,2025-08-08,-10.944325497921682,-2.1152885265363834,0.1174112351964125
3036.TW,6515.TW,2025-08-11,-7.960836687377935,-1.4640470115021005,0.11556476319927783
3036.TW,6515.TW,2025-08-12,-6.069920952123681,-1.0612298783218115,0.11419087637730259
3036.TW,6515.TW,2025-08-13,-5.6687867340671545,-0.9050522032757419,0.11290031370845091
3036.TW,6515.TW,2025-08-14,-13.382578858560237,-1.803976048622871,0.1095601763609702
3036.TW,6515.TW,2025-08-15,-9.905103868020802,-1.1746406774024418,0.10717679462072817
3036.TW,6515.TW,2025-08-18,-5.740194989048973,-0.5368269983911472,0.10583146031319811
3036.TW,6515.TW,2025-08-19,-3.975446450527528,-0.2145566338032806,0.10492613353504862
3036.TW,6515.TW,2025-08-20,0.800110732808406,0.6390692746806401,0.10509582783177489
3036.TW,6515.TW,2025-08-21,0.5851860345042326,0.7797714650209374,0.1052241583701989
3036.TW,6515.TW,2025-08-22,3.401638411128488,1.4001217225550626,0.10595976733466735
3036.TW,6515.TW,2025-08-25,0.19641753227173808,0.7030325851991045,0.10600412994170536
3036.TW,6515.TW,2025-08-26,-0.6801009798345348,0.5230071966938927,0.10584882691076061
3036.TW,6515.TW,2025-08-27,-8.969351980592222,-1.0133219311319739,0.103606341758131
3036.TW,6515.TW,2025-08-28,-6.8989071942116595,-0.555856347223661,0.10193773782210748
3036.TW,6515.TW,2025-08-29,-14.416146276299088,-1.7232179060732224,0.09817818505791912
3036.TW,6515.TW,2025-09-01,-20.258937236954836,-2.2976806084215604,0.0926500352912207
3036.TW,6515.TW,2025-09-02,-15.816703782457779,-1.436578846680348,0.08854475057882573
3036.TW,6515.TW,2025-09-03,-13.239017323326578,-0.9264846867297557,0.08518814373998713
3036.TW,6515.TW,2025-09-04,-8.571617340768228,-0.1905556675077669,0.08304754697958829
3036.TW,6515.TW,2025-09-05,-16.243656613035796,-1.3153040453510534,0.07869670680288568
3036.TW,6515.TW,2025-09-08,-6.263517998202218,0.19738125764096365,0.07712720217739914
3036.TW,6515.TW,2025-09-09,-7.155006856981487,0.0695964669487034,0.07532807784583705
3036.TW,6515.TW,2025-09-10,-2.95634527072761,0.6836349800112802,0.0746074012034249
3036.TW,6515.TW,2025-09-11,-0.5941154994547873,0.9419000450466383,0.0744678248803118
3036.TW,6515.TW,2025-09-12,5.262801469759893,1.5956190742191387,0.07565452122926614
3036.TW,6515.TW,2025-09-15,3.417900589136167,1.2182587981339352,0.07644283702239138
3036.TW,6515.TW,2025-09-16,-3.98177291749235,0.22072976059679972,0.07544065171521475
3036.TW,6515.TW,2025-09-17,-2.9732915295844577,0.38866938948938934,0.07471280519552963
3036.TW,6515.TW,2025-09-18,-6.187633308228442,-0.005782873942268754,0.07306126160051708
3036.TW,6515.TW,2025-09-19,0.9151607135974018,1.0294018462263874,0.07329079579808397
3036.TW,6515.TW,2025-09-22,-10.810734987622823,-0.5801456780486486,0.07036479026858858
3036.TW,6515.TW,2025-09-23,-4.660231850204411,0.3497939175867895,0.06916574178474104
3036.TW,6515.TW,2025-09-24,-3.120465661810897,0.5317101505500939,0.06837303773747369
3036.TW,6515.TW,2025-09-25,-1.3031790174274533,0.7465581126958041,0.06804765376451428
3036.TW,6515.TW,2025-09-26,-5.514677387981948,0.07359381923470773,0.06661744702974685
3036.TW,6515.TW,2025-09-30,-8.160647158765158,-0.4798784504391007,0.06438570226121547
3036.TW,6515.TW,2025-10-01,-3.801596898707686,0.19091936817386895,0.0633880833114409
3036.TW,6515.TW,2025-10-02,-4.558444852244065,-0.04052977150855734,0.06221379828474817
3036.TW,6515.TW,2025-10-03,-4.9690186429932055,-0.16648600607097816,0.06096284877412171
3036.TW,6515.TW,2025-10-07,2.4101967468693033,1.414636930278448,0.061542158683973
3036.TW,6515.TW,2025-10-08,1.2717161413685858,1.0217277464983958,0.061863451335300856
3036.TW,6515.TW,2025-10-09,-4.212791570891568,-0.3767489274225908,0.06074420240253004
3036.TW,6515.TW,2025-10-13,-1.0984434034170647,0.3874786964048569,0.06046255978603745
3036.TW,6515.TW,2025-10-14,-0.27019874270737887,0.5910542924065372,0.06039345075065732
3036.TW,6515.TW,2025-10-15,-6.329843171522441,-0.8732205761663021,0.05865143178917572
3036.TW,6515.TW,2025-10-16,-4.771990216395238,-0.35930938597461476,0.057399816686892764
3036.TW,6515.TW,2025-10-17,-5.888571926646108,-0.6660317804930052,0.055875792780524985
3036.TW,6515.TW,2025-10-20,-1.8927378939282846,0.5310329630701519,0.05539173509819459
3036.TW,6515.TW,2025-10-21,-3.593146070555264,-0.023124859408104183,0.05444765043359714
3036.TW,6515.TW,2025-10-22,-0.6099782606243878,0.9451559350321368,0.05428786532134237
3036.TW,6515.TW,2025-10-23,0.5864563827449558,1.292349728341537,0.05443927811954811
3036.TW,6515.TW,2025-10-27,1.44132479409231,1.417339058065245,0.05481653212445819
3036.TW,6515.TW,2025-10-28,4.2318226915063235,1.9841362902179456,0.05588276565403241
3036.TW,6515.TW,2025-10-29,-4.802257596770602,-0.6788923527434575,0.05453606031758004
3036.TW,6515.TW,2025-10-30,2.0974364712651834,1.2385504230296338,0.055081572742457965
3036.TW,6515.TW,2025-10-31,-2.7964955762873274,-0.29374029234757465,0.0543263947782842
3036.TW,6515.TW,2025-11-03,6.794607776303337,2.237004535155334,0.05600182695991571
3036.TW,6515.TW,2025-11-04,6.439674397190458,1.83363829276458,0.05762423255400728
3036.TW,6515.TW,2025-11-05,9.601135483973422,2.1734387783146927,0.06007488612219541
3036.TW,6515.TW,2025-11-06,0.3874359094958493,0.126484465812577,0.060177950504332334
3036.TW,6515.TW,2025-11-07,2.0003770192471677,0.48203007067131043,0.06067751528343912
3036.TW,6515.TW,2025-11-10,0.4868339277061011,0.08930270422855606,0.060800255849669894
3036.TW,6515.TW,2025-11-11,6.4695336136295225,1.3196298877878545,0.06234089251710507
3036.TW,6515.TW,2025-11-12,3.875842567274276,0.6936980405734543,0.06329012092842294
3036.TW,6515.TW,2025-11-13,5.248219135437608,0.9068277345728278,0.06459525925589779
3036.TW,6515.TW,2025-11-14,1.4050834696854224,-0.040673949244391674,0.06494923127694899
3036.TW,6515.TW,2025-11-17,-2.0123811861675733,-0.9767339933843104,0.06443923242312236
3036.TW,6515.TW,2025-11-18,-6.417696330763505,-1.8893634293438337,0.06284836044232554
3036.TW,6515.TW,2025-11-19,-4.024268287969647,-1.3072113709826656,0.06185134584825084
3036.TW,6515.TW,2025-11-20,-8.538831088224413,-2.018701775448377,0.05950985873151203
3036.TW,6515.TW,2025-11-21,-6.012067240518576,-1.3487930576599327,0.057954393810505135
3036.TW,6515.TW,2025-11-24,-8.381813753583941,-1.5957997579599799,0.055648930083840226
3036.TW,6515.TW,2025-11-25,-5.169123357133003,-0.9109562022742097,0.05425588238862871
3036.TW,6515.TW,2025-11-26,-3.666317769749611,-0.6529193802089114,0.05323868637751305
3036.TW,6515.TW,2025-11-27,-4.126152874552048,-0.6746647052704511,0.05208671260169554
3036.TW,6515.TW,2025-11-28,-4.089461684575497,-0.6518249590218739,0.050947329505790395
3036.TW,6515.TW,2025-12-01,3.2157994657350457,0.7276393053175445,0.05173506781389522
3036.TW,6515.TW,2025-12-02,5.463168605785313,1.1722731604430523,0.05313548652198929
3036.TW,6515.TW,2025-12-03,4.801683925311977,1.1821053909842392,0.054394979614259896
3036.TW,6515.TW,2025-12-04,3.369563961182166,0.8421254101261744,0.05527382575302985
3036.TW,6515.TW,2025-12-05,2.3574076451204746,0.6329110731475931,0.05588803452635244
3036.TW,6515.TW,2025-12-08,5.1511752237787505,1.110375594082917,0.057212994846300096
3036.TW,6515.TW,2025-12-09,-2.951747383333128,-0.39432406060721165,0.0564001535513845
3036.TW,6515.TW,2025-12-10,-2.3272717063508708,-0.20868952902410207,0.055773406857212944
3036.TW,6515.TW,2025-12-11,-0.7178365498317589,0.2035347900289214,0.055583584155885886
3036.TW,6515.TW,2025-12-12,-4.333885501204776,-0.5389379131073044,0.054379559169364516
3036.TW,6515.TW,2025-12-15,-3.690080809139488,-0.3749712493343149,0.05338450740021221
3036.TW,6515.TW,2025-12-16,-2.511384266265736,-0.16045563911504718,0.052714536786955354
3036.TW,6515.TW,2025-12-17,4.576016519631736,1.304143297622291,0.05384814620248802
3036.TW,6515.TW,2025-12-18,3.6867576331722205,1.018990951439062,0.05479102142934051
3036.TW,6515.TW,2025-12-19,2.9600432429487284,0.7690358657308975,0.055578802950234964
3036.TW,6515.TW,2025-12-22,2.34574459931207,0.5526945041168927,0.0561906333831098
3036.TW,6515.TW,2025-12-23,-1.3387280737481717,-0.4774816034339057,0.05584070324656016
3036.TW,6515.TW,2025-12-24,-4.42316769707287,-1.293004780453373,0.054659351078578985
3036.TW,6515.TW,2025-12-26,-11.415463086856079,-2.563373090346867,0.05133774743088515
3036.TW,6515.TW,2025-12-29,-5.309887007041397,-1.1619790755801735,0.049929462003239354
3036.TW,6515.TW,2025-12-30,-5.19737821457349,-1.0280629704438997,0.04849403751440542
3036.TW,6515.TW,2025-12-31,-1.9990968463984586,-0.26249684002597745,0.04795719368407723
3036.TW,6515.TW,2026-01-02,-0.6794385134787717,0.10601857108304116,0.047771015267612925
3036.TW,6515.TW,2026-01-05,-5.062634051163769,-0.8526936329495778,0.04631805140186514
3036.TW,6515.TW,2026-01-06,-0.7828760716902536,0.22790627291608304,0.04609520111422503
3036.TW,6515.TW,2026-01-07,-3.97649104210268,-0.48944169492233297,0.04492425532573125
3036.TW,6515.TW,2026-01-08,-0.06644612728069887,0.5205084317551417,0.044906079694030966
3036.TW,6515.TW,2026-01-09,-6.397887611689072,-1.081341310512757,0.04296117881529158
3036.TW,6515.TW,2026-01-12,-3.997443623231135,-0.41784311316828804,0.0418062536957992
3036.TW,6515.TW,2026-01-13,2.087766334159113,1.0462681910489844,0.04240097193530554
3036.TW,6515.TW,2026-01-14,1.5537495909195513,0.8329137296335274,0.04284968987767327
3036.TW,6515.TW,2026-01-15,0.5264437011780956,0.5359850137418696,0.04299882484883766
3036.TW,6515.TW,2026-01-16,-2.9741803739833585,-0.25129050980771556,0.04213129067235405
3036.TW,6515.TW,2026-01-19,-0.1643039900236829,0.5743919327627206,0.04208489398080932
3036.TW,6515.TW,2026-01-20,-6.217667219277104,-1.0243243898272072,0.040171839604713495
3036.TW,6515.TW,2026-01-21,-2.6586253571161365,0.08182568523046745,0.03936604451851707
3036.TW,6515.TW,2026-01-22,-1.0355819914884137,0.5748214252126901,0.039064387231032616
3036.TW,6515.TW,2026-01-23,-4.119854175403731,-0.37668655666808804,0.037807844044848805
3036.TW,6515.TW,2026-01-26,-4.055304441814712,-0.5910782017060905,0.03654466342302403
3036.TW,6515.TW,2026-01-27,-0.8277244766662193,0.5836660455884288,0.036280021626928984
3036.TW,6515.TW,2026-01-28,7.323416998360017,2.78998630093871,0.03841383682656548
3036.TW,6515.TW,2026-01-29,2.7666255671758506,1.2464452059359645,0.03921675492827445
3036.TW,6515.TW,2026-01-30,-0.160477516405507,0.3701166026431167,0.0391692040714792
3036.TW,6515.TW,2026-02-02,-4.269732774131569,-0.8673020757870261,0.037849093367621364
3036.TW,6515.TW,2026-02-03,-6.291348504682304,-1.3221244994085746,0.03574953677744235
3036.TW,6515.TW,2026-02-04,-2.66793144372474,-0.31208265415793646,0.034886897504919814
3036.TW,6515.TW,2026-02-05,-0.8729166180897039,0.21638950133773555,0.03461779021081183
3036.TW,6515.TW,2026-02-06,-1.967788253735364,-0.17275373543121564,0.03399273696987059
3036.TW,6515.TW,2026-02-09,-2.983094420366257,-0.5030602750292459,0.03300831191792722
3036.TW,6515.TW,2026-02-10,1.309278731818722,0.8416121804987985,0.03344601326944888
3036.TW,6515.TW,2026-02-11,1.4936529198686515,0.9008575070877658,0.03394583860107593
3036.TW,6515.TW,2026-02-23,5.882171615721376,1.96004133451363,0.03576710581920198
3036.TW,6515.TW,2026-02-24,2.4966827764250468,0.9210601748260103,0.03657407019508357
3036.TW,6515.TW,2026-02-25,-1.3454241499478883,-0.11984720667307895,0.036118914242985085
3036.TW,6515.TW,2026-02-26,-1.6552147910520034,-0.2846960785836589,0.03555935586029101
3036.TW,6515.TW,2026-03-02,4.573254762529274,1.367972470385239,0.0369824150179538
3036.TW,6515.TW,2026-03-03,-0.233005370985353,0.01321771487464198,0.03690838898226402
3036.TW,6515.TW,2026-03-04,10.215768177961706,2.3545477193746582,0.04004221308123113
3036.TW,6515.TW,2026-03-05,5.973362295235745,1.202414031135115,0.04202015623922998
3036.TW,6515.TW,2026-03-06,-3.314265640629401,-0.9647303674037468,0.04084001800718078
3036.TW,6515.TW,2026-03-09,2.94652689278675,0.583084772286402,0.041787751883345825
3036.TW,6515.TW,2026-03-10,-3.810080844242833,-0.9907417986289907,0.04041570520760438
3036.TW,6515.TW,2026-03-11,-3.655802511814926,-0.8907840213368043,0.03905514096198192
3036.TW,6515.TW,2026-03-12,-5.954962211172159,-1.3820299293031093,0.0367680077397583
3036.TW,6515.TW,2026-03-13,-0.128400731682774,-0.10943658678233782,0.036720707577607696
3036.TW,6515.TW,2026-03-16,1.2289289125578478,0.17998311188816227,0.03716437637502811
3036.TW,6515.TW,2026-03-17,-0.4601704342062476,-0.24840979388051487,0.036984313481178886
3036.TW,6515.TW,2026-03-18,-4.073059300248303,-1.1013613235002369,0.03529670104688558
3036.TW,6515.TW,2026-03-19,-2.4800249882732146,-0.721124674442068,0.03430799980201408
3036.TW,6515.TW,2026-03-20,-5.199528377913168,-1.253475099012691,0.03203254406917093
3036.TW,6515.TW,2026-03-23,-3.8277822011993123,-0.8527042878151488,0.03042528278314985
3036.TW,6515.TW,2026-03-24,-4.792922659315593,-0.9809789413063135,0.02833462628774202
3036.TW,6515.TW,2026-03-25,-1.4304189936536886,-0.13531004308012842,0.02769943150675538
3036.TW,6515.TW,2026-03-26,-0.7356508703820168,0.025418336350167752,0.02738809862143095
3036.TW,6515.TW,2026-03-27,1.7474042548254545,0.5803540215536166,0.028115420487806235
3036.TW,6515.TW,2026-03-30,1.1092042784380851,0.4875337433529247,0.028567905592625863
3036.TW,6515.TW,2026-03-31,2.204158207667831,0.7203451560716408,0.0294153898911389
3036.TW,6515.TW,2026-04-01,1.5055447249025349,0.8311590648681851,0.03002186561805744
3036.TW,6515.TW,2026-04-02,6.198011409200149,2.273395096900334,0.03227143009585958
3036.TW,6515.TW,2026-04-07,-1.622005746878159,-0.17554498864915064,0.03161390209685258
3036.TW,6515.TW,2026-04-08,-4.1359729190197925,-0.8728501021426386,0.02981663879099598
3036.TW,6515.TW,2026-04-09,-4.2844335207201425,-0.9067902780190784,0.027981581007671168
3036.TW,6515.TW,2026-04-10,-0.23683281977602633,0.3324222072146295,0.02788201570077423
3036.TW,6515.TW,2026-04-13,-3.1331174140765086,-0.6825060030750929,0.02645686028441633
3036.TW,6515.TW,2026-04-14,-0.26795246675206386,0.29503877625431807,0.026339390126730883
3036.TW,6515.TW,2026-04-15,-2.6529317702336357,-0.4567064011988261,0.025091686656095475
3036.TW,6515.TW,2026-04-16,-2.750066291019209,-0.4493097109289809,0.023721075655078156
3036.TW,6515.TW,2026-04-17,-3.0607458088136354,-0.581419373673898,0.02215979676708153
3036.TW,6515.TW,2026-04-20,-3.9849275415080285,-0.862431649965673,0.02006066528097023
3036.TW,6515.TW,2026-04-21,-0.29359201099654797,0.3325917849741376,0.019909097610755835
3036.TW,6515.TW,2026-04-22,-0.6874581291312438,0.13861052162386756,0.01955311732242752
3036.TW,6515.TW,2026-04-23,-1.2250320123751521,-0.13100105070852033,0.018918976238703186
3036.TW,6515.TW,2026-04-24,0.7785498839826062,0.5970751394320336,0.019296826585202504
3036.TW,6515.TW,2026-04-27,2.1778896308294975,1.045317514657283,0.020321010912609457
3036.TW,6515.TW,2026-04-28,-0.5237954154718807,0.08388359156055175,0.020056600719219574
3036.TW,6515.TW,2026-04-29,-0.8941098551925393,-0.019162586204043465,0.019610103908410174
3036.TW,6515.TW,2026-04-30,-0.6114308557184529,0.14998268419113428,0.01929933386385244
3036.TW,6515.TW,2026-05-04,-0.04996615779975855,0.416201573217663,0.01927330746845359
3036.TW,6515.TW,2026-05-05,1.8527450002132468,1.663480358366121,0.020172892955587236
3036.TW,6515.TW,2026-05-06,0.8685370925557265,1.042862276704834,0.02060485590986781
3036.TW,6515.TW,2026-05-07,1.9635780246703405,1.4602446419576396,0.02155388299056092
3036.TW,6515.TW,2026-05-08,5.009860326175868,2.4957600803523237,0.023936721429201474
3036.TW,6515.TW,2026-05-11,2.889397907837804,1.36623524425677,0.02538687375843593
3036.TW,6515.TW,2026-05-12,2.938073329465624,1.2560994609303067,0.026821956663146188
3036.TW,6515.TW,2026-05-13,2.2880103154289486,0.8949967916501381,0.027935054618384587
3036.TW,6515.TW,2026-05-14,-4.391858203089441,-1.8234476858405064,0.025649410513752025
3036.TW,6515.TW,2026-05-15,2.408744541213082,0.8394660066561568,0.02679189697970285
3036.TW,6515.TW,2026-05-18,-2.6246231023263817,-1.2606861739647777,0.025461805704118972
3036.TW,6515.TW,2026-05-19,3.312840839272752,1.1381488795329575,0.026998600645812595
3036.TW,6515.TW,2026-05-20,5.486946268821441,1.802509940268602,0.02948665399420855
3036.TW,6515.TW,2026-05-21,0.9110413945171558,-0.08943629727446811,0.029925515732576985
3036.TW,6515.TW,2026-05-22,4.741447844507547,1.3311346793710828,0.0319867044052059
3036.TW,6515.TW,2026-05-25,2.4302273788055118,0.3691570533009992,0.03309104198312396
3036.TW,6515.TW,2026-05-26,-1.4240078640260663,-1.0700025735626213,0.03244277195633377
3036.TW,6515.TW,2026-05-27,-4.720769729435176,-2.0247165092390342,0.030083988799521677
3036.TW,6515.TW,2026-05-28,1.7909895322019906,0.1887309138290472,0.03089323628309472
3036.TW,6515.TW,2026-05-29,3.097516008669402,0.5838235847312367,0.03225051114833434
3036.TW,6515.TW,2026-06-01,0.17346837360895506,-0.4502881893256316,0.03232818827999045
3036.TW,6515.TW,2026-06-02,5.344347931024231,1.2542040612591547,0.034547787143105926
3036.TW,6515.TW,2026-06-03,0.5485519389461047,-0.35683975531165885,0.034785435973566516
3036.TW,6515.TW,2026-06-04,-5.005488388158653,-1.8896737851136276,0.03251412612466673
3036.TW,6515.TW,2026-06-05,0.2772395108456749,-0.23316783351115358,0.03263453498094776
3036.TW,6515.TW,2026-06-08,-4.64472367840645,-1.5533579454809456,0.030611902663470216
3036.TW,6515.TW,2026-06-09,-2.407482266468776,-0.81328074686788,0.029532396690517503
3036.TW,6515.TW,2026-06-10,0.2990686788533594,0.005561514867500717,0.029657814388605173
3036.TW,6515.TW,2026-06-11,-4.8714807387795815,-1.493364480809571,0.027422792858057855
3036.TW,6515.TW,2026-06-12,-5.716977545147898,-1.529336195093225,0.024603643324716738
3036.TW,6515.TW,2026-06-15,-2.7907486916555797,-0.7219443409174289,0.0232224266107397
3036.TW,6515.TW,2026-06-16,-1.7547287007338923,-0.3764398223509726,0.022361702664174827
3036.TW,6515.TW,2026-06-17,2.6512549029648937,0.9505029557526675,0.023596352877043363
3036.TW,6515.TW,2026-06-18,0.21187052215674385,0.23825974093588947,0.023696493699287533
3036.TW,6515.TW,2026-06-22,0.4548134649471365,0.40177122254689024,0.023911797960748705
3036.TW,6515.TW,2026-06-23,-0.7006528027042691,0.08519707925364017,0.02358056585266304
3036.TW,6515.TW,2026-06-24,-0.6148019494908112,0.10018001973864185,0.023288291967599607
3036.TW,6515.TW,2026-06-25,1.396524075942665,0.6836964042191043,0.023923241434537963
3036.TW,6515.TW,2026-06-26,4.806568298205121,1.678172640537283,0.025915926368840977
3036.TW,6515.TW,2026-06-29,0.6467345770496422,0.40517061498167256,0.026187643576051297
